[kernel 0.000 boot] panic console: framebuffer at 0x4000000000 is above the boot map, armed after mm::init
[kernel 0.000 boot] serial: 16550 loopback read 0xff (absent or wrong port)
[kernel 0.000 boot] PAT: IA32_PAT=0x0007040100070406, entry 4 = WC
[kernel 0.000 boot] KernelArgs { memory_map_addr: 1672929304, memory_map_size: 2040, kernel_memory_addr: 1541406720, kernel_memory_size: 11657216, kernel_stack_addr: 3268608, kernel_stack_size: 8388608, rsdp_addr: 2495602708, initrd_addr: 1553379352, initrd_size: 82747392, init_program_addr: 1645157984, init_program_len: 37, kernel_elf_addr: 1636130840, kernel_elf_size: 3834464, gop_framebuffer: 274877906944, gop_framebuffer_size: 8294400, gop_width: 1920, gop_height: 1080, gop_stride: 1920, gop_pixel_format: 1, boot_pml4_addr: 1672876032, boot_partition_start_lba: 2048, boot_partition_blocks: 181136, boot_partition_guid: [192, 220, 226, 252, 233, 180, 121, 72, 145, 90, 7, 246, 6, 119, 182, 10], boot_partition_present: 1, log_partition_guid: [69, 97, 83, 174, 254, 222, 49, 72, 185, 195, 207, 109, 146, 195, 68, 96], rtc_utc_offset_minutes: 0, rtc_utc_offset_known: 0 }
[kernel 0.000 boot] ACPI: MADT cpus=[0, 2, 4, 6, 1, 3, 5, 7]
[kernel 0.000 boot] LAPIC: x2APIC enabled (ID 0)
[kernel 0.000 cpu0] percpu: BSP cpu_id=0 lapic_id=0 smep=on smap=on pcid=on
[kernel 0.000 cpu0] ioapic: id=2 at 0xfec00000 ver=0x20 gsi 0..119 masked 120/120
[kernel 0.000 cpu0] ioapic: iso bus:irq->gsi [0:0->2 edge/high, 0:9->9 level/high]
[kernel 0.000 cpu0] symbols: loaded 5152 kernel symbols
[kernel 0.000 cpu0] ACPI: HPET at 0xfed00000
[kernel 0.050 cpu0] TSC: 2419MHz (period=413293fs, calibrated over 50ms)
[kernel 0.050 cpu0] ACPI: the FADT puts the RTC century register at CMOS 0x32
[kernel 0.050 cpu0] clock: the RTC reads 2026-08-08 11:56:16; firmware named no zone, so it is taken as UTC
[kernel 0.060 cpu0] LAPIC timer: 384065 ticks/10ms
[kernel 0.060 cpu0] Boot: CPU ready (60ms)
[kernel 0.065 cpu0] ACPI: RSDP at 0x94bfe014
[kernel 0.065 cpu0] ACPI: MCFG found at 0x8f428000
[kernel 0.065 cpu0] ACPI: ECAM base address: 0xc0000000
[kernel 0.065 cpu0] PCI: Enumerating devices...
[kernel 0.065 cpu0]   PCI 00:00.0 [0600] vendor=8086 device=9a14 prog_if=00
[kernel 0.065 cpu0]   PCI 00:02.0 [0300] vendor=8086 device=9a49 prog_if=00
[kernel 0.065 cpu0]   PCI 00:04.0 [1180] vendor=8086 device=9a03 prog_if=00
[kernel 0.065 cpu0]   PCI 00:06.0 [0604] vendor=8086 device=9a09 prog_if=00
[kernel 0.065 cpu0]   PCI 00:07.0 [0604] vendor=8086 device=9a25 prog_if=00
[kernel 0.065 cpu0]   PCI 00:07.2 [0604] vendor=8086 device=9a27 prog_if=00
[kernel 0.065 cpu0]   PCI 00:0a.0 [1180] vendor=8086 device=9a0d prog_if=00
[kernel 0.065 cpu0]   PCI 00:0d.0 [0c03] vendor=8086 device=9a13 prog_if=30
[kernel 0.066 cpu0]   PCI 00:0d.2 [0c03] vendor=8086 device=9a1b prog_if=40
[kernel 0.066 cpu0]   PCI 00:0d.3 [0c03] vendor=8086 device=9a1d prog_if=40
[kernel 0.066 cpu0]   PCI 00:14.0 [0c03] vendor=8086 device=a0ed prog_if=30
[kernel 0.066 cpu0]   PCI 00:14.2 [0500] vendor=8086 device=a0ef prog_if=00
[kernel 0.066 cpu0]   PCI 00:16.0 [0780] vendor=8086 device=a0e0 prog_if=00
[kernel 0.066 cpu0]   PCI 00:1c.0 [0604] vendor=8086 device=a0b8 prog_if=00
[kernel 0.066 cpu0]   PCI 00:1c.4 [0604] vendor=8086 device=a0bc prog_if=00
[kernel 0.066 cpu0]   PCI 00:1c.7 [0604] vendor=8086 device=a0bf prog_if=00
[kernel 0.066 cpu0]   PCI 00:1f.0 [0601] vendor=8086 device=a082 prog_if=00
[kernel 0.066 cpu0]   PCI 00:1f.3 [0403] vendor=8086 device=a0c8 prog_if=80
[kernel 0.066 cpu0]   PCI 00:1f.4 [0c05] vendor=8086 device=a0a3 prog_if=00
[kernel 0.066 cpu0]   PCI 00:1f.5 [0c80] vendor=8086 device=a0a4 prog_if=00
[kernel 0.066 cpu0]   PCI 00:1f.6 [0200] vendor=8086 device=15fc prog_if=00
[kernel 0.067 cpu0]   PCI 04:00.0 [0108] vendor=1c5c device=1327 prog_if=02
[kernel 0.069 cpu0]   PCI 09:00.0 [0280] vendor=8086 device=2725 prog_if=00
[kernel 0.072 cpu0]   PCI 0a:00.0 [0805] vendor=17a0 device=9750 prog_if=01
[kernel 0.145 cpu0] PCI: Enumeration complete, 24 functions.
[kernel 0.145 cpu0] iommu: DMAR haw=39 flags=0x05 intr_remap=y x2apic_opt_out=n dma_ctrl_opt_in=y
[kernel 0.145 cpu0] iommu: unit0 @0xfed90000 seg=0 pci_all=n ver=4.0 cap=0x01c0000c40660462 ecap=0x0000029a00f0505e aw=48 sagaw=0x04 mgaw=39 nd=256 sps2m=y cm=n psi=n nfr=1 fro=0x400 qi=y ir=y eim=y pt=y coherent=n sc=n
[kernel 0.145 cpu0] iommu: unit0 scope pci-endpoint 00:02.0 id=0
[kernel 0.147 cpu0] iommu: identity domain aw=48 covers 0x0..0x45f800000 in 8956 2 MiB leaves
[kernel 0.148 cpu0] iommu: unit0 @0xfed90000 translating gsts=0xc4000000 tes=y qies=y root=0x1014000 domain=1 aw=48 streams=24
[kernel 0.148 cpu0] iommu: unit1 @0xfed85000 seg=0 pci_all=n ver=1.0 cap=0x00d2008c40660462 ecap=0x0000000000f050da aw=48 sagaw=0x04 mgaw=39 nd=256 sps2m=y cm=n psi=y nfr=1 fro=0x400 qi=y ir=y eim=y pt=y coherent=n sc=y
[kernel 0.148 cpu0] iommu: unit1 scope pci-bridge 00:07.0 id=0
[kernel 0.148 cpu0] iommu: unit1 @0xfed85000 translating gsts=0xc4000000 tes=y qies=y root=0x101b000 domain=1 aw=48 streams=24
[kernel 0.148 cpu0] iommu: unit2 @0xfed86000 seg=0 pci_all=n ver=1.0 cap=0x00d2008c40660462 ecap=0x0000000000f050da aw=48 sagaw=0x04 mgaw=39 nd=256 sps2m=y cm=n psi=y nfr=1 fro=0x400 qi=y ir=y eim=y pt=y coherent=n sc=y
[kernel 0.148 cpu0] iommu: unit2 scope pci-bridge 00:07.2 id=0
[kernel 0.148 cpu0] iommu: unit2 @0xfed86000 translating gsts=0xc4000000 tes=y qies=y root=0x1022000 domain=1 aw=48 streams=24
[kernel 0.148 cpu0] iommu: unit3 @0xfed91000 seg=0 pci_all=y ver=1.0 cap=0x00d2008c40660462 ecap=0x0000000000f050da aw=48 sagaw=0x04 mgaw=39 nd=256 sps2m=y cm=n psi=y nfr=1 fro=0x400 qi=y ir=y eim=y pt=y coherent=n sc=y
[kernel 0.148 cpu0] iommu: unit3 scope ioapic 00:1e.7 id=2
[kernel 0.148 cpu0] iommu: unit3 scope hpet 00:1e.6 id=0
[kernel 0.148 cpu0] iommu: unit3 @0xfed91000 translating gsts=0xc4000000 tes=y qies=y root=0x1029000 domain=1 aw=48 streams=24
[kernel 0.148 cpu0] iommu: rmrr0 seg=0 0x000000009c000000..0x00000000a07fffff
[kernel 0.148 cpu0] iommu: rmrr0 scope pci-endpoint 00:02.0 id=0
[kernel 0.148 cpu0] file cache: budget 63848 pages (249 MiB)
[kernel 0.148 cpu0] gpt: the boot volume names AE536145-DEFE-4831-B9C3-CF6D92C34460 as the log partition
[kernel 0.148 cpu0] gpt: firmware booted us from partition FCE2DCC0-B4E9-4879-915A-07F60677B60A at LBA 2048+181136
[kernel 0.148 cpu0] NVMe: found at PCI 04:00.0
[kernel 0.148 cpu0] NVMe: BAR0=0xbce00000
[kernel 0.148 cpu0] NVMe: controller enabled
[kernel 0.149 cpu0] NVMe: NS1 size=500118192 sectors, sector_size=512
[kernel 0.149 cpu0] NVMe: block device id=1 blocks=62514774 (244198MB)
[kernel 0.149 cpu0] gpt: device 1 has 4 partitions and none of them is ours
[kernel 0.149 cpu0] page cache: 62514774 device blocks, index sized for 7168 cached blocks, cap 4096 slots
[kernel 0.149 cpu0] storage: no ToyOS volume and no designation stamp at block 0 — this disk is not ours and nothing will be written to it
[kernel 0.149 cpu0] Boot: storage ready (84ms)
[kernel 0.160 cpu0] xHCI: found at PCI 00:0d.0
[kernel 0.160 cpu0] xHCI: BAR0=0x603dbb0000
[kernel 0.160 cpu0] xHCI: MSI enabled (vector 0x21)
[kernel 0.160 cpu0] xHCI: max_slots=64 max_ports=5 ctx_size=32 pagesize=0x1
[kernel 0.160 cpu0] xHCI: dma 2048 KiB: scratchpad=34 device blocks=64 of 12288 B (max_slots=64)
[kernel 0.160 cpu0] xHCI: firmware did not claim the controller (USBLEGSUP 0x01002201)
[kernel 0.160 cpu0] xHCI: USBLEGCTLSTS 0xe0000000 -> 0x00000000 (SMI generation off)
[kernel 0.160 cpu0] xHCI: USB 2.0 on ports 1..=1
[kernel 0.160 cpu0] xHCI: USB 3.1 on ports 2..=5
[kernel 0.160 cpu0] xHCI: 1 USB2 and 4 USB3 port register(s) of 5 named, 0 capability(ies) refused
[kernel 0.160 cpu0] xHCI: controller reset
[kernel 0.160 cpu0] xHCI: 34 scratchpad buffers configured
[kernel 0.160 cpu0] xHCI: controller started
[kernel 0.160 cpu0] xHCI: 5/5 root-hub ports powered (PPC=0)
[kernel 0.160 cpu0] xHCI: found at PCI 00:14.0
[kernel 0.160 cpu0] xHCI: BAR0=0x603dba0000
[kernel 0.160 cpu0] xHCI: MSI enabled (vector 0x21)
[kernel 0.160 cpu0] xHCI: max_slots=64 max_ports=16 ctx_size=32 pagesize=0x1
[kernel 0.160 cpu0] xHCI: dma 2048 KiB: scratchpad=34 device blocks=64 of 12288 B (max_slots=64)
[kernel 0.161 cpu0] xHCI: firmware did not claim the controller (USBLEGSUP 0x01002201)
[kernel 0.161 cpu0] xHCI: USBLEGCTLSTS 0xe0000000 -> 0x00000000 (SMI generation off)
[kernel 0.161 cpu0] xHCI: USB 2.0 on ports 1..=12
[kernel 0.161 cpu0] xHCI: USB 3.1 on ports 13..=16
[kernel 0.161 cpu0] xHCI: 12 USB2 and 4 USB3 port register(s) of 16 named, 0 capability(ies) refused
[kernel 0.161 cpu0] xHCI: controller reset
[kernel 0.161 cpu0] xHCI: 34 scratchpad buffers configured
[kernel 0.161 cpu0] xHCI: controller started
[kernel 0.161 cpu0] xHCI: 16/16 root-hub ports powered (PPC=0)
[kernel 0.282 cpu0] xHCI: no HID devices on the controller at 00:0d.0
[kernel 0.283 cpu0] xHCI: port 3 connected
[kernel 0.338 cpu0] xHCI: port 3 enabled, speed=1
[kernel 0.338 cpu0] xHCI: slot 1 enabled (dma +0x50000)
[kernel 0.338 cpu0] xHCI: device addressed
[kernel 0.338 cpu0] xHCI: device class=0xff vendor=06cb product=00bd
[kernel 0.339 cpu0] xHCI: no HID boot interface found on port 3, skipping it
[kernel 0.339 cpu0] xHCI: port 4 connected
[kernel 0.394 cpu0] xHCI: port 4 enabled, speed=3
[kernel 0.394 cpu0] xHCI: slot 2 enabled (dma +0x53000)
[kernel 0.394 cpu0] xHCI: device addressed
[kernel 0.394 cpu0] xHCI: device class=0xef vendor=13d3 product=5406
[kernel 0.394 cpu0] xHCI: no HID boot interface found on port 4, skipping it
[kernel 0.394 cpu0] xHCI: port 6 connected
[kernel 0.478 cpu0] xHCI: port 6 enabled, speed=3
[kernel 0.478 cpu0] xHCI: slot 3 enabled (dma +0x56000)
[kernel 0.540 cpu0] xHCI: device addressed
[kernel 0.540 cpu0] xHCI: device class=0x0 vendor=0781 product=5581
[kernel 0.540 cpu0] xHCI: mass storage iface=0 in=0x81/512 out=0x2/512
[kernel 0.540 cpu0] xHCI: configuration set
[kernel 0.540 cpu0] xHCI: endpoint configured
[kernel 0.541 cpu0] usb-storage: slot 3 vendor "SanDisk." product "Ultra..........."
[kernel 0.541 cpu0] usb-storage: disk 0 ready on slot 3, 7507812 blocks of 512 B (29327 MiB), msc_block +0x30000
[kernel 0.541 cpu0] xHCI: port 9 connected
[kernel 0.596 cpu0] xHCI: port 9 enabled, speed=1
[kernel 0.596 cpu0] xHCI: slot 4 enabled (dma +0x59000)
[kernel 0.596 cpu0] xHCI: device addressed
[kernel 0.597 cpu0] xHCI: device class=0x0 vendor=058f product=9540
[kernel 0.602 cpu0] xHCI: no HID boot interface found on port 9, skipping it
[kernel 0.602 cpu0] xHCI: port 10 connected
[kernel 0.657 cpu0] xHCI: port 10 enabled, speed=1
[kernel 0.657 cpu0] xHCI: slot 5 enabled (dma +0x5c000)
[kernel 0.657 cpu0] xHCI: device addressed
[kernel 0.657 cpu0] xHCI: port 10 EP0 packet size 8 -> 64
[kernel 0.657 cpu0] xHCI: device class=0xe0 vendor=8087 product=0032
[kernel 0.658 cpu0] xHCI: no HID boot interface found on port 10, skipping it
[kernel 0.658 cpu0] xHCI: no HID devices on the controller at 00:14.0
[kernel 0.658 cpu0] xHCI: 2 controller(s), 0 HID device(s)
[kernel 0.658 cpu0] usb-storage: 1 device(s)
[kernel 0.670 cpu0] gpt: device 16 carries the log partition AE536145-DEFE-4831-B9C3-CF6D92C34460 at LBA 184320+69632, entry 1 of 2
[kernel 0.670 cpu0] gpt: device 16 carries the boot partition at LBA 2048+181136 (512-byte blocks), entry 0 of 2 on disk 6132B94B-D792-4199-A7BA-954CE184A20C
[kernel 0.670 cpu0] i8042: FADT rev 6 iapc_boot_arch=0x0011, bit 1 (8042) clear — probing either way
[kernel 0.671 cpu0] i8042: ok selftest=0x55 cfg=0x77->0x64 port1=ok port2=ok
[kernel 0.671 cpu0] i8042: kbd will not report its scancode set (0xF0 0x00 answered 0xee); firmware's own cfg 0x77 has translate on, so the wire is set 1
[kernel 1.063 cpu0] i8042: kbd set2+xlat (assumed, the set query was refused) scanning on, GSI 1 -> vec 0x24 apic 0 on
[kernel 1.063 cpu0] i8042: aux rate=100 res=8/mm, GSI 12 -> vec 0x24 apic 0
[kernel 1.064 cpu0] ACPI: PM1a=0x1804 SLP_TYPa=7
[kernel 1.064 cpu0] Boot: peripherals ready (903ms)
[kernel 1.086 cpu0] SMP: AP cpu1 lapic=2 online
[kernel 1.098 cpu0] SMP: AP cpu2 lapic=4 online
[kernel 1.110 cpu0] SMP: AP cpu3 lapic=6 online
[kernel 1.123 cpu0] SMP: AP cpu4 lapic=1 online
[kernel 1.135 cpu0] SMP: AP cpu5 lapic=3 online
[kernel 1.147 cpu0] SMP: AP cpu6 lapic=5 online
[kernel 1.159 cpu0] SMP: AP cpu7 lapic=7 online
[kernel 1.159 cpu0] storage: /home is a tmpfs — it will not survive a reboot
[kernel 1.160 cpu0] boot-volume: partition mounted, 92741632 bytes of a 92741632-byte partition at device offset 1048576, 512-byte sectors, 512-byte clusters, 178340 clusters
[kernel 1.160 cpu0] log-volume: partition mounted, 35651584 bytes of a 35651584-byte partition at device offset 94371840, 512-byte sectors, 512-byte clusters, 68552 clusters
[kernel 1.167 cpu0] log-file: this boot's kernel log is /log/2026-08-08-115617.log
[kernel 1.167 cpu0] Boot: subsystems ready (93ms)
[kernel 1.180 cpu0] virtio-console: no device found
[kernel 1.184 cpu0] VirtIO net: no device found
[kernel 1.193 cpu0] hda: 00:1f.3 8086:a0c8 version 1.0 gcap=0x9701 statests=0x0005
[kernel 1.193 cpu0] hda: 00:1f.3 bound, statests=0x0005, output stream 7 at 0x160, tag 1, 8 periods of 512 bytes
[kernel 1.197 cpu0] GPU: using UEFI GOP
[kernel 1.197 cpu0] GOP: 1920x1080 stride=1920 format=1 at 0x4000000000 tokens=[SharedToken(2), SharedToken(3)]
[kernel 1.197 cpu0] GOP: scanout memory type WC (MTRR UC, PAT entry 4)
[kernel 1.197 cpu0] mouse: rel scale x=36 y=64 (screen 1920x1080)
[kernel 1.197 cpu0] Boot: devices ready (20ms)
[kernel 1.209 cpu0] ELF: 9110 relocations indexed (RELATIVE + GLOB_DAT + TPOFF)
[kernel 1.209 cpu0] spawn: TLS 1 modules, total_memsz=144
[kernel 1.210 cpu0] spawn: /bin/compositor pid=0 tid=0 base=0x10000000000 entry=0x100001e81e4 cr3=0x1e24000 symbols=2048KiB (layout=0ms relocs=0ms deps=0ms tls=1ms total=2ms)
[kernel 1.210 cpu0] spawned /bin/compositor pid=0
[kernel 1.210 cpu0] ELF: 3162 relocations indexed (RELATIVE + GLOB_DAT + TPOFF)
[kernel 1.210 cpu0] spawn: TLS 1 modules, total_memsz=144
[kernel 1.211 cpu0] spawn: /bin/soundd pid=1 tid=0 base=0x10000000000 entry=0x10000038b04 cr3=0xdf9000 symbols=2048KiB (layout=0ms relocs=0ms deps=0ms tls=0ms total=1ms)
[kernel 1.211 cpu0] spawned /bin/soundd pid=1
[kernel 1.212 cpu0] ELF: 3167 relocations indexed (RELATIVE + GLOB_DAT + TPOFF)
[kernel 1.212 cpu0] spawn: TLS 1 modules, total_memsz=144
[kernel 1.212 cpu0] spawn: /bin/netd pid=2 tid=0 base=0x10000000000 entry=0x1000003a0a4 cr3=0x1e57000 symbols=2048KiB (layout=0ms relocs=0ms deps=0ms tls=0ms total=1ms)
[kernel 1.212 cpu0] spawned /bin/netd pid=2
[kernel 1.212 cpu0] log: no serial console - this boot is in /log/2026-08-08-115617.log and on the screen
[kernel 1.212 cpu0] Boot: complete (1212ms)
[kernel 1.221 cpu4] CPU 4: joining scheduler
[kernel 1.221 cpu6] CPU 6: joining scheduler
[kernel 1.221 cpu2] CPU 2: joining scheduler
[kernel 1.221 cpu1] CPU 1: joining scheduler
[kernel 1.221 cpu4] sched: cpu=4 ready=0 parked=0 current=None
[kernel 1.221 cpu0] sched: cpu=0 ready=0 parked=0 current=None
[kernel 1.221 cpu2] sched: cpu=2 ready=0 parked=0 current=None
[kernel 1.221 cpu6] sched: cpu=6 ready=0 parked=0 current=None
[kernel 1.221 cpu5] CPU 5: joining scheduler
[kernel 1.221 cpu1] sched: cpu=1 ready=0 parked=0 current=None
[kernel 1.221 cpu3] CPU 3: joining scheduler
[kernel 1.221 cpu7] CPU 7: joining scheduler
[kernel 1.221 cpu5] sched: cpu=5 ready=0 parked=0 current=None
[kernel 1.221 cpu3] sched: cpu=3 ready=0 parked=0 current=None
[kernel 1.221 cpu7] sched: cpu=7 ready=0 parked=0 current=None
[kernel 1.221 cpu3] i8042: armed at 1063ms, idle at 1221ms, 0 interrupts — the pin has never asserted (kbd GSI 1, aux GSI 12)
netd: no NIC on this machine, exiting
[kernel 1.223 cpu2 tid=0] syscalls: pid=2 total=7 syscall_wall=0ms 0=1 6=1 31=1 63=1
[kernel 1.223 cpu2 tid=0] memory: pid=2 peak=2MB allocs=2 frees=0
[kernel 1.223 cpu2 tid=0] exit: netd pid=2 code=0 cpu=1ms
[kernel 1.229 cpu0 tid=0] shm: 0x4000000000 mapped WriteCombining into pid 0
soundd: hda codec0 vendor=10ec device=0257, 1 function group(s)
soundd: hda codec2 vendor=8086 device=2812, 1 function group(s)
soundd: hda codec0 group 0x01 converter 0x02 -> pin 0x14 (speaker), headphone 0x21, format 0x2011 (44100 Hz 2 ch 16-bit)
soundd: hda path configured in 14 verbs, stream tag 1
soundd: ready, 8 buffers, 44100Hz 2ch, 512 bytes/period, 128 frames/period
soundd: suspended
[kernel 1.388 cpu4] usb-storage: disk 0 does not implement SYNCHRONIZE CACHE (sense 0x05/0x20/0x00); its writes are durable once they complete
compositor: wallpaper 1920x1080, scaling to 1920x1080
compositor: at most 221 windows (8 MiB each of 15962 MiB total)
compositor: ready
[kernel 1.472 cpu0 tid=0] ELF: 3548 relocations indexed (RELATIVE + GLOB_DAT + TPOFF)
[kernel 1.472 cpu0 tid=0] spawn: TLS 1 modules, total_memsz=144
[kernel 1.472 cpu0 tid=0] spawn: /bin/filepicker pid=3 tid=0 base=0x10000000000 entry=0x10000017df4 cr3=0x1ea9000 symbols=2048KiB (layout=0ms relocs=0ms deps=0ms tls=1ms total=1ms)
[kernel 1.472 cpu4] heartbeat: t=1.472s alive=8/8 mask=0xff ran=4 gap=0.250s
[kernel 1.472 cpu4] i8042: line status=0x1c irqs=0 bytes=0 kbd gsi=1 rte=0x0000000000000024 aux gsi=12 rte=0x0000000000000024
[kernel 1.752 cpu1] heartbeat: t=1.752s alive=8/8 mask=0xff ran=2 gap=0.279s
[kernel 1.752 cpu1] i8042: line status=0x1c irqs=0 bytes=0 kbd gsi=1 rte=0x0000000000000024 aux gsi=12 rte=0x0000000000000024
[kernel 2.015 cpu4] heartbeat: t=2.015s alive=7/8 mask=0xfe ran=0 gap=0.263s
[kernel 2.015 cpu4] i8042: line status=0x1c irqs=0 bytes=0 kbd gsi=1 rte=0x0000000000000024 aux gsi=12 rte=0x0000000000000024
[kernel 2.015 cpu4] heartbeat: cpu0 last reached one 0.506s ago
[kernel 2.288 cpu5] heartbeat: t=2.288s alive=7/8 mask=0xfe ran=0 gap=0.273s
[kernel 2.288 cpu5] i8042: line status=0x1c irqs=0 bytes=0 kbd gsi=1 rte=0x0000000000000024 aux gsi=12 rte=0x0000000000000024
[kernel 2.289 cpu5] heartbeat: cpu0 last reached one 0.779s ago
[kernel 2.559 cpu1] heartbeat: t=2.559s alive=7/8 mask=0xfe ran=0 gap=0.270s
[kernel 2.559 cpu1] i8042: line status=0x1c irqs=0 bytes=0 kbd gsi=1 rte=0x0000000000000024 aux gsi=12 rte=0x0000000000000024
[kernel 2.559 cpu1] heartbeat: cpu0 last reached one 1.050s ago
[kernel 2.789 cpu6] i8042: the pin asserts — 3 interrupts, 3 bytes, 0 keys, 1 motion, first seen at 2781ms
[kernel 2.824 cpu1] heartbeat: t=2.824s alive=7/8 mask=0xfe ran=0 gap=0.264s
[kernel 2.824 cpu1] i8042: line status=0x3c irqs=12 bytes=9 kbd gsi=1 rte=0x0000000000000024 aux gsi=12 rte=0x0000000000000024
[kernel 2.824 cpu1] heartbeat: cpu0 last reached one 1.315s ago
[kernel 3.089 cpu3] heartbeat: t=3.089s alive=7/8 mask=0xfe ran=0 gap=0.265s
[kernel 3.089 cpu3] i8042: line status=0x3c irqs=71 bytes=71 kbd gsi=1 rte=0x0000000000000024 aux gsi=12 rte=0x0000000000000024
[kernel 3.089 cpu3] heartbeat: cpu0 last reached one 1.580s ago
[kernel 3.358 cpu1] heartbeat: t=3.358s alive=7/8 mask=0xfe ran=0 gap=0.269s
[kernel 3.358 cpu1] i8042: line status=0x3c irqs=102 bytes=102 kbd gsi=1 rte=0x0000000000000024 aux gsi=12 rte=0x0000000000000024
[kernel 3.358 cpu1] heartbeat: cpu0 last reached one 1.849s ago
[kernel 3.610 cpu3] heartbeat: t=3.610s alive=7/8 mask=0xfe ran=0 gap=0.252s
[kernel 3.610 cpu3] i8042: line status=0x3c irqs=138 bytes=135 kbd gsi=1 rte=0x0000000000000024 aux gsi=12 rte=0x0000000000000024
[kernel 3.610 cpu3] heartbeat: cpu0 last reached one 2.101s ago
[kernel 3.886 cpu1] heartbeat: t=3.886s alive=7/8 mask=0xfe ran=0 gap=0.276s
[kernel 3.886 cpu1] i8042: line status=0x3c irqs=201 bytes=195 kbd gsi=1 rte=0x0000000000000024 aux gsi=12 rte=0x0000000000000024
[kernel 3.886 cpu1] heartbeat: cpu0 last reached one 2.377s ago
[kernel 4.159 cpu4] heartbeat: t=4.159s alive=7/8 mask=0xfe ran=0 gap=0.273s
[kernel 4.159 cpu4] i8042: line status=0x3c irqs=258 bytes=258 kbd gsi=1 rte=0x0000000000000024 aux gsi=12 rte=0x0000000000000024
[kernel 4.159 cpu4] heartbeat: cpu0 last reached one 2.650s ago
[kernel 4.415 cpu6] heartbeat: t=4.415s alive=7/8 mask=0xfe ran=0 gap=0.256s
[kernel 4.415 cpu6] i8042: line status=0x3c irqs=282 bytes=282 kbd gsi=1 rte=0x0000000000000024 aux gsi=12 rte=0x0000000000000024
[kernel 4.415 cpu6] heartbeat: cpu0 last reached one 2.906s ago
[kernel 4.670 cpu4] heartbeat: t=4.670s alive=7/8 mask=0xfe ran=0 gap=0.254s
[kernel 4.670 cpu4] i8042: line status=0x3c irqs=282 bytes=282 kbd gsi=1 rte=0x0000000000000024 aux gsi=12 rte=0x0000000000000024
[kernel 4.670 cpu4] heartbeat: cpu0 last reached one 3.161s ago
[kernel 4.924 cpu6] heartbeat: t=4.924s alive=7/8 mask=0xfe ran=0 gap=0.254s
[kernel 4.924 cpu6] i8042: line status=0x3c irqs=282 bytes=282 kbd gsi=1 rte=0x0000000000000024 aux gsi=12 rte=0x0000000000000024
[kernel 4.925 cpu6] heartbeat: cpu0 last reached one 3.415s ago
[kernel 5.182 cpu6] heartbeat: t=5.182s alive=7/8 mask=0xfe ran=0 gap=0.257s
[kernel 5.182 cpu6] i8042: line status=0x1c irqs=284 bytes=284 kbd gsi=1 rte=0x0000000000000024 aux gsi=12 rte=0x0000000000000024
[kernel 5.182 cpu6] heartbeat: cpu0 last reached one 3.673s ago
[kernel 5.301 cpu1] === blocked-task dump: 8 cpu(s), and this report takes the screen ===
[kernel 5.301 cpu1]   cpu1 running nothing
[kernel 5.301 cpu5]   cpu5 running nothing
[kernel 5.301 cpu1]   cpu1 pid=1 tid=0 io parked 4068ms no deadline rt
[kernel 5.301 cpu2]   cpu2 running nothing
[kernel 5.301 cpu3]   cpu3 running nothing
[kernel 5.301 cpu7]   cpu7 running nothing
[kernel 5.301 cpu6]   cpu6 running nothing
[kernel 5.301 cpu3]   cpu3 pid=1 tid=1 io parked 4068ms no deadline
[kernel 5.347 cpu4]   cpu4 running nothing
[kernel 5.347 cpu4]   cpu4 pid=3 tid=0 ipc parked 3832ms no deadline
[kernel 5.447 cpu7] heartbeat: t=5.447s alive=7/8 mask=0xfe ran=0 gap=0.265s
[kernel 5.447 cpu7] i8042: line status=0x1c irqs=285 bytes=285 kbd gsi=1 rte=0x0000000000000024 aux gsi=12 rte=0x0000000000000024
[kernel 5.448 cpu7] heartbeat: cpu0 last reached one 3.938s ago
[kernel 5.551 cpu1]   cpu0 !! no answer: it did not reach a scheduler pass
[kernel 5.551 cpu1]   cpu0 NMI answered, it is here:
[kernel 5.551 cpu1]     0xffff80005bee6c9d  kernel::arch::apic::arm_one_shot+0x8d
[kernel 5.551 cpu1]   ready: pid=0 tid=0 compositor cpu=253ms
[kernel 5.551 cpu1] == census: 4 thread(s) — 0 running, 1 ready, 3 blocked, 0 zombie, 0 unscheduled
[kernel 5.551 cpu1] == sched: 7/8 cpu(s) answered — 0 running, 0 queued, 3 parked
[kernel 5.551 cpu1] == deadlines: 3 event-only, 0 pending, 0 OVERDUE, 0 ABSURD
[kernel 5.551 cpu1] == VERDICT: 0 overdue, 0 absurd, 1 unheld, 0 never ran (of the cpus that answered)
[kernel 5.551 cpu1] === end of dump ===
[kernel 5.724 cpu4] heartbeat: t=5.724s alive=7/8 mask=0xfe ran=0 gap=0.276s
[kernel 5.724 cpu4] i8042: line status=0x1c irqs=288 bytes=288 kbd gsi=1 rte=0x0000000000000024 aux gsi=12 rte=0x0000000000000024
[kernel 5.724 cpu4] heartbeat: cpu0 last reached one 4.215s ago
[kernel 5.990 cpu7] heartbeat: t=5.990s alive=7/8 mask=0xfe ran=0 gap=0.265s
[kernel 5.990 cpu7] i8042: line status=0x1c irqs=288 bytes=288 kbd gsi=1 rte=0x0000000000000024 aux gsi=12 rte=0x0000000000000024
[kernel 5.990 cpu7] heartbeat: cpu0 last reached one 4.481s ago
[kernel 6.246 cpu4] heartbeat: t=6.246s alive=7/8 mask=0xfe ran=0 gap=0.255s
[kernel 6.246 cpu4] i8042: line status=0x1c irqs=288 bytes=288 kbd gsi=1 rte=0x0000000000000024 aux gsi=12 rte=0x0000000000000024
[kernel 6.246 cpu4] heartbeat: cpu0 last reached one 4.737s ago
[kernel 6.509 cpu7] heartbeat: t=6.509s alive=7/8 mask=0xfe ran=0 gap=0.263s
[kernel 6.509 cpu7] i8042: line status=0x1c irqs=288 bytes=288 kbd gsi=1 rte=0x0000000000000024 aux gsi=12 rte=0x0000000000000024
[kernel 6.509 cpu7] heartbeat: cpu0 last reached one 5.000s ago
[kernel 6.772 cpu4] heartbeat: t=6.772s alive=7/8 mask=0xfe ran=0 gap=0.262s
[kernel 6.772 cpu4] i8042: line status=0x1c irqs=288 bytes=288 kbd gsi=1 rte=0x0000000000000024 aux gsi=12 rte=0x0000000000000024
[kernel 6.772 cpu4] heartbeat: cpu0 last reached one 5.263s ago
[kernel 7.024 cpu7] heartbeat: t=7.024s alive=7/8 mask=0xfe ran=0 gap=0.251s
[kernel 7.024 cpu7] i8042: line status=0x1c irqs=288 bytes=288 kbd gsi=1 rte=0x0000000000000024 aux gsi=12 rte=0x0000000000000024
[kernel 7.024 cpu7] heartbeat: cpu0 last reached one 5.515s ago
[kernel 7.283 cpu4] heartbeat: t=7.283s alive=7/8 mask=0xfe ran=0 gap=0.259s
[kernel 7.283 cpu4] i8042: line status=0x1c irqs=288 bytes=288 kbd gsi=1 rte=0x0000000000000024 aux gsi=12 rte=0x0000000000000024
[kernel 7.283 cpu4] heartbeat: cpu0 last reached one 5.774s ago
[kernel 7.548 cpu3] heartbeat: t=7.548s alive=7/8 mask=0xfe ran=0 gap=0.264s
[kernel 7.548 cpu3] i8042: line status=0x1c irqs=288 bytes=288 kbd gsi=1 rte=0x0000000000000024 aux gsi=12 rte=0x0000000000000024
[kernel 7.548 cpu3] heartbeat: cpu0 last reached one 6.039s ago
[kernel 7.811 cpu3] heartbeat: t=7.811s alive=7/8 mask=0xfe ran=0 gap=0.263s
[kernel 7.811 cpu3] i8042: line status=0x1c irqs=288 bytes=288 kbd gsi=1 rte=0x0000000000000024 aux gsi=12 rte=0x0000000000000024
[kernel 7.811 cpu3] heartbeat: cpu0 last reached one 6.302s ago
[kernel 8.063 cpu3] heartbeat: t=8.063s alive=7/8 mask=0xfe ran=0 gap=0.251s
[kernel 8.063 cpu3] i8042: line status=0x1c irqs=288 bytes=288 kbd gsi=1 rte=0x0000000000000024 aux gsi=12 rte=0x0000000000000024
[kernel 8.063 cpu3] heartbeat: cpu0 last reached one 6.554s ago
[kernel 8.313 cpu3] heartbeat: t=8.313s alive=7/8 mask=0xfe ran=0 gap=0.250s
[kernel 8.313 cpu3] i8042: line status=0x1c irqs=288 bytes=288 kbd gsi=1 rte=0x0000000000000024 aux gsi=12 rte=0x0000000000000024
[kernel 8.313 cpu3] heartbeat: cpu0 last reached one 6.804s ago
[kernel 8.588 cpu4] heartbeat: t=8.588s alive=7/8 mask=0xfe ran=0 gap=0.275s
[kernel 8.588 cpu4] i8042: line status=0x1c irqs=288 bytes=288 kbd gsi=1 rte=0x0000000000000024 aux gsi=12 rte=0x0000000000000024
[kernel 8.589 cpu4] heartbeat: cpu0 last reached one 7.079s ago
[kernel 8.853 cpu2] heartbeat: t=8.853s alive=7/8 mask=0xfe ran=0 gap=0.264s
[kernel 8.853 cpu2] i8042: line status=0x1c irqs=288 bytes=288 kbd gsi=1 rte=0x0000000000000024 aux gsi=12 rte=0x0000000000000024
[kernel 8.853 cpu2] heartbeat: cpu0 last reached one 7.344s ago
[kernel 9.124 cpu4] heartbeat: t=9.124s alive=7/8 mask=0xfe ran=0 gap=0.271s
[kernel 9.124 cpu4] i8042: line status=0x1c irqs=288 bytes=288 kbd gsi=1 rte=0x0000000000000024 aux gsi=12 rte=0x0000000000000024
[kernel 9.124 cpu4] heartbeat: cpu0 last reached one 7.615s ago
[kernel 9.394 cpu5] heartbeat: t=9.394s alive=7/8 mask=0xfe ran=0 gap=0.269s
[kernel 9.394 cpu5] i8042: line status=0x1c irqs=288 bytes=288 kbd gsi=1 rte=0x0000000000000024 aux gsi=12 rte=0x0000000000000024
[kernel 9.394 cpu5] heartbeat: cpu0 last reached one 7.885s ago
[kernel 9.655 cpu1] heartbeat: t=9.655s alive=7/8 mask=0xfe ran=0 gap=0.261s
[kernel 9.655 cpu1] i8042: line status=0x1c irqs=288 bytes=288 kbd gsi=1 rte=0x0000000000000024 aux gsi=12 rte=0x0000000000000024
[kernel 9.655 cpu1] heartbeat: cpu0 last reached one 8.146s ago
[kernel 9.920 cpu2] heartbeat: t=9.920s alive=7/8 mask=0xfe ran=0 gap=0.265s
[kernel 9.920 cpu2] i8042: line status=0x1c irqs=288 bytes=288 kbd gsi=1 rte=0x0000000000000024 aux gsi=12 rte=0x0000000000000024
[kernel 9.920 cpu2] heartbeat: cpu0 last reached one 8.411s ago
[kernel 10.171 cpu7] heartbeat: t=10.171s alive=7/8 mask=0xfe ran=0 gap=0.250s
[kernel 10.171 cpu7] i8042: line status=0x1c irqs=288 bytes=288 kbd gsi=1 rte=0x0000000000000024 aux gsi=12 rte=0x0000000000000024
[kernel 10.171 cpu7] heartbeat: cpu0 last reached one 8.662s ago
[kernel 10.452 cpu2] heartbeat: t=10.452s alive=7/8 mask=0xfe ran=0 gap=0.280s
[kernel 10.452 cpu2] i8042: line status=0x1c irqs=288 bytes=288 kbd gsi=1 rte=0x0000000000000024 aux gsi=12 rte=0x0000000000000024
[kernel 10.452 cpu2] heartbeat: cpu0 last reached one 8.943s ago
[kernel 10.721 cpu6] heartbeat: t=10.721s alive=7/8 mask=0xfe ran=0 gap=0.268s
[kernel 10.721 cpu6] i8042: line status=0x1c irqs=288 bytes=288 kbd gsi=1 rte=0x0000000000000024 aux gsi=12 rte=0x0000000000000024
[kernel 10.721 cpu6] heartbeat: cpu0 last reached one 9.212s ago
[kernel 10.976 cpu1] heartbeat: t=10.976s alive=7/8 mask=0xfe ran=0 gap=0.255s
[kernel 10.976 cpu1] i8042: line status=0x1c irqs=288 bytes=288 kbd gsi=1 rte=0x0000000000000024 aux gsi=12 rte=0x0000000000000024
[kernel 10.976 cpu1] heartbeat: cpu0 last reached one 9.467s ago
[kernel 11.232 cpu6] sched: cpu=6 ready=0 parked=0 current=None
[kernel 11.232 cpu6] PMM: 114/15962MB used (7924 pages free)
[kernel 11.232 cpu6]   kernel-heap  alloc=     6 free=     0 held=     6 (12MB) rate=0/s
[kernel 11.232 cpu6]   demand-page  alloc=     5 free=     1 held=     4 (8MB) rate=0/s
[kernel 11.232 cpu6]   mmap         alloc=    19 free=     1 held=    18 (36MB) rate=0/s
[kernel 11.232 cpu6]   shared-mem   alloc=     3 free=     0 held=     3 (6MB) rate=0/s
[kernel 11.232 cpu6]   elf          alloc=     4 free=     1 held=     3 (6MB) rate=0/s
[kernel 11.232 cpu6]   dma          alloc=     6 free=     0 held=     6 (12MB) rate=0/s
[kernel 11.232 cpu6]   framebuffer  alloc=     1 free=     0 held=     1 (2MB) rate=0/s
[kernel 11.232 cpu6]   stack        alloc=    16 free=     4 held=    12 (24MB) rate=0/s
[kernel 11.232 cpu6]   init-tls     alloc=     5 free=     1 held=     4 (8MB) rate=0/s
[kernel 11.232 cpu6] heartbeat: t=11.232s alive=7/8 mask=0xfe ran=0 gap=0.255s
[kernel 11.232 cpu6] i8042: line status=0x1c irqs=288 bytes=288 kbd gsi=1 rte=0x0000000000000024 aux gsi=12 rte=0x0000000000000024
[kernel 11.232 cpu6] heartbeat: cpu0 last reached one 9.723s ago
[kernel 11.268 cpu2] sched: cpu=2 ready=0 parked=0 current=None
[kernel 11.268 cpu3] sched: cpu=3 ready=0 parked=1 current=None
[kernel 11.268 cpu5] sched: cpu=5 ready=0 parked=0 current=None
[kernel 11.285 cpu1] sched: cpu=1 ready=0 parked=1 current=None
[kernel 11.287 cpu7] sched: cpu=7 ready=0 parked=0 current=None
[kernel 11.292 cpu4] sched: cpu=4 ready=0 parked=1 current=None
[kernel 11.489 cpu5] heartbeat: t=11.489s alive=7/8 mask=0xfe ran=0 gap=0.257s
[kernel 11.489 cpu5] i8042: line status=0x1c irqs=288 bytes=288 kbd gsi=1 rte=0x0000000000000024 aux gsi=12 rte=0x0000000000000024
[kernel 11.489 cpu5] heartbeat: cpu0 last reached one 9.980s ago
[kernel 11.765 cpu4] heartbeat: t=11.765s alive=7/8 mask=0xfe ran=0 gap=0.275s
[kernel 11.765 cpu4] i8042: line status=0x1c irqs=288 bytes=288 kbd gsi=1 rte=0x0000000000000024 aux gsi=12 rte=0x0000000000000024
[kernel 11.765 cpu4] heartbeat: cpu0 last reached one 10.256s ago
[kernel 12.031 cpu7] heartbeat: t=12.031s alive=7/8 mask=0xfe ran=0 gap=0.265s
[kernel 12.031 cpu7] i8042: line status=0x1c irqs=288 bytes=288 kbd gsi=1 rte=0x0000000000000024 aux gsi=12 rte=0x0000000000000024
[kernel 12.031 cpu7] heartbeat: cpu0 last reached one 10.522s ago
[kernel 12.289 cpu1] heartbeat: t=12.289s alive=7/8 mask=0xfe ran=0 gap=0.258s
[kernel 12.289 cpu1] i8042: line status=0x1c irqs=288 bytes=288 kbd gsi=1 rte=0x0000000000000024 aux gsi=12 rte=0x0000000000000024
[kernel 12.289 cpu1] heartbeat: cpu0 last reached one 10.780s ago
[kernel 12.545 cpu4] heartbeat: t=12.545s alive=7/8 mask=0xfe ran=0 gap=0.256s
[kernel 12.545 cpu4] i8042: line status=0x1c irqs=288 bytes=288 kbd gsi=1 rte=0x0000000000000024 aux gsi=12 rte=0x0000000000000024
[kernel 12.545 cpu4] heartbeat: cpu0 last reached one 11.036s ago
[kernel 12.814 cpu1] heartbeat: t=12.814s alive=7/8 mask=0xfe ran=0 gap=0.268s
[kernel 12.814 cpu6] i8042: 288 interrupts, 288 bytes, 5 keys, 87 motion, 22 undecoded, 0 discarded, 0 overruns, 0 dropped, 0 lost edges — last byte at 5622ms
[kernel 12.814 cpu1] i8042: line status=0x1c irqs=288 bytes=288 kbd gsi=1 rte=0x0000000000000024 aux gsi=12 rte=0x0000000000000024
[kernel 12.814 cpu1] heartbeat: cpu0 last reached one 11.305s ago
[kernel 13.066 cpu4] heartbeat: t=13.066s alive=7/8 mask=0xfe ran=0 gap=0.252s
[kernel 13.066 cpu4] i8042: line status=0x1c irqs=288 bytes=288 kbd gsi=1 rte=0x0000000000000024 aux gsi=12 rte=0x0000000000000024
[kernel 13.066 cpu4] heartbeat: cpu0 last reached one 11.557s ago
[kernel 13.333 cpu1] heartbeat: t=13.333s alive=7/8 mask=0xfe ran=0 gap=0.266s
[kernel 13.333 cpu1] i8042: line status=0x1c irqs=288 bytes=288 kbd gsi=1 rte=0x0000000000000024 aux gsi=12 rte=0x0000000000000024
[kernel 13.333 cpu1] heartbeat: cpu0 last reached one 11.824s ago
[kernel 13.644 cpu1] heartbeat: t=13.644s alive=7/8 mask=0xfe ran=0 gap=0.310s
[kernel 13.644 cpu1] i8042: line status=0x1c irqs=288 bytes=288 kbd gsi=1 rte=0x0000000000000024 aux gsi=12 rte=0x0000000000000024
[kernel 13.644 cpu1] heartbeat: cpu0 last reached one 12.135s ago
[kernel 13.953 cpu2] heartbeat: t=13.953s alive=7/8 mask=0xfe ran=0 gap=0.308s
[kernel 13.953 cpu2] i8042: line status=0x1c irqs=288 bytes=288 kbd gsi=1 rte=0x0000000000000024 aux gsi=12 rte=0x0000000000000024
[kernel 13.953 cpu2] heartbeat: cpu0 last reached one 12.444s ago
[kernel 14.255 cpu3] heartbeat: t=14.255s alive=7/8 mask=0xfe ran=0 gap=0.301s
[kernel 14.255 cpu3] i8042: line status=0x1c irqs=288 bytes=288 kbd gsi=1 rte=0x0000000000000024 aux gsi=12 rte=0x0000000000000024
[kernel 14.255 cpu3] heartbeat: cpu0 last reached one 12.746s ago
[kernel 14.509 cpu3] heartbeat: t=14.509s alive=7/8 mask=0xfe ran=0 gap=0.254s
[kernel 14.509 cpu3] i8042: line status=0x1c irqs=288 bytes=288 kbd gsi=1 rte=0x0000000000000024 aux gsi=12 rte=0x0000000000000024
[kernel 14.509 cpu3] heartbeat: cpu0 last reached one 13.000s ago
[kernel 14.759 cpu6] heartbeat: t=14.759s alive=7/8 mask=0xfe ran=0 gap=0.250s
[kernel 14.759 cpu6] i8042: line status=0x1c irqs=288 bytes=288 kbd gsi=1 rte=0x0000000000000024 aux gsi=12 rte=0x0000000000000024
[kernel 14.760 cpu6] heartbeat: cpu0 last reached one 13.250s ago
[kernel 15.052 cpu3] heartbeat: t=15.052s alive=7/8 mask=0xfe ran=0 gap=0.292s
[kernel 15.052 cpu3] i8042: line status=0x1c irqs=288 bytes=288 kbd gsi=1 rte=0x0000000000000024 aux gsi=12 rte=0x0000000000000024
[kernel 15.052 cpu3] heartbeat: cpu0 last reached one 13.543s ago
[kernel 15.307 cpu6] heartbeat: t=15.307s alive=7/8 mask=0xfe ran=0 gap=0.254s
[kernel 15.307 cpu6] i8042: line status=0x1c irqs=288 bytes=288 kbd gsi=1 rte=0x0000000000000024 aux gsi=12 rte=0x0000000000000024
[kernel 15.307 cpu6] heartbeat: cpu0 last reached one 13.798s ago
[kernel 15.568 cpu1] heartbeat: t=15.568s alive=7/8 mask=0xfe ran=0 gap=0.261s
[kernel 15.568 cpu1] i8042: line status=0x1c irqs=288 bytes=288 kbd gsi=1 rte=0x0000000000000024 aux gsi=12 rte=0x0000000000000024
[kernel 15.568 cpu1] heartbeat: cpu0 last reached one 14.059s ago
[kernel 15.839 cpu6] heartbeat: t=15.839s alive=7/8 mask=0xfe ran=0 gap=0.270s
[kernel 15.839 cpu6] i8042: line status=0x1c irqs=288 bytes=288 kbd gsi=1 rte=0x0000000000000024 aux gsi=12 rte=0x0000000000000024
[kernel 15.839 cpu6] heartbeat: cpu0 last reached one 14.330s ago
[kernel 16.098 cpu3] heartbeat: t=16.098s alive=7/8 mask=0xfe ran=0 gap=0.258s
[kernel 16.098 cpu3] i8042: line status=0x1c irqs=288 bytes=288 kbd gsi=1 rte=0x0000000000000024 aux gsi=12 rte=0x0000000000000024
[kernel 16.098 cpu3] heartbeat: cpu0 last reached one 14.589s ago
[kernel 16.357 cpu2] heartbeat: t=16.357s alive=7/8 mask=0xfe ran=0 gap=0.259s
[kernel 16.357 cpu2] i8042: line status=0x1c irqs=288 bytes=288 kbd gsi=1 rte=0x0000000000000024 aux gsi=12 rte=0x0000000000000024
[kernel 16.357 cpu2] heartbeat: cpu0 last reached one 14.848s ago
[kernel 16.609 cpu1] heartbeat: t=16.609s alive=7/8 mask=0xfe ran=0 gap=0.251s
[kernel 16.609 cpu1] i8042: line status=0x1c irqs=288 bytes=288 kbd gsi=1 rte=0x0000000000000024 aux gsi=12 rte=0x0000000000000024
[kernel 16.609 cpu1] heartbeat: cpu0 last reached one 15.100s ago
[kernel 16.869 cpu7] heartbeat: t=16.869s alive=7/8 mask=0xfe ran=0 gap=0.260s
[kernel 16.869 cpu7] i8042: line status=0x1c irqs=288 bytes=288 kbd gsi=1 rte=0x0000000000000024 aux gsi=12 rte=0x0000000000000024
[kernel 16.869 cpu7] heartbeat: cpu0 last reached one 15.360s ago
[kernel 17.125 cpu3] heartbeat: t=17.125s alive=7/8 mask=0xfe ran=0 gap=0.255s
[kernel 17.125 cpu3] i8042: line status=0x1c irqs=288 bytes=288 kbd gsi=1 rte=0x0000000000000024 aux gsi=12 rte=0x0000000000000024
[kernel 17.125 cpu3] heartbeat: cpu0 last reached one 15.616s ago
[kernel 17.378 cpu2] heartbeat: t=17.378s alive=7/8 mask=0xfe ran=0 gap=0.253s
[kernel 17.378 cpu2] i8042: line status=0x1c irqs=288 bytes=288 kbd gsi=1 rte=0x0000000000000024 aux gsi=12 rte=0x0000000000000024
[kernel 17.378 cpu2] heartbeat: cpu0 last reached one 15.869s ago
[kernel 17.639 cpu1] heartbeat: t=17.639s alive=7/8 mask=0xfe ran=0 gap=0.260s
[kernel 17.639 cpu1] i8042: line status=0x1c irqs=288 bytes=288 kbd gsi=1 rte=0x0000000000000024 aux gsi=12 rte=0x0000000000000024
[kernel 17.639 cpu1] heartbeat: cpu0 last reached one 16.130s ago
[kernel 17.939 cpu3] heartbeat: t=17.939s alive=7/8 mask=0xfe ran=0 gap=0.300s
[kernel 17.939 cpu3] i8042: line status=0x1c irqs=288 bytes=288 kbd gsi=1 rte=0x0000000000000024 aux gsi=12 rte=0x0000000000000024
[kernel 17.939 cpu3] heartbeat: cpu0 last reached one 16.430s ago
[kernel 18.196 cpu3] heartbeat: t=18.196s alive=7/8 mask=0xfe ran=0 gap=0.257s
[kernel 18.196 cpu3] i8042: line status=0x1c irqs=288 bytes=288 kbd gsi=1 rte=0x0000000000000024 aux gsi=12 rte=0x0000000000000024
[kernel 18.196 cpu3] heartbeat: cpu0 last reached one 16.687s ago
[kernel 18.454 cpu1] heartbeat: t=18.454s alive=7/8 mask=0xfe ran=0 gap=0.257s
[kernel 18.454 cpu1] i8042: line status=0x1c irqs=288 bytes=288 kbd gsi=1 rte=0x0000000000000024 aux gsi=12 rte=0x0000000000000024
[kernel 18.454 cpu1] heartbeat: cpu0 last reached one 16.945s ago
[kernel 18.723 cpu1] heartbeat: t=18.723s alive=7/8 mask=0xfe ran=0 gap=0.269s
[kernel 18.723 cpu1] i8042: line status=0x1c irqs=288 bytes=288 kbd gsi=1 rte=0x0000000000000024 aux gsi=12 rte=0x0000000000000024
[kernel 18.724 cpu1] heartbeat: cpu0 last reached one 17.214s ago
[kernel 18.974 cpu5] heartbeat: t=18.974s alive=7/8 mask=0xfe ran=0 gap=0.250s
[kernel 18.974 cpu5] i8042: line status=0x1c irqs=288 bytes=288 kbd gsi=1 rte=0x0000000000000024 aux gsi=12 rte=0x0000000000000024
[kernel 18.974 cpu5] heartbeat: cpu0 last reached one 17.465s ago
[kernel 19.243 cpu3] heartbeat: t=19.243s alive=7/8 mask=0xfe ran=0 gap=0.268s
[kernel 19.243 cpu3] i8042: line status=0x1c irqs=288 bytes=288 kbd gsi=1 rte=0x0000000000000024 aux gsi=12 rte=0x0000000000000024
[kernel 19.243 cpu3] heartbeat: cpu0 last reached one 17.734s ago
[kernel 19.520 cpu4] heartbeat: t=19.520s alive=7/8 mask=0xfe ran=0 gap=0.277s
[kernel 19.520 cpu4] i8042: line status=0x1c irqs=288 bytes=288 kbd gsi=1 rte=0x0000000000000024 aux gsi=12 rte=0x0000000000000024
[kernel 19.520 cpu4] heartbeat: cpu0 last reached one 18.011s ago
[kernel 19.771 cpu1] heartbeat: t=19.771s alive=7/8 mask=0xfe ran=0 gap=0.250s
[kernel 19.771 cpu1] i8042: line status=0x1c irqs=288 bytes=288 kbd gsi=1 rte=0x0000000000000024 aux gsi=12 rte=0x0000000000000024
[kernel 19.771 cpu1] heartbeat: cpu0 last reached one 18.262s ago
[kernel 20.062 cpu2] heartbeat: t=20.062s alive=7/8 mask=0xfe ran=0 gap=0.291s
[kernel 20.062 cpu2] i8042: line status=0x1c irqs=288 bytes=288 kbd gsi=1 rte=0x0000000000000024 aux gsi=12 rte=0x0000000000000024
[kernel 20.062 cpu2] heartbeat: cpu0 last reached one 18.553s ago
[kernel 20.318 cpu3] heartbeat: t=20.318s alive=7/8 mask=0xfe ran=0 gap=0.256s
[kernel 20.318 cpu3] i8042: line status=0x1c irqs=288 bytes=288 kbd gsi=1 rte=0x0000000000000024 aux gsi=12 rte=0x0000000000000024
[kernel 20.318 cpu3] heartbeat: cpu0 last reached one 18.809s ago
[kernel 20.587 cpu5] heartbeat: t=20.587s alive=7/8 mask=0xfe ran=0 gap=0.268s
[kernel 20.587 cpu5] i8042: line status=0x1c irqs=288 bytes=288 kbd gsi=1 rte=0x0000000000000024 aux gsi=12 rte=0x0000000000000024
[kernel 20.587 cpu5] heartbeat: cpu0 last reached one 19.078s ago
[kernel 20.840 cpu3] heartbeat: t=20.840s alive=7/8 mask=0xfe ran=0 gap=0.252s
[kernel 20.840 cpu3] i8042: line status=0x1c irqs=288 bytes=288 kbd gsi=1 rte=0x0000000000000024 aux gsi=12 rte=0x0000000000000024
[kernel 20.840 cpu3] heartbeat: cpu0 last reached one 19.331s ago
[kernel 21.092 cpu4] heartbeat: t=21.092s alive=7/8 mask=0xfe ran=0 gap=0.252s
[kernel 21.092 cpu4] i8042: line status=0x1c irqs=288 bytes=288 kbd gsi=1 rte=0x0000000000000024 aux gsi=12 rte=0x0000000000000024
[kernel 21.092 cpu4] heartbeat: cpu0 last reached one 19.583s ago
[kernel 21.264 cpu3] PMM: 114/15962MB used (7924 pages free)
[kernel 21.264 cpu3]   kernel-heap  alloc=     6 free=     0 held=     6 (12MB) rate=0/s
[kernel 21.264 cpu3]   demand-page  alloc=     5 free=     1 held=     4 (8MB) rate=0/s
[kernel 21.264 cpu3]   mmap         alloc=    19 free=     1 held=    18 (36MB) rate=0/s
[kernel 21.264 cpu3]   shared-mem   alloc=     3 free=     0 held=     3 (6MB) rate=0/s
[kernel 21.264 cpu3]   elf          alloc=     4 free=     1 held=     3 (6MB) rate=0/s
[kernel 21.264 cpu3]   dma          alloc=     6 free=     0 held=     6 (12MB) rate=0/s
[kernel 21.264 cpu3]   framebuffer  alloc=     1 free=     0 held=     1 (2MB) rate=0/s
[kernel 21.264 cpu3]   stack        alloc=    16 free=     4 held=    12 (24MB) rate=0/s
[kernel 21.264 cpu3]   init-tls     alloc=     5 free=     1 held=     4 (8MB) rate=0/s
[kernel 21.287 cpu2] sched: cpu=2 ready=0 parked=0 current=None
[kernel 21.303 cpu4] sched: cpu=4 ready=0 parked=1 current=None
[kernel 21.307 cpu5] sched: cpu=5 ready=0 parked=0 current=None
[kernel 21.308 cpu1] sched: cpu=1 ready=0 parked=1 current=None
[kernel 21.321 cpu7] sched: cpu=7 ready=0 parked=0 current=None
[kernel 21.321 cpu6] sched: cpu=6 ready=0 parked=0 current=None
[kernel 21.326 cpu3] sched: cpu=3 ready=0 parked=1 current=None
[kernel 21.426 cpu4] heartbeat: t=21.426s alive=7/8 mask=0xfe ran=0 gap=0.334s
[kernel 21.426 cpu4] i8042: line status=0x1c irqs=288 bytes=288 kbd gsi=1 rte=0x0000000000000024 aux gsi=12 rte=0x0000000000000024
[kernel 21.426 cpu4] heartbeat: cpu0 last reached one 19.917s ago
[kernel 21.710 cpu4] heartbeat: t=21.710s alive=7/8 mask=0xfe ran=0 gap=0.283s
[kernel 21.710 cpu4] i8042: line status=0x1c irqs=288 bytes=288 kbd gsi=1 rte=0x0000000000000024 aux gsi=12 rte=0x0000000000000024
[kernel 21.710 cpu4] heartbeat: cpu0 last reached one 20.201s ago
[kernel 21.963 cpu1] heartbeat: t=21.963s alive=7/8 mask=0xfe ran=0 gap=0.253s
[kernel 21.963 cpu1] i8042: line status=0x1c irqs=288 bytes=288 kbd gsi=1 rte=0x0000000000000024 aux gsi=12 rte=0x0000000000000024
[kernel 21.963 cpu1] heartbeat: cpu0 last reached one 20.454s ago
[kernel 22.226 cpu5] heartbeat: t=22.226s alive=7/8 mask=0xfe ran=0 gap=0.263s
[kernel 22.226 cpu5] i8042: line status=0x1c irqs=288 bytes=288 kbd gsi=1 rte=0x0000000000000024 aux gsi=12 rte=0x0000000000000024
[kernel 22.226 cpu5] heartbeat: cpu0 last reached one 20.717s ago
[kernel 22.495 cpu1] heartbeat: t=22.495s alive=7/8 mask=0xfe ran=0 gap=0.268s
[kernel 22.495 cpu1] i8042: line status=0x1c irqs=288 bytes=288 kbd gsi=1 rte=0x0000000000000024 aux gsi=12 rte=0x0000000000000024
[kernel 22.495 cpu1] heartbeat: cpu0 last reached one 20.986s ago
[kernel 22.768 cpu3] heartbeat: t=22.768s alive=7/8 mask=0xfe ran=0 gap=0.273s
[kernel 22.768 cpu3] i8042: line status=0x1c irqs=288 bytes=288 kbd gsi=1 rte=0x0000000000000024 aux gsi=12 rte=0x0000000000000024
[kernel 22.768 cpu3] heartbeat: cpu0 last reached one 21.259s ago
[kernel 23.021 cpu1] heartbeat: t=23.021s alive=7/8 mask=0xfe ran=0 gap=0.252s
[kernel 23.021 cpu1] i8042: line status=0x1c irqs=288 bytes=288 kbd gsi=1 rte=0x0000000000000024 aux gsi=12 rte=0x0000000000000024
[kernel 23.021 cpu1] heartbeat: cpu0 last reached one 21.512s ago
[kernel 23.276 cpu7] heartbeat: t=23.276s alive=7/8 mask=0xfe ran=0 gap=0.254s
[kernel 23.276 cpu7] i8042: line status=0x1c irqs=288 bytes=288 kbd gsi=1 rte=0x0000000000000024 aux gsi=12 rte=0x0000000000000024
[kernel 23.276 cpu7] heartbeat: cpu0 last reached one 21.767s ago
[kernel 23.526 cpu2] heartbeat: t=23.526s alive=7/8 mask=0xfe ran=0 gap=0.250s
[kernel 23.526 cpu2] i8042: line status=0x1c irqs=288 bytes=288 kbd gsi=1 rte=0x0000000000000024 aux gsi=12 rte=0x0000000000000024
[kernel 23.527 cpu2] heartbeat: cpu0 last reached one 22.017s ago
[kernel 23.795 cpu7] heartbeat: t=23.795s alive=7/8 mask=0xfe ran=0 gap=0.268s
[kernel 23.795 cpu7] i8042: line status=0x1c irqs=288 bytes=288 kbd gsi=1 rte=0x0000000000000024 aux gsi=12 rte=0x0000000000000024
[kernel 23.795 cpu7] heartbeat: cpu0 last reached one 22.286s ago
[kernel 24.053 cpu2] heartbeat: t=24.053s alive=7/8 mask=0xfe ran=0 gap=0.257s
[kernel 24.053 cpu2] i8042: line status=0x1c irqs=288 bytes=288 kbd gsi=1 rte=0x0000000000000024 aux gsi=12 rte=0x0000000000000024
[kernel 24.053 cpu2] heartbeat: cpu0 last reached one 22.544s ago
[kernel 24.303 cpu3] heartbeat: t=24.303s alive=7/8 mask=0xfe ran=0 gap=0.250s
[kernel 24.303 cpu3] i8042: line status=0x1c irqs=288 bytes=288 kbd gsi=1 rte=0x0000000000000024 aux gsi=12 rte=0x0000000000000024
[kernel 24.304 cpu3] heartbeat: cpu0 last reached one 22.794s ago
[kernel 24.562 cpu2] heartbeat: t=24.562s alive=7/8 mask=0xfe ran=0 gap=0.258s
[kernel 24.562 cpu2] i8042: line status=0x1c irqs=288 bytes=288 kbd gsi=1 rte=0x0000000000000024 aux gsi=12 rte=0x0000000000000024
[kernel 24.562 cpu2] heartbeat: cpu0 last reached one 23.053s ago
[kernel 24.821 cpu2] heartbeat: t=24.821s alive=7/8 mask=0xfe ran=0 gap=0.258s
[kernel 24.821 cpu2] i8042: line status=0x1c irqs=288 bytes=288 kbd gsi=1 rte=0x0000000000000024 aux gsi=12 rte=0x0000000000000024
[kernel 24.821 cpu2] heartbeat: cpu0 last reached one 23.311s ago
[kernel 25.072 cpu2] heartbeat: t=25.072s alive=7/8 mask=0xfe ran=0 gap=0.251s
[kernel 25.072 cpu2] i8042: line status=0x1c irqs=288 bytes=288 kbd gsi=1 rte=0x0000000000000024 aux gsi=12 rte=0x0000000000000024
[kernel 25.072 cpu2] heartbeat: cpu0 last reached one 23.563s ago
[kernel 25.323 cpu2] heartbeat: t=25.323s alive=7/8 mask=0xfe ran=0 gap=0.250s
[kernel 25.323 cpu2] i8042: line status=0x1c irqs=288 bytes=288 kbd gsi=1 rte=0x0000000000000024 aux gsi=12 rte=0x0000000000000024
[kernel 25.323 cpu2] heartbeat: cpu0 last reached one 23.814s ago
[kernel 25.608 cpu3] heartbeat: t=25.608s alive=7/8 mask=0xfe ran=0 gap=0.285s
[kernel 25.608 cpu3] i8042: line status=0x1c irqs=288 bytes=288 kbd gsi=1 rte=0x0000000000000024 aux gsi=12 rte=0x0000000000000024
[kernel 25.608 cpu3] heartbeat: cpu0 last reached one 24.099s ago
[kernel 25.869 cpu5] heartbeat: t=25.869s alive=7/8 mask=0xfe ran=0 gap=0.260s
[kernel 25.869 cpu5] i8042: line status=0x1c irqs=288 bytes=288 kbd gsi=1 rte=0x0000000000000024 aux gsi=12 rte=0x0000000000000024
[kernel 25.869 cpu5] heartbeat: cpu0 last reached one 24.360s ago
[kernel 26.127 cpu6] heartbeat: t=26.127s alive=7/8 mask=0xfe ran=0 gap=0.258s
[kernel 26.127 cpu6] i8042: line status=0x1c irqs=288 bytes=288 kbd gsi=1 rte=0x0000000000000024 aux gsi=12 rte=0x0000000000000024
[kernel 26.127 cpu6] heartbeat: cpu0 last reached one 24.618s ago
[kernel 26.408 cpu4] heartbeat: t=26.408s alive=7/8 mask=0xfe ran=0 gap=0.281s
[kernel 26.408 cpu4] i8042: line status=0x1c irqs=288 bytes=288 kbd gsi=1 rte=0x0000000000000024 aux gsi=12 rte=0x0000000000000024
[kernel 26.409 cpu4] heartbeat: cpu0 last reached one 24.899s ago
[kernel 26.667 cpu6] heartbeat: t=26.667s alive=7/8 mask=0xfe ran=0 gap=0.258s
[kernel 26.667 cpu6] i8042: line status=0x1c irqs=288 bytes=288 kbd gsi=1 rte=0x0000000000000024 aux gsi=12 rte=0x0000000000000024
[kernel 26.667 cpu6] heartbeat: cpu0 last reached one 25.158s ago
[kernel 26.935 cpu4] heartbeat: t=26.935s alive=7/8 mask=0xfe ran=0 gap=0.268s
[kernel 26.935 cpu4] i8042: line status=0x1c irqs=288 bytes=288 kbd gsi=1 rte=0x0000000000000024 aux gsi=12 rte=0x0000000000000024
[kernel 26.935 cpu4] heartbeat: cpu0 last reached one 25.426s ago
[kernel 27.202 cpu6] heartbeat: t=27.202s alive=7/8 mask=0xfe ran=0 gap=0.266s
[kernel 27.202 cpu6] i8042: line status=0x1c irqs=288 bytes=288 kbd gsi=1 rte=0x0000000000000024 aux gsi=12 rte=0x0000000000000024
[kernel 27.202 cpu6] heartbeat: cpu0 last reached one 25.693s ago
[kernel 27.456 cpu4] heartbeat: t=27.456s alive=7/8 mask=0xfe ran=0 gap=0.254s
[kernel 27.456 cpu4] i8042: line status=0x1c irqs=288 bytes=288 kbd gsi=1 rte=0x0000000000000024 aux gsi=12 rte=0x0000000000000024
[kernel 27.456 cpu4] heartbeat: cpu0 last reached one 25.947s ago
[kernel 27.710 cpu7] heartbeat: t=27.710s alive=7/8 mask=0xfe ran=0 gap=0.253s
[kernel 27.710 cpu7] i8042: line status=0x1c irqs=288 bytes=288 kbd gsi=1 rte=0x0000000000000024 aux gsi=12 rte=0x0000000000000024
[kernel 27.710 cpu7] heartbeat: cpu0 last reached one 26.201s ago
[kernel 27.970 cpu2] heartbeat: t=27.970s alive=7/8 mask=0xfe ran=0 gap=0.259s
[kernel 27.970 cpu2] i8042: line status=0x1c irqs=288 bytes=288 kbd gsi=1 rte=0x0000000000000024 aux gsi=12 rte=0x0000000000000024
[kernel 27.970 cpu2] heartbeat: cpu0 last reached one 26.461s ago
[kernel 28.220 cpu7] heartbeat: t=28.220s alive=7/8 mask=0xfe ran=0 gap=0.250s
[kernel 28.220 cpu7] i8042: line status=0x1c irqs=288 bytes=288 kbd gsi=1 rte=0x0000000000000024 aux gsi=12 rte=0x0000000000000024
[kernel 28.221 cpu7] heartbeat: cpu0 last reached one 26.711s ago
[kernel 28.479 cpu2] heartbeat: t=28.479s alive=7/8 mask=0xfe ran=0 gap=0.258s
[kernel 28.479 cpu2] i8042: line status=0x1c irqs=288 bytes=288 kbd gsi=1 rte=0x0000000000000024 aux gsi=12 rte=0x0000000000000024
[kernel 28.479 cpu2] heartbeat: cpu0 last reached one 26.970s ago
[kernel 28.737 cpu2] heartbeat: t=28.737s alive=7/8 mask=0xfe ran=0 gap=0.258s
[kernel 28.737 cpu2] i8042: line status=0x1c irqs=288 bytes=288 kbd gsi=1 rte=0x0000000000000024 aux gsi=12 rte=0x0000000000000024
[kernel 28.738 cpu2] heartbeat: cpu0 last reached one 27.228s ago
[kernel 28.989 cpu2] heartbeat: t=28.989s alive=7/8 mask=0xfe ran=0 gap=0.251s
[kernel 28.989 cpu2] i8042: line status=0x1c irqs=288 bytes=288 kbd gsi=1 rte=0x0000000000000024 aux gsi=12 rte=0x0000000000000024
[kernel 28.989 cpu2] heartbeat: cpu0 last reached one 27.480s ago
[kernel 29.240 cpu2] heartbeat: t=29.240s alive=7/8 mask=0xfe ran=0 gap=0.250s
[kernel 29.240 cpu2] i8042: line status=0x1c irqs=288 bytes=288 kbd gsi=1 rte=0x0000000000000024 aux gsi=12 rte=0x0000000000000024
[kernel 29.240 cpu2] heartbeat: cpu0 last reached one 27.731s ago
[kernel 29.511 cpu5] heartbeat: t=29.511s alive=7/8 mask=0xfe ran=0 gap=0.271s
[kernel 29.511 cpu5] i8042: line status=0x1c irqs=288 bytes=288 kbd gsi=1 rte=0x0000000000000024 aux gsi=12 rte=0x0000000000000024
[kernel 29.511 cpu5] heartbeat: cpu0 last reached one 28.002s ago
[kernel 29.777 cpu2] heartbeat: t=29.777s alive=7/8 mask=0xfe ran=0 gap=0.265s
[kernel 29.777 cpu2] i8042: line status=0x1c irqs=288 bytes=288 kbd gsi=1 rte=0x0000000000000024 aux gsi=12 rte=0x0000000000000024
[kernel 29.777 cpu2] heartbeat: cpu0 last reached one 28.268s ago
[kernel 30.043 cpu1] heartbeat: t=30.043s alive=7/8 mask=0xfe ran=0 gap=0.266s
[kernel 30.043 cpu1] i8042: line status=0x1c irqs=288 bytes=288 kbd gsi=1 rte=0x0000000000000024 aux gsi=12 rte=0x0000000000000024
[kernel 30.043 cpu1] heartbeat: cpu0 last reached one 28.534s ago
[kernel 30.319 cpu2] heartbeat: t=30.319s alive=7/8 mask=0xfe ran=0 gap=0.275s
[kernel 30.319 cpu2] i8042: line status=0x1c irqs=288 bytes=288 kbd gsi=1 rte=0x0000000000000024 aux gsi=12 rte=0x0000000000000024
[kernel 30.319 cpu2] heartbeat: cpu0 last reached one 28.810s ago
[kernel 30.573 cpu1] heartbeat: t=30.573s alive=7/8 mask=0xfe ran=0 gap=0.254s
[kernel 30.573 cpu1] i8042: line status=0x1c irqs=288 bytes=288 kbd gsi=1 rte=0x0000000000000024 aux gsi=12 rte=0x0000000000000024
[kernel 30.573 cpu1] heartbeat: cpu0 last reached one 29.064s ago
[kernel 30.825 cpu7] heartbeat: t=30.825s alive=7/8 mask=0xfe ran=0 gap=0.252s
[kernel 30.825 cpu7] i8042: line status=0x1c irqs=288 bytes=288 kbd gsi=1 rte=0x0000000000000024 aux gsi=12 rte=0x0000000000000024
[kernel 30.826 cpu7] heartbeat: cpu0 last reached one 29.316s ago
[kernel 31.081 cpu4] heartbeat: t=31.081s alive=7/8 mask=0xfe ran=0 gap=0.255s
[kernel 31.081 cpu4] i8042: line status=0x1c irqs=288 bytes=288 kbd gsi=1 rte=0x0000000000000024 aux gsi=12 rte=0x0000000000000024
[kernel 31.081 cpu4] heartbeat: cpu0 last reached one 29.572s ago
[kernel 31.297 cpu4] PMM: 114/15962MB used (7924 pages free)
[kernel 31.297 cpu4]   kernel-heap  alloc=     6 free=     0 held=     6 (12MB) rate=0/s
[kernel 31.297 cpu4]   demand-page  alloc=     5 free=     1 held=     4 (8MB) rate=0/s
[kernel 31.297 cpu4]   mmap         alloc=    19 free=     1 held=    18 (36MB) rate=0/s
[kernel 31.297 cpu4]   shared-mem   alloc=     3 free=     0 held=     3 (6MB) rate=0/s
[kernel 31.297 cpu4]   elf          alloc=     4 free=     1 held=     3 (6MB) rate=0/s
[kernel 31.297 cpu4]   dma          alloc=     6 free=     0 held=     6 (12MB) rate=0/s
[kernel 31.297 cpu4]   framebuffer  alloc=     1 free=     0 held=     1 (2MB) rate=0/s
[kernel 31.297 cpu4]   stack        alloc=    16 free=     4 held=    12 (24MB) rate=0/s
[kernel 31.297 cpu4]   init-tls     alloc=     5 free=     1 held=     4 (8MB) rate=0/s
[kernel 31.322 cpu6] sched: cpu=6 ready=0 parked=0 current=None
[kernel 31.344 cpu3] sched: cpu=3 ready=0 parked=1 current=None
[kernel 31.344 cpu3] heartbeat: t=31.344s alive=7/8 mask=0xfe ran=0 gap=0.263s
[kernel 31.344 cpu3] i8042: line status=0x1c irqs=288 bytes=288 kbd gsi=1 rte=0x0000000000000024 aux gsi=12 rte=0x0000000000000024
[kernel 31.344 cpu3] heartbeat: cpu0 last reached one 29.835s ago
[kernel 31.355 cpu7] sched: cpu=7 ready=0 parked=0 current=None
[kernel 31.355 cpu2] sched: cpu=2 ready=0 parked=0 current=None
[kernel 31.357 cpu5] sched: cpu=5 ready=0 parked=0 current=None
[kernel 31.398 cpu1] sched: cpu=1 ready=0 parked=1 current=None
[kernel 31.409 cpu4] sched: cpu=4 ready=0 parked=1 current=None
[kernel 31.603 cpu1] heartbeat: t=31.603s alive=7/8 mask=0xfe ran=0 gap=0.258s
[kernel 31.603 cpu1] i8042: line status=0x1c irqs=288 bytes=288 kbd gsi=1 rte=0x0000000000000024 aux gsi=12 rte=0x0000000000000024
[kernel 31.603 cpu1] heartbeat: cpu0 last reached one 30.094s ago
[kernel 31.854 cpu1] heartbeat: t=31.854s alive=7/8 mask=0xfe ran=0 gap=0.250s
[kernel 31.854 cpu1] i8042: line status=0x1c irqs=288 bytes=288 kbd gsi=1 rte=0x0000000000000024 aux gsi=12 rte=0x0000000000000024
[kernel 31.854 cpu1] heartbeat: cpu0 last reached one 30.345s ago
[kernel 32.106 cpu6] heartbeat: t=32.106s alive=7/8 mask=0xfe ran=0 gap=0.252s
[kernel 32.106 cpu6] i8042: line status=0x1c irqs=288 bytes=288 kbd gsi=1 rte=0x0000000000000024 aux gsi=12 rte=0x0000000000000024
[kernel 32.106 cpu6] heartbeat: cpu0 last reached one 30.597s ago
[kernel 32.391 cpu1] heartbeat: t=32.391s alive=7/8 mask=0xfe ran=0 gap=0.284s
[kernel 32.391 cpu1] i8042: line status=0x1c irqs=288 bytes=288 kbd gsi=1 rte=0x0000000000000024 aux gsi=12 rte=0x0000000000000024
[kernel 32.391 cpu1] heartbeat: cpu0 last reached one 30.882s ago
[kernel 32.651 cpu1] heartbeat: t=32.651s alive=7/8 mask=0xfe ran=0 gap=0.259s
[kernel 32.651 cpu1] i8042: line status=0x1c irqs=288 bytes=288 kbd gsi=1 rte=0x0000000000000024 aux gsi=12 rte=0x0000000000000024
[kernel 32.651 cpu1] heartbeat: cpu0 last reached one 31.142s ago
[kernel 32.903 cpu5] heartbeat: t=32.903s alive=7/8 mask=0xfe ran=0 gap=0.252s
[kernel 32.903 cpu5] i8042: line status=0x1c irqs=288 bytes=288 kbd gsi=1 rte=0x0000000000000024 aux gsi=12 rte=0x0000000000000024
[kernel 32.903 cpu5] heartbeat: cpu0 last reached one 31.394s ago
[kernel 33.154 cpu4] heartbeat: t=33.154s alive=7/8 mask=0xfe ran=0 gap=0.251s
[kernel 33.154 cpu4] i8042: line status=0x1c irqs=288 bytes=288 kbd gsi=1 rte=0x0000000000000024 aux gsi=12 rte=0x0000000000000024
[kernel 33.154 cpu4] heartbeat: cpu0 last reached one 31.645s ago
[kernel 33.438 cpu3] heartbeat: t=33.438s alive=7/8 mask=0xfe ran=0 gap=0.284s
[kernel 33.438 cpu3] i8042: line status=0x1c irqs=288 bytes=288 kbd gsi=1 rte=0x0000000000000024 aux gsi=12 rte=0x0000000000000024
[kernel 33.439 cpu3] heartbeat: cpu0 last reached one 31.929s ago
[kernel 33.703 cpu7] heartbeat: t=33.703s alive=7/8 mask=0xfe ran=0 gap=0.264s
[kernel 33.703 cpu7] i8042: line status=0x1c irqs=288 bytes=288 kbd gsi=1 rte=0x0000000000000024 aux gsi=12 rte=0x0000000000000024
[kernel 33.703 cpu7] heartbeat: cpu0 last reached one 32.194s ago
[kernel 33.954 cpu4] heartbeat: t=33.954s alive=7/8 mask=0xfe ran=0 gap=0.251s
[kernel 33.954 cpu4] i8042: line status=0x1c irqs=288 bytes=288 kbd gsi=1 rte=0x0000000000000024 aux gsi=12 rte=0x0000000000000024
[kernel 33.954 cpu4] heartbeat: cpu0 last reached one 32.445s ago
[kernel 34.233 cpu7] heartbeat: t=34.233s alive=7/8 mask=0xfe ran=0 gap=0.278s
[kernel 34.233 cpu7] i8042: line status=0x1c irqs=288 bytes=288 kbd gsi=1 rte=0x0000000000000024 aux gsi=12 rte=0x0000000000000024
[kernel 34.233 cpu7] heartbeat: cpu0 last reached one 32.724s ago
[kernel 34.488 cpu2] heartbeat: t=34.488s alive=7/8 mask=0xfe ran=0 gap=0.255s
[kernel 34.488 cpu2] i8042: line status=0x1c irqs=288 bytes=288 kbd gsi=1 rte=0x0000000000000024 aux gsi=12 rte=0x0000000000000024
[kernel 34.488 cpu2] heartbeat: cpu0 last reached one 32.979s ago
[kernel 34.744 cpu7] heartbeat: t=34.744s alive=7/8 mask=0xfe ran=0 gap=0.255s
[kernel 34.744 cpu7] i8042: line status=0x1c irqs=288 bytes=288 kbd gsi=1 rte=0x0000000000000024 aux gsi=12 rte=0x0000000000000024
[kernel 34.744 cpu7] heartbeat: cpu0 last reached one 33.235s ago
[kernel 34.997 cpu2] heartbeat: t=34.997s alive=7/8 mask=0xfe ran=0 gap=0.253s
[kernel 34.997 cpu2] i8042: line status=0x1c irqs=288 bytes=288 kbd gsi=1 rte=0x0000000000000024 aux gsi=12 rte=0x0000000000000024
[kernel 34.997 cpu2] heartbeat: cpu0 last reached one 33.488s ago
[kernel 35.249 cpu7] heartbeat: t=35.249s alive=7/8 mask=0xfe ran=0 gap=0.251s
[kernel 35.249 cpu7] i8042: line status=0x1c irqs=288 bytes=288 kbd gsi=1 rte=0x0000000000000024 aux gsi=12 rte=0x0000000000000024
[kernel 35.249 cpu7] heartbeat: cpu0 last reached one 33.740s ago
[kernel 35.502 cpu7] heartbeat: t=35.502s alive=7/8 mask=0xfe ran=0 gap=0.253s
[kernel 35.502 cpu7] i8042: line status=0x1c irqs=288 bytes=288 kbd gsi=1 rte=0x0000000000000024 aux gsi=12 rte=0x0000000000000024
[kernel 35.502 cpu7] heartbeat: cpu0 last reached one 33.993s ago
[kernel 35.752 cpu6] heartbeat: t=35.752s alive=7/8 mask=0xfe ran=0 gap=0.250s
[kernel 35.752 cpu6] i8042: line status=0x1c irqs=288 bytes=288 kbd gsi=1 rte=0x0000000000000024 aux gsi=12 rte=0x0000000000000024
[kernel 35.752 cpu6] heartbeat: cpu0 last reached one 34.243s ago
[kernel 36.052 cpu7] heartbeat: t=36.052s alive=7/8 mask=0xfe ran=0 gap=0.300s
[kernel 36.052 cpu7] i8042: line status=0x1c irqs=288 bytes=288 kbd gsi=1 rte=0x0000000000000024 aux gsi=12 rte=0x0000000000000024
[kernel 36.052 cpu7] heartbeat: cpu0 last reached one 34.543s ago
[kernel 36.357 cpu2] heartbeat: t=36.357s alive=7/8 mask=0xfe ran=0 gap=0.304s
[kernel 36.357 cpu2] i8042: line status=0x1c irqs=288 bytes=288 kbd gsi=1 rte=0x0000000000000024 aux gsi=12 rte=0x0000000000000024
[kernel 36.357 cpu2] heartbeat: cpu0 last reached one 34.848s ago
[kernel 36.660 cpu3] heartbeat: t=36.660s alive=7/8 mask=0xfe ran=0 gap=0.302s
[kernel 36.660 cpu3] i8042: line status=0x1c irqs=288 bytes=288 kbd gsi=1 rte=0x0000000000000024 aux gsi=12 rte=0x0000000000000024
[kernel 36.660 cpu3] heartbeat: cpu0 last reached one 35.151s ago
[kernel 36.965 cpu5] heartbeat: t=36.965s alive=7/8 mask=0xfe ran=0 gap=0.305s
[kernel 36.965 cpu5] i8042: line status=0x1c irqs=288 bytes=288 kbd gsi=1 rte=0x0000000000000024 aux gsi=12 rte=0x0000000000000024
[kernel 36.965 cpu5] heartbeat: cpu0 last reached one 35.456s ago
[kernel 37.269 cpu4] heartbeat: t=37.269s alive=7/8 mask=0xfe ran=0 gap=0.303s
[kernel 37.269 cpu4] i8042: line status=0x1c irqs=288 bytes=288 kbd gsi=1 rte=0x0000000000000024 aux gsi=12 rte=0x0000000000000024
[kernel 37.269 cpu4] heartbeat: cpu0 last reached one 35.760s ago
[kernel 37.581 cpu1] heartbeat: t=37.581s alive=7/8 mask=0xfe ran=0 gap=0.312s
[kernel 37.581 cpu1] i8042: line status=0x1c irqs=288 bytes=288 kbd gsi=1 rte=0x0000000000000024 aux gsi=12 rte=0x0000000000000024
[kernel 37.581 cpu1] heartbeat: cpu0 last reached one 36.072s ago
[kernel 37.888 cpu7] heartbeat: t=37.888s alive=7/8 mask=0xfe ran=0 gap=0.306s
[kernel 37.888 cpu7] i8042: line status=0x1c irqs=288 bytes=288 kbd gsi=1 rte=0x0000000000000024 aux gsi=12 rte=0x0000000000000024
[kernel 37.888 cpu7] heartbeat: cpu0 last reached one 36.379s ago
[kernel 38.192 cpu5] heartbeat: t=38.192s alive=7/8 mask=0xfe ran=0 gap=0.303s
[kernel 38.192 cpu5] i8042: line status=0x1c irqs=288 bytes=288 kbd gsi=1 rte=0x0000000000000024 aux gsi=12 rte=0x0000000000000024
[kernel 38.192 cpu5] heartbeat: cpu0 last reached one 36.683s ago
[kernel 38.499 cpu2] heartbeat: t=38.499s alive=7/8 mask=0xfe ran=0 gap=0.307s
[kernel 38.499 cpu2] i8042: line status=0x1c irqs=288 bytes=288 kbd gsi=1 rte=0x0000000000000024 aux gsi=12 rte=0x0000000000000024
[kernel 38.499 cpu2] heartbeat: cpu0 last reached one 36.990s ago
[kernel 38.800 cpu6] heartbeat: t=38.800s alive=7/8 mask=0xfe ran=0 gap=0.300s
[kernel 38.800 cpu6] i8042: line status=0x1c irqs=288 bytes=288 kbd gsi=1 rte=0x0000000000000024 aux gsi=12 rte=0x0000000000000024
[kernel 38.800 cpu6] heartbeat: cpu0 last reached one 37.291s ago
[kernel 39.100 cpu3] heartbeat: t=39.100s alive=7/8 mask=0xfe ran=0 gap=0.300s
[kernel 39.100 cpu3] i8042: line status=0x1c irqs=288 bytes=288 kbd gsi=1 rte=0x0000000000000024 aux gsi=12 rte=0x0000000000000024
[kernel 39.101 cpu3] heartbeat: cpu0 last reached one 37.591s ago
[kernel 39.401 cpu1] heartbeat: t=39.401s alive=7/8 mask=0xfe ran=0 gap=0.300s
[kernel 39.401 cpu1] i8042: line status=0x1c irqs=288 bytes=288 kbd gsi=1 rte=0x0000000000000024 aux gsi=12 rte=0x0000000000000024
[kernel 39.401 cpu1] heartbeat: cpu0 last reached one 37.892s ago
[kernel 39.660 cpu1] heartbeat: t=39.660s alive=7/8 mask=0xfe ran=0 gap=0.258s
[kernel 39.660 cpu1] i8042: line status=0x1c irqs=288 bytes=288 kbd gsi=1 rte=0x0000000000000024 aux gsi=12 rte=0x0000000000000024
[kernel 39.660 cpu1] heartbeat: cpu0 last reached one 38.151s ago
[kernel 39.910 cpu2] heartbeat: t=39.910s alive=7/8 mask=0xfe ran=0 gap=0.250s
[kernel 39.910 cpu2] i8042: line status=0x1c irqs=288 bytes=288 kbd gsi=1 rte=0x0000000000000024 aux gsi=12 rte=0x0000000000000024
[kernel 39.910 cpu2] heartbeat: cpu0 last reached one 38.401s ago
[kernel 40.161 cpu2] heartbeat: t=40.161s alive=7/8 mask=0xfe ran=0 gap=0.250s
[kernel 40.161 cpu2] i8042: line status=0x1c irqs=288 bytes=288 kbd gsi=1 rte=0x0000000000000024 aux gsi=12 rte=0x0000000000000024
[kernel 40.161 cpu2] heartbeat: cpu0 last reached one 38.652s ago
[kernel 40.411 cpu1] heartbeat: t=40.411s alive=7/8 mask=0xfe ran=0 gap=0.250s
[kernel 40.411 cpu1] i8042: line status=0x1c irqs=288 bytes=288 kbd gsi=1 rte=0x0000000000000024 aux gsi=12 rte=0x0000000000000024
[kernel 40.411 cpu1] heartbeat: cpu0 last reached one 38.902s ago
[kernel 40.698 cpu2] heartbeat: t=40.698s alive=7/8 mask=0xfe ran=0 gap=0.286s
[kernel 40.698 cpu2] i8042: line status=0x1c irqs=288 bytes=288 kbd gsi=1 rte=0x0000000000000024 aux gsi=12 rte=0x0000000000000024
[kernel 40.698 cpu2] heartbeat: cpu0 last reached one 39.189s ago
[kernel 40.957 cpu1] heartbeat: t=40.957s alive=7/8 mask=0xfe ran=0 gap=0.259s
[kernel 40.957 cpu1] i8042: line status=0x1c irqs=288 bytes=288 kbd gsi=1 rte=0x0000000000000024 aux gsi=12 rte=0x0000000000000024
[kernel 40.957 cpu1] heartbeat: cpu0 last reached one 39.448s ago
[kernel 41.209 cpu6] heartbeat: t=41.209s alive=7/8 mask=0xfe ran=0 gap=0.252s
[kernel 41.209 cpu6] i8042: line status=0x1c irqs=288 bytes=288 kbd gsi=1 rte=0x0000000000000024 aux gsi=12 rte=0x0000000000000024
[kernel 41.209 cpu6] heartbeat: cpu0 last reached one 39.700s ago
[kernel 41.304 cpu4] PMM: 114/15962MB used (7924 pages free)
[kernel 41.304 cpu4]   kernel-heap  alloc=     6 free=     0 held=     6 (12MB) rate=0/s
[kernel 41.304 cpu4]   demand-page  alloc=     5 free=     1 held=     4 (8MB) rate=0/s
[kernel 41.304 cpu4]   mmap         alloc=    19 free=     1 held=    18 (36MB) rate=0/s
[kernel 41.304 cpu4]   shared-mem   alloc=     3 free=     0 held=     3 (6MB) rate=0/s
[kernel 41.304 cpu4]   elf          alloc=     4 free=     1 held=     3 (6MB) rate=0/s
[kernel 41.304 cpu4]   dma          alloc=     6 free=     0 held=     6 (12MB) rate=0/s
[kernel 41.304 cpu4]   framebuffer  alloc=     1 free=     0 held=     1 (2MB) rate=0/s
[kernel 41.304 cpu4]   stack        alloc=    16 free=     4 held=    12 (24MB) rate=0/s
[kernel 41.304 cpu4]   init-tls     alloc=     5 free=     1 held=     4 (8MB) rate=0/s
[kernel 41.344 cpu6] sched: cpu=6 ready=0 parked=0 current=None
[kernel 41.404 cpu7] sched: cpu=7 ready=0 parked=0 current=None
[kernel 41.405 cpu3] sched: cpu=3 ready=0 parked=1 current=None
[kernel 41.416 cpu5] sched: cpu=5 ready=0 parked=0 current=None
[kernel 41.423 cpu4] sched: cpu=4 ready=0 parked=1 current=None
[kernel 41.438 cpu2] sched: cpu=2 ready=0 parked=0 current=None
[kernel 41.460 cpu6] heartbeat: t=41.460s alive=7/8 mask=0xfe ran=0 gap=0.250s
[kernel 41.460 cpu6] i8042: line status=0x1c irqs=288 bytes=288 kbd gsi=1 rte=0x0000000000000024 aux gsi=12 rte=0x0000000000000024
[kernel 41.460 cpu6] heartbeat: cpu0 last reached one 39.951s ago
[kernel 41.483 cpu1] sched: cpu=1 ready=0 parked=1 current=None
[kernel 41.728 cpu5] heartbeat: t=41.728s alive=7/8 mask=0xfe ran=0 gap=0.267s
[kernel 41.728 cpu5] i8042: line status=0x1c irqs=288 bytes=288 kbd gsi=1 rte=0x0000000000000024 aux gsi=12 rte=0x0000000000000024
[kernel 41.728 cpu5] heartbeat: cpu0 last reached one 40.219s ago
[kernel 41.988 cpu1] heartbeat: t=41.988s alive=7/8 mask=0xfe ran=0 gap=0.260s
[kernel 41.988 cpu1] i8042: line status=0x1c irqs=288 bytes=288 kbd gsi=1 rte=0x0000000000000024 aux gsi=12 rte=0x0000000000000024
[kernel 41.988 cpu1] heartbeat: cpu0 last reached one 40.479s ago
[kernel 42.238 cpu4] heartbeat: t=42.238s alive=7/8 mask=0xfe ran=0 gap=0.250s
[kernel 42.238 cpu4] i8042: line status=0x1c irqs=288 bytes=288 kbd gsi=1 rte=0x0000000000000024 aux gsi=12 rte=0x0000000000000024
[kernel 42.238 cpu4] heartbeat: cpu0 last reached one 40.729s ago
[kernel 42.490 cpu4] heartbeat: t=42.490s alive=7/8 mask=0xfe ran=0 gap=0.251s
[kernel 42.490 cpu4] i8042: line status=0x1c irqs=288 bytes=288 kbd gsi=1 rte=0x0000000000000024 aux gsi=12 rte=0x0000000000000024
[kernel 42.490 cpu4] heartbeat: cpu0 last reached one 40.981s ago
[kernel 42.740 cpu4] heartbeat: t=42.740s alive=7/8 mask=0xfe ran=0 gap=0.250s
[kernel 42.740 cpu4] i8042: line status=0x1c irqs=288 bytes=288 kbd gsi=1 rte=0x0000000000000024 aux gsi=12 rte=0x0000000000000024
[kernel 42.740 cpu4] heartbeat: cpu0 last reached one 41.231s ago
[kernel 43.028 cpu7] heartbeat: t=43.028s alive=7/8 mask=0xfe ran=0 gap=0.287s
[kernel 43.028 cpu7] i8042: line status=0x1c irqs=288 bytes=288 kbd gsi=1 rte=0x0000000000000024 aux gsi=12 rte=0x0000000000000024
[kernel 43.028 cpu7] heartbeat: cpu0 last reached one 41.519s ago
[kernel 43.288 cpu4] heartbeat: t=43.288s alive=7/8 mask=0xfe ran=0 gap=0.259s
[kernel 43.288 cpu4] i8042: line status=0x1c irqs=288 bytes=288 kbd gsi=1 rte=0x0000000000000024 aux gsi=12 rte=0x0000000000000024
[kernel 43.288 cpu4] heartbeat: cpu0 last reached one 41.779s ago
[kernel 43.547 cpu1] heartbeat: t=43.547s alive=7/8 mask=0xfe ran=0 gap=0.259s
[kernel 43.547 cpu1] i8042: line status=0x1c irqs=288 bytes=288 kbd gsi=1 rte=0x0000000000000024 aux gsi=12 rte=0x0000000000000024
[kernel 43.547 cpu1] heartbeat: cpu0 last reached one 42.038s ago
[kernel 43.830 cpu4] heartbeat: t=43.830s alive=7/8 mask=0xfe ran=0 gap=0.282s
[kernel 43.830 cpu4] i8042: line status=0x1c irqs=288 bytes=288 kbd gsi=1 rte=0x0000000000000024 aux gsi=12 rte=0x0000000000000024
[kernel 43.830 cpu4] heartbeat: cpu0 last reached one 42.321s ago
[kernel 44.087 cpu1] heartbeat: t=44.087s alive=7/8 mask=0xfe ran=0 gap=0.257s
[kernel 44.087 cpu1] i8042: line status=0x1c irqs=288 bytes=288 kbd gsi=1 rte=0x0000000000000024 aux gsi=12 rte=0x0000000000000024
[kernel 44.088 cpu1] heartbeat: cpu0 last reached one 42.578s ago
[kernel 44.349 cpu2] heartbeat: t=44.349s alive=7/8 mask=0xfe ran=0 gap=0.261s
[kernel 44.349 cpu2] i8042: line status=0x1c irqs=288 bytes=288 kbd gsi=1 rte=0x0000000000000024 aux gsi=12 rte=0x0000000000000024
[kernel 44.349 cpu2] heartbeat: cpu0 last reached one 42.840s ago
[kernel 44.619 cpu1] heartbeat: t=44.619s alive=7/8 mask=0xfe ran=0 gap=0.269s
[kernel 44.619 cpu1] i8042: line status=0x1c irqs=288 bytes=288 kbd gsi=1 rte=0x0000000000000024 aux gsi=12 rte=0x0000000000000024
[kernel 44.619 cpu1] heartbeat: cpu0 last reached one 43.110s ago
[kernel 44.869 cpu6] heartbeat: t=44.869s alive=7/8 mask=0xfe ran=0 gap=0.250s
[kernel 44.869 cpu6] i8042: line status=0x1c irqs=288 bytes=288 kbd gsi=1 rte=0x0000000000000024 aux gsi=12 rte=0x0000000000000024
[kernel 44.869 cpu6] heartbeat: cpu0 last reached one 43.360s ago
[kernel 45.133 cpu3] heartbeat: t=45.133s alive=7/8 mask=0xfe ran=0 gap=0.263s
[kernel 45.133 cpu3] i8042: line status=0x1c irqs=288 bytes=288 kbd gsi=1 rte=0x0000000000000024 aux gsi=12 rte=0x0000000000000024
[kernel 45.133 cpu3] heartbeat: cpu0 last reached one 43.624s ago
[kernel 45.384 cpu6] heartbeat: t=45.384s alive=7/8 mask=0xfe ran=0 gap=0.250s
[kernel 45.384 cpu6] i8042: line status=0x1c irqs=288 bytes=288 kbd gsi=1 rte=0x0000000000000024 aux gsi=12 rte=0x0000000000000024
[kernel 45.384 cpu6] heartbeat: cpu0 last reached one 43.875s ago
[kernel 45.635 cpu1] heartbeat: t=45.635s alive=7/8 mask=0xfe ran=0 gap=0.251s
[kernel 45.635 cpu1] i8042: line status=0x1c irqs=288 bytes=288 kbd gsi=1 rte=0x0000000000000024 aux gsi=12 rte=0x0000000000000024
[kernel 45.635 cpu1] heartbeat: cpu0 last reached one 44.126s ago
[kernel 45.893 cpu6] heartbeat: t=45.893s alive=7/8 mask=0xfe ran=0 gap=0.257s
[kernel 45.893 cpu6] i8042: line status=0x1c irqs=288 bytes=288 kbd gsi=1 rte=0x0000000000000024 aux gsi=12 rte=0x0000000000000024
[kernel 45.893 cpu6] heartbeat: cpu0 last reached one 44.384s ago
[kernel 46.151 cpu6] heartbeat: t=46.151s alive=7/8 mask=0xfe ran=0 gap=0.258s
[kernel 46.151 cpu6] i8042: line status=0x1c irqs=288 bytes=288 kbd gsi=1 rte=0x0000000000000024 aux gsi=12 rte=0x0000000000000024
[kernel 46.151 cpu6] heartbeat: cpu0 last reached one 44.642s ago
[kernel 46.403 cpu6] heartbeat: t=46.403s alive=7/8 mask=0xfe ran=0 gap=0.252s
[kernel 46.403 cpu6] i8042: line status=0x1c irqs=288 bytes=288 kbd gsi=1 rte=0x0000000000000024 aux gsi=12 rte=0x0000000000000024
[kernel 46.403 cpu6] heartbeat: cpu0 last reached one 44.894s ago
[kernel 46.654 cpu3] heartbeat: t=46.654s alive=7/8 mask=0xfe ran=0 gap=0.250s
[kernel 46.654 cpu3] i8042: line status=0x1c irqs=288 bytes=288 kbd gsi=1 rte=0x0000000000000024 aux gsi=12 rte=0x0000000000000024
[kernel 46.654 cpu3] heartbeat: cpu0 last reached one 45.145s ago
[kernel 46.938 cpu5] heartbeat: t=46.938s alive=7/8 mask=0xfe ran=0 gap=0.283s
[kernel 46.938 cpu5] i8042: line status=0x1c irqs=288 bytes=288 kbd gsi=1 rte=0x0000000000000024 aux gsi=12 rte=0x0000000000000024
[kernel 46.938 cpu5] heartbeat: cpu0 last reached one 45.429s ago
[kernel 47.201 cpu3] heartbeat: t=47.201s alive=7/8 mask=0xfe ran=0 gap=0.263s
[kernel 47.201 cpu3] i8042: line status=0x1c irqs=288 bytes=288 kbd gsi=1 rte=0x0000000000000024 aux gsi=12 rte=0x0000000000000024
[kernel 47.201 cpu3] heartbeat: cpu0 last reached one 45.692s ago
[kernel 47.455 cpu4] heartbeat: t=47.455s alive=7/8 mask=0xfe ran=0 gap=0.253s
[kernel 47.455 cpu4] i8042: line status=0x1c irqs=288 bytes=288 kbd gsi=1 rte=0x0000000000000024 aux gsi=12 rte=0x0000000000000024
[kernel 47.455 cpu4] heartbeat: cpu0 last reached one 45.946s ago
[kernel 47.740 cpu1] heartbeat: t=47.740s alive=7/8 mask=0xfe ran=0 gap=0.285s
[kernel 47.740 cpu1] i8042: line status=0x1c irqs=288 bytes=288 kbd gsi=1 rte=0x0000000000000024 aux gsi=12 rte=0x0000000000000024
[kernel 47.740 cpu1] heartbeat: cpu0 last reached one 46.231s ago
[kernel 48.042 cpu3] heartbeat: t=48.042s alive=7/8 mask=0xfe ran=0 gap=0.301s
[kernel 48.042 cpu3] i8042: line status=0x1c irqs=288 bytes=288 kbd gsi=1 rte=0x0000000000000024 aux gsi=12 rte=0x0000000000000024
[kernel 48.042 cpu3] heartbeat: cpu0 last reached one 46.533s ago
[kernel 48.344 cpu6] heartbeat: t=48.344s alive=7/8 mask=0xfe ran=0 gap=0.302s
[kernel 48.344 cpu6] i8042: line status=0x1c irqs=288 bytes=288 kbd gsi=1 rte=0x0000000000000024 aux gsi=12 rte=0x0000000000000024
[kernel 48.344 cpu6] heartbeat: cpu0 last reached one 46.835s ago
[kernel 48.663 cpu3] heartbeat: t=48.663s alive=7/8 mask=0xfe ran=0 gap=0.319s
[kernel 48.663 cpu3] i8042: line status=0x1c irqs=288 bytes=288 kbd gsi=1 rte=0x0000000000000024 aux gsi=12 rte=0x0000000000000024
[kernel 48.663 cpu3] heartbeat: cpu0 last reached one 47.154s ago
[kernel 48.963 cpu6] heartbeat: t=48.963s alive=7/8 mask=0xfe ran=0 gap=0.300s
[kernel 48.963 cpu6] i8042: line status=0x1c irqs=288 bytes=288 kbd gsi=1 rte=0x0000000000000024 aux gsi=12 rte=0x0000000000000024
[kernel 48.963 cpu6] heartbeat: cpu0 last reached one 47.454s ago
[kernel 49.264 cpu7] heartbeat: t=49.264s alive=7/8 mask=0xfe ran=0 gap=0.300s
[kernel 49.264 cpu7] i8042: line status=0x1c irqs=288 bytes=288 kbd gsi=1 rte=0x0000000000000024 aux gsi=12 rte=0x0000000000000024
[kernel 49.264 cpu7] heartbeat: cpu0 last reached one 47.755s ago
[kernel 49.569 cpu2] heartbeat: t=49.569s alive=7/8 mask=0xfe ran=0 gap=0.305s
[kernel 49.569 cpu2] i8042: line status=0x1c irqs=288 bytes=288 kbd gsi=1 rte=0x0000000000000024 aux gsi=12 rte=0x0000000000000024
[kernel 49.569 cpu2] heartbeat: cpu0 last reached one 48.060s ago
[kernel 49.875 cpu7] heartbeat: t=49.875s alive=7/8 mask=0xfe ran=0 gap=0.305s
[kernel 49.875 cpu7] i8042: line status=0x1c irqs=288 bytes=288 kbd gsi=1 rte=0x0000000000000024 aux gsi=12 rte=0x0000000000000024
[kernel 49.875 cpu7] heartbeat: cpu0 last reached one 48.365s ago
[kernel 50.176 cpu1] heartbeat: t=50.176s alive=7/8 mask=0xfe ran=0 gap=0.301s
[kernel 50.176 cpu1] i8042: line status=0x1c irqs=288 bytes=288 kbd gsi=1 rte=0x0000000000000024 aux gsi=12 rte=0x0000000000000024
[kernel 50.176 cpu1] heartbeat: cpu0 last reached one 48.667s ago
[kernel 50.434 cpu1] heartbeat: t=50.434s alive=7/8 mask=0xfe ran=0 gap=0.258s
[kernel 50.434 cpu1] i8042: line status=0x1c irqs=288 bytes=288 kbd gsi=1 rte=0x0000000000000024 aux gsi=12 rte=0x0000000000000024
[kernel 50.435 cpu1] heartbeat: cpu0 last reached one 48.925s ago
[kernel 50.690 cpu3] heartbeat: t=50.690s alive=7/8 mask=0xfe ran=0 gap=0.255s
[kernel 50.690 cpu3] i8042: line status=0x1c irqs=288 bytes=288 kbd gsi=1 rte=0x0000000000000024 aux gsi=12 rte=0x0000000000000024
[kernel 50.690 cpu3] heartbeat: cpu0 last reached one 49.181s ago
[kernel 50.941 cpu3] heartbeat: t=50.941s alive=7/8 mask=0xfe ran=0 gap=0.251s
[kernel 50.941 cpu3] i8042: line status=0x1c irqs=288 bytes=288 kbd gsi=1 rte=0x0000000000000024 aux gsi=12 rte=0x0000000000000024
[kernel 50.942 cpu3] heartbeat: cpu0 last reached one 49.432s ago
[kernel 51.206 cpu1] heartbeat: t=51.206s alive=7/8 mask=0xfe ran=0 gap=0.264s
[kernel 51.206 cpu1] i8042: line status=0x1c irqs=288 bytes=288 kbd gsi=1 rte=0x0000000000000024 aux gsi=12 rte=0x0000000000000024
[kernel 51.206 cpu1] heartbeat: cpu0 last reached one 49.697s ago
[kernel 51.338 cpu1] PMM: 114/15962MB used (7924 pages free)
[kernel 51.338 cpu1]   kernel-heap  alloc=     6 free=     0 held=     6 (12MB) rate=0/s
[kernel 51.338 cpu1]   demand-page  alloc=     5 free=     1 held=     4 (8MB) rate=0/s
[kernel 51.338 cpu1]   mmap         alloc=    19 free=     1 held=    18 (36MB) rate=0/s
[kernel 51.338 cpu1]   shared-mem   alloc=     3 free=     0 held=     3 (6MB) rate=0/s
[kernel 51.338 cpu1]   elf          alloc=     4 free=     1 held=     3 (6MB) rate=0/s
[kernel 51.338 cpu1]   dma          alloc=     6 free=     0 held=     6 (12MB) rate=0/s
[kernel 51.338 cpu1]   framebuffer  alloc=     1 free=     0 held=     1 (2MB) rate=0/s
[kernel 51.338 cpu1]   stack        alloc=    16 free=     4 held=    12 (24MB) rate=0/s
[kernel 51.338 cpu1]   init-tls     alloc=     5 free=     1 held=     4 (8MB) rate=0/s
[kernel 51.378 cpu6] sched: cpu=6 ready=0 parked=0 current=None
[kernel 51.475 cpu1] heartbeat: t=51.475s alive=7/8 mask=0xfe ran=0 gap=0.269s
[kernel 51.475 cpu1] i8042: line status=0x1c irqs=288 bytes=288 kbd gsi=1 rte=0x0000000000000024 aux gsi=12 rte=0x0000000000000024
[kernel 51.476 cpu1] heartbeat: cpu0 last reached one 49.966s ago
[kernel 51.478 cpu2] sched: cpu=2 ready=0 parked=0 current=None
[kernel 51.479 cpu7] sched: cpu=7 ready=0 parked=0 current=None
[kernel 51.481 cpu4] sched: cpu=4 ready=0 parked=1 current=None
[kernel 51.484 cpu5] sched: cpu=5 ready=0 parked=0 current=None
[kernel 51.487 cpu3] sched: cpu=3 ready=0 parked=1 current=None
[kernel 51.507 cpu1] sched: cpu=1 ready=0 parked=1 current=None
[kernel 51.726 cpu7] heartbeat: t=51.726s alive=7/8 mask=0xfe ran=0 gap=0.250s
[kernel 51.726 cpu7] i8042: line status=0x1c irqs=288 bytes=288 kbd gsi=1 rte=0x0000000000000024 aux gsi=12 rte=0x0000000000000024
[kernel 51.726 cpu7] heartbeat: cpu0 last reached one 50.217s ago
[kernel 52.007 cpu4] heartbeat: t=52.007s alive=7/8 mask=0xfe ran=0 gap=0.280s
[kernel 52.007 cpu4] i8042: line status=0x1c irqs=288 bytes=288 kbd gsi=1 rte=0x0000000000000024 aux gsi=12 rte=0x0000000000000024
[kernel 52.007 cpu4] heartbeat: cpu0 last reached one 50.498s ago
[kernel 52.307 cpu6] heartbeat: t=52.307s alive=7/8 mask=0xfe ran=0 gap=0.300s
[kernel 52.307 cpu6] i8042: line status=0x1c irqs=288 bytes=288 kbd gsi=1 rte=0x0000000000000024 aux gsi=12 rte=0x0000000000000024
[kernel 52.307 cpu6] heartbeat: cpu0 last reached one 50.798s ago
[kernel 52.607 cpu5] heartbeat: t=52.607s alive=7/8 mask=0xfe ran=0 gap=0.300s
[kernel 52.607 cpu5] i8042: line status=0x1c irqs=288 bytes=288 kbd gsi=1 rte=0x0000000000000024 aux gsi=12 rte=0x0000000000000024
[kernel 52.607 cpu5] heartbeat: cpu0 last reached one 51.098s ago
[kernel 52.907 cpu1] heartbeat: t=52.907s alive=7/8 mask=0xfe ran=0 gap=0.300s
[kernel 52.907 cpu1] i8042: line status=0x1c irqs=288 bytes=288 kbd gsi=1 rte=0x0000000000000024 aux gsi=12 rte=0x0000000000000024
[kernel 52.907 cpu1] heartbeat: cpu0 last reached one 51.398s ago
[kernel 53.167 cpu1] heartbeat: t=53.167s alive=7/8 mask=0xfe ran=0 gap=0.259s
[kernel 53.167 cpu1] i8042: line status=0x1c irqs=288 bytes=288 kbd gsi=1 rte=0x0000000000000024 aux gsi=12 rte=0x0000000000000024
[kernel 53.167 cpu1] heartbeat: cpu0 last reached one 51.658s ago
[kernel 53.418 cpu3] heartbeat: t=53.418s alive=7/8 mask=0xfe ran=0 gap=0.251s
[kernel 53.418 cpu3] i8042: line status=0x1c irqs=288 bytes=288 kbd gsi=1 rte=0x0000000000000024 aux gsi=12 rte=0x0000000000000024
[kernel 53.418 cpu3] heartbeat: cpu0 last reached one 51.909s ago
[kernel 53.669 cpu3] heartbeat: t=53.669s alive=7/8 mask=0xfe ran=0 gap=0.250s
[kernel 53.669 cpu3] i8042: line status=0x1c irqs=288 bytes=288 kbd gsi=1 rte=0x0000000000000024 aux gsi=12 rte=0x0000000000000024
[kernel 53.669 cpu3] heartbeat: cpu0 last reached one 52.160s ago
[kernel 53.920 cpu1] heartbeat: t=53.920s alive=7/8 mask=0xfe ran=0 gap=0.251s
[kernel 53.920 cpu1] i8042: line status=0x1c irqs=288 bytes=288 kbd gsi=1 rte=0x0000000000000024 aux gsi=12 rte=0x0000000000000024
[kernel 53.920 cpu1] heartbeat: cpu0 last reached one 52.411s ago
[kernel 54.206 cpu3] heartbeat: t=54.206s alive=7/8 mask=0xfe ran=0 gap=0.285s
[kernel 54.206 cpu3] i8042: line status=0x1c irqs=288 bytes=288 kbd gsi=1 rte=0x0000000000000024 aux gsi=12 rte=0x0000000000000024
[kernel 54.206 cpu3] heartbeat: cpu0 last reached one 52.697s ago
[kernel 54.466 cpu1] heartbeat: t=54.466s alive=7/8 mask=0xfe ran=0 gap=0.259s
[kernel 54.466 cpu1] i8042: line status=0x1c irqs=288 bytes=288 kbd gsi=1 rte=0x0000000000000024 aux gsi=12 rte=0x0000000000000024
[kernel 54.466 cpu1] heartbeat: cpu0 last reached one 52.957s ago
[kernel 54.718 cpu2] heartbeat: t=54.718s alive=7/8 mask=0xfe ran=0 gap=0.252s
[kernel 54.718 cpu2] i8042: line status=0x1c irqs=288 bytes=288 kbd gsi=1 rte=0x0000000000000024 aux gsi=12 rte=0x0000000000000024
[kernel 54.718 cpu2] heartbeat: cpu0 last reached one 53.209s ago
[kernel 54.992 cpu1] heartbeat: t=54.992s alive=7/8 mask=0xfe ran=0 gap=0.274s
[kernel 54.992 cpu1] i8042: line status=0x1c irqs=288 bytes=288 kbd gsi=1 rte=0x0000000000000024 aux gsi=12 rte=0x0000000000000024
[kernel 54.992 cpu1] heartbeat: cpu0 last reached one 53.483s ago
[kernel 55.246 cpu3] heartbeat: t=55.246s alive=7/8 mask=0xfe ran=0 gap=0.253s
[kernel 55.246 cpu3] i8042: line status=0x1c irqs=288 bytes=288 kbd gsi=1 rte=0x0000000000000024 aux gsi=12 rte=0x0000000000000024
[kernel 55.246 cpu3] heartbeat: cpu0 last reached one 53.737s ago
[kernel 55.512 cpu5] heartbeat: t=55.512s alive=7/8 mask=0xfe ran=0 gap=0.266s
[kernel 55.512 cpu5] i8042: line status=0x1c irqs=288 bytes=288 kbd gsi=1 rte=0x0000000000000024 aux gsi=12 rte=0x0000000000000024
[kernel 55.512 cpu5] heartbeat: cpu0 last reached one 54.003s ago
[kernel 55.766 cpu3] heartbeat: t=55.766s alive=7/8 mask=0xfe ran=0 gap=0.253s
[kernel 55.766 cpu3] i8042: line status=0x1c irqs=288 bytes=288 kbd gsi=1 rte=0x0000000000000024 aux gsi=12 rte=0x0000000000000024
[kernel 55.766 cpu3] heartbeat: cpu0 last reached one 54.257s ago
[kernel 56.027 cpu6] heartbeat: t=56.027s alive=7/8 mask=0xfe ran=0 gap=0.261s
[kernel 56.027 cpu6] i8042: line status=0x1c irqs=288 bytes=288 kbd gsi=1 rte=0x0000000000000024 aux gsi=12 rte=0x0000000000000024
[kernel 56.027 cpu6] heartbeat: cpu0 last reached one 54.518s ago
[kernel 56.280 cpu3] heartbeat: t=56.280s alive=7/8 mask=0xfe ran=0 gap=0.252s
[kernel 56.280 cpu3] i8042: line status=0x1c irqs=288 bytes=288 kbd gsi=1 rte=0x0000000000000024 aux gsi=12 rte=0x0000000000000024
[kernel 56.280 cpu3] heartbeat: cpu0 last reached one 54.771s ago
[kernel 56.538 cpu6] heartbeat: t=56.538s alive=7/8 mask=0xfe ran=0 gap=0.258s
[kernel 56.538 cpu6] i8042: line status=0x1c irqs=288 bytes=288 kbd gsi=1 rte=0x0000000000000024 aux gsi=12 rte=0x0000000000000024
[kernel 56.538 cpu6] heartbeat: cpu0 last reached one 55.029s ago
[kernel 56.789 cpu3] heartbeat: t=56.789s alive=7/8 mask=0xfe ran=0 gap=0.251s
[kernel 56.789 cpu3] i8042: line status=0x1c irqs=288 bytes=288 kbd gsi=1 rte=0x0000000000000024 aux gsi=12 rte=0x0000000000000024
[kernel 56.789 cpu3] heartbeat: cpu0 last reached one 55.280s ago
[kernel 57.041 cpu7] heartbeat: t=57.041s alive=7/8 mask=0xfe ran=0 gap=0.251s
[kernel 57.041 cpu7] i8042: line status=0x1c irqs=288 bytes=288 kbd gsi=1 rte=0x0000000000000024 aux gsi=12 rte=0x0000000000000024
[kernel 57.041 cpu7] heartbeat: cpu0 last reached one 55.532s ago
[kernel 57.293 cpu7] heartbeat: t=57.293s alive=7/8 mask=0xfe ran=0 gap=0.251s
[kernel 57.293 cpu7] i8042: line status=0x1c irqs=288 bytes=288 kbd gsi=1 rte=0x0000000000000024 aux gsi=12 rte=0x0000000000000024
[kernel 57.293 cpu7] heartbeat: cpu0 last reached one 55.784s ago
[kernel 57.543 cpu6] heartbeat: t=57.543s alive=7/8 mask=0xfe ran=0 gap=0.250s
[kernel 57.543 cpu6] i8042: line status=0x1c irqs=288 bytes=288 kbd gsi=1 rte=0x0000000000000024 aux gsi=12 rte=0x0000000000000024
[kernel 57.543 cpu6] heartbeat: cpu0 last reached one 56.034s ago
[kernel 57.814 cpu1] heartbeat: t=57.814s alive=7/8 mask=0xfe ran=0 gap=0.270s
[kernel 57.814 cpu1] i8042: line status=0x1c irqs=288 bytes=288 kbd gsi=1 rte=0x0000000000000024 aux gsi=12 rte=0x0000000000000024
[kernel 57.814 cpu1] heartbeat: cpu0 last reached one 56.305s ago
[kernel 58.089 cpu6] heartbeat: t=58.089s alive=7/8 mask=0xfe ran=0 gap=0.275s
[kernel 58.089 cpu6] i8042: line status=0x1c irqs=288 bytes=288 kbd gsi=1 rte=0x0000000000000024 aux gsi=12 rte=0x0000000000000024
[kernel 58.089 cpu6] heartbeat: cpu0 last reached one 56.580s ago
[kernel 58.339 cpu5] heartbeat: t=58.339s alive=7/8 mask=0xfe ran=0 gap=0.250s
[kernel 58.339 cpu5] i8042: line status=0x1c irqs=288 bytes=288 kbd gsi=1 rte=0x0000000000000024 aux gsi=12 rte=0x0000000000000024
[kernel 58.339 cpu5] heartbeat: cpu0 last reached one 56.830s ago
[kernel 58.629 cpu6] heartbeat: t=58.629s alive=7/8 mask=0xfe ran=0 gap=0.290s
[kernel 58.629 cpu6] i8042: line status=0x1c irqs=288 bytes=288 kbd gsi=1 rte=0x0000000000000024 aux gsi=12 rte=0x0000000000000024
[kernel 58.629 cpu6] heartbeat: cpu0 last reached one 57.120s ago
[kernel 58.939 cpu4] heartbeat: t=58.939s alive=7/8 mask=0xfe ran=0 gap=0.309s
[kernel 58.939 cpu4] i8042: line status=0x1c irqs=288 bytes=288 kbd gsi=1 rte=0x0000000000000024 aux gsi=12 rte=0x0000000000000024
[kernel 58.939 cpu4] heartbeat: cpu0 last reached one 57.430s ago
[kernel 59.243 cpu7] heartbeat: t=59.243s alive=7/8 mask=0xfe ran=0 gap=0.304s
[kernel 59.243 cpu7] i8042: line status=0x1c irqs=288 bytes=288 kbd gsi=1 rte=0x0000000000000024 aux gsi=12 rte=0x0000000000000024
[kernel 59.243 cpu7] heartbeat: cpu0 last reached one 57.734s ago
[kernel 59.546 cpu1] heartbeat: t=59.546s alive=7/8 mask=0xfe ran=0 gap=0.302s
[kernel 59.546 cpu1] i8042: line status=0x1c irqs=288 bytes=288 kbd gsi=1 rte=0x0000000000000024 aux gsi=12 rte=0x0000000000000024
[kernel 59.546 cpu1] heartbeat: cpu0 last reached one 58.037s ago
[kernel 59.848 cpu3] heartbeat: t=59.848s alive=7/8 mask=0xfe ran=0 gap=0.302s
[kernel 59.848 cpu3] i8042: line status=0x1c irqs=288 bytes=288 kbd gsi=1 rte=0x0000000000000024 aux gsi=12 rte=0x0000000000000024
[kernel 59.849 cpu3] heartbeat: cpu0 last reached one 58.339s ago
[kernel 60.154 cpu2] heartbeat: t=60.154s alive=7/8 mask=0xfe ran=0 gap=0.305s
[kernel 60.154 cpu2] i8042: line status=0x1c irqs=288 bytes=288 kbd gsi=1 rte=0x0000000000000024 aux gsi=12 rte=0x0000000000000024
[kernel 60.154 cpu2] heartbeat: cpu0 last reached one 58.645s ago
[kernel 60.460 cpu4] heartbeat: t=60.460s alive=7/8 mask=0xfe ran=0 gap=0.306s
[kernel 60.460 cpu4] i8042: line status=0x1c irqs=288 bytes=288 kbd gsi=1 rte=0x0000000000000024 aux gsi=12 rte=0x0000000000000024
[kernel 60.460 cpu4] heartbeat: cpu0 last reached one 58.951s ago
[kernel 60.762 cpu1] heartbeat: t=60.762s alive=7/8 mask=0xfe ran=0 gap=0.301s
[kernel 60.762 cpu1] i8042: line status=0x1c irqs=288 bytes=288 kbd gsi=1 rte=0x0000000000000024 aux gsi=12 rte=0x0000000000000024
[kernel 60.762 cpu1] heartbeat: cpu0 last reached one 59.253s ago
[kernel 61.063 cpu3] heartbeat: t=61.063s alive=7/8 mask=0xfe ran=0 gap=0.301s
[kernel 61.063 cpu3] i8042: line status=0x1c irqs=288 bytes=288 kbd gsi=1 rte=0x0000000000000024 aux gsi=12 rte=0x0000000000000024
[kernel 61.063 cpu3] heartbeat: cpu0 last reached one 59.554s ago
[kernel 61.321 cpu3] heartbeat: t=61.321s alive=7/8 mask=0xfe ran=0 gap=0.258s
[kernel 61.321 cpu3] i8042: line status=0x1c irqs=288 bytes=288 kbd gsi=1 rte=0x0000000000000024 aux gsi=12 rte=0x0000000000000024
[kernel 61.321 cpu3] heartbeat: cpu0 last reached one 59.812s ago
[kernel 61.364 cpu6] PMM: 114/15962MB used (7924 pages free)
[kernel 61.364 cpu6]   kernel-heap  alloc=     6 free=     0 held=     6 (12MB) rate=0/s
[kernel 61.364 cpu6]   demand-page  alloc=     5 free=     1 held=     4 (8MB) rate=0/s
[kernel 61.364 cpu6]   mmap         alloc=    19 free=     1 held=    18 (36MB) rate=0/s
[kernel 61.364 cpu6]   shared-mem   alloc=     3 free=     0 held=     3 (6MB) rate=0/s
[kernel 61.364 cpu6]   elf          alloc=     4 free=     1 held=     3 (6MB) rate=0/s
[kernel 61.364 cpu6]   dma          alloc=     6 free=     0 held=     6 (12MB) rate=0/s
[kernel 61.364 cpu6]   framebuffer  alloc=     1 free=     0 held=     1 (2MB) rate=0/s
[kernel 61.364 cpu6]   stack        alloc=    16 free=     4 held=    12 (24MB) rate=0/s
[kernel 61.364 cpu6]   init-tls     alloc=     5 free=     1 held=     4 (8MB) rate=0/s
[kernel 61.509 cpu6] sched: cpu=6 ready=0 parked=0 current=None
[kernel 61.562 cpu3] sched: cpu=3 ready=0 parked=1 current=None
[kernel 61.565 cpu2] sched: cpu=2 ready=0 parked=0 current=None
[kernel 61.566 cpu5] sched: cpu=5 ready=0 parked=0 current=None
[kernel 61.567 cpu1] sched: cpu=1 ready=0 parked=1 current=None
[kernel 61.571 cpu1] heartbeat: t=61.571s alive=7/8 mask=0xfe ran=0 gap=0.250s
[kernel 61.571 cpu1] i8042: line status=0x1c irqs=288 bytes=288 kbd gsi=1 rte=0x0000000000000024 aux gsi=12 rte=0x0000000000000024
[kernel 61.571 cpu1] heartbeat: cpu0 last reached one 60.062s ago
[kernel 61.573 cpu7] sched: cpu=7 ready=0 parked=0 current=None
[kernel 61.580 cpu4] sched: cpu=4 ready=0 parked=1 current=None
[kernel 61.832 cpu5] heartbeat: t=61.832s alive=7/8 mask=0xfe ran=0 gap=0.260s
[kernel 61.832 cpu5] i8042: line status=0x1c irqs=288 bytes=288 kbd gsi=1 rte=0x0000000000000024 aux gsi=12 rte=0x0000000000000024
[kernel 61.832 cpu5] heartbeat: cpu0 last reached one 60.323s ago
[kernel 62.093 cpu4] heartbeat: t=62.093s alive=7/8 mask=0xfe ran=0 gap=0.261s
[kernel 62.093 cpu4] i8042: line status=0x1c irqs=288 bytes=288 kbd gsi=1 rte=0x0000000000000024 aux gsi=12 rte=0x0000000000000024
[kernel 62.093 cpu4] heartbeat: cpu0 last reached one 60.584s ago
[kernel 62.344 cpu4] heartbeat: t=62.344s alive=7/8 mask=0xfe ran=0 gap=0.251s
[kernel 62.344 cpu4] i8042: line status=0x1c irqs=288 bytes=288 kbd gsi=1 rte=0x0000000000000024 aux gsi=12 rte=0x0000000000000024
[kernel 62.344 cpu4] heartbeat: cpu0 last reached one 60.835s ago
[kernel 62.625 cpu1] heartbeat: t=62.625s alive=7/8 mask=0xfe ran=0 gap=0.280s
[kernel 62.625 cpu1] i8042: line status=0x1c irqs=288 bytes=288 kbd gsi=1 rte=0x0000000000000024 aux gsi=12 rte=0x0000000000000024
[kernel 62.625 cpu1] heartbeat: cpu0 last reached one 61.116s ago
[kernel 62.893 cpu2] heartbeat: t=62.893s alive=7/8 mask=0xfe ran=0 gap=0.268s
[kernel 62.893 cpu2] i8042: line status=0x1c irqs=288 bytes=288 kbd gsi=1 rte=0x0000000000000024 aux gsi=12 rte=0x0000000000000024
[kernel 62.894 cpu2] heartbeat: cpu0 last reached one 61.384s ago
[kernel 63.150 cpu1] heartbeat: t=63.150s alive=7/8 mask=0xfe ran=0 gap=0.256s
[kernel 63.150 cpu1] i8042: line status=0x1c irqs=288 bytes=288 kbd gsi=1 rte=0x0000000000000024 aux gsi=12 rte=0x0000000000000024
[kernel 63.150 cpu1] heartbeat: cpu0 last reached one 61.641s ago
[kernel 63.404 cpu3] heartbeat: t=63.404s alive=7/8 mask=0xfe ran=0 gap=0.254s
[kernel 63.404 cpu3] i8042: line status=0x1c irqs=288 bytes=288 kbd gsi=1 rte=0x0000000000000024 aux gsi=12 rte=0x0000000000000024
[kernel 63.404 cpu3] heartbeat: cpu0 last reached one 61.895s ago
[kernel 63.659 cpu1] heartbeat: t=63.659s alive=7/8 mask=0xfe ran=0 gap=0.254s
[kernel 63.659 cpu1] i8042: line status=0x1c irqs=288 bytes=288 kbd gsi=1 rte=0x0000000000000024 aux gsi=12 rte=0x0000000000000024
[kernel 63.659 cpu1] heartbeat: cpu0 last reached one 62.150s ago
[kernel 63.909 cpu3] heartbeat: t=63.909s alive=7/8 mask=0xfe ran=0 gap=0.250s
[kernel 63.909 cpu3] i8042: line status=0x1c irqs=288 bytes=288 kbd gsi=1 rte=0x0000000000000024 aux gsi=12 rte=0x0000000000000024
[kernel 63.909 cpu3] heartbeat: cpu0 last reached one 62.400s ago
[kernel 64.159 cpu3] heartbeat: t=64.159s alive=7/8 mask=0xfe ran=0 gap=0.250s
[kernel 64.159 cpu3] i8042: line status=0x1c irqs=288 bytes=288 kbd gsi=1 rte=0x0000000000000024 aux gsi=12 rte=0x0000000000000024
[kernel 64.159 cpu3] heartbeat: cpu0 last reached one 62.650s ago
[kernel 64.415 cpu2] heartbeat: t=64.415s alive=7/8 mask=0xfe ran=0 gap=0.255s
[kernel 64.415 cpu2] i8042: line status=0x1c irqs=288 bytes=288 kbd gsi=1 rte=0x0000000000000024 aux gsi=12 rte=0x0000000000000024
[kernel 64.415 cpu2] heartbeat: cpu0 last reached one 62.906s ago
[kernel 64.694 cpu7] heartbeat: t=64.694s alive=7/8 mask=0xfe ran=0 gap=0.278s
[kernel 64.694 cpu7] i8042: line status=0x1c irqs=288 bytes=288 kbd gsi=1 rte=0x0000000000000024 aux gsi=12 rte=0x0000000000000024
[kernel 64.694 cpu7] heartbeat: cpu0 last reached one 63.185s ago
[kernel 64.951 cpu6] heartbeat: t=64.951s alive=7/8 mask=0xfe ran=0 gap=0.257s
[kernel 64.951 cpu6] i8042: line status=0x1c irqs=288 bytes=288 kbd gsi=1 rte=0x0000000000000024 aux gsi=12 rte=0x0000000000000024
[kernel 64.951 cpu6] heartbeat: cpu0 last reached one 63.442s ago
[kernel 65.206 cpu3] heartbeat: t=65.206s alive=7/8 mask=0xfe ran=0 gap=0.254s
[kernel 65.206 cpu3] i8042: line status=0x1c irqs=288 bytes=288 kbd gsi=1 rte=0x0000000000000024 aux gsi=12 rte=0x0000000000000024
[kernel 65.206 cpu3] heartbeat: cpu0 last reached one 63.697s ago
[kernel 65.461 cpu4] heartbeat: t=65.461s alive=7/8 mask=0xfe ran=0 gap=0.254s
[kernel 65.461 cpu4] i8042: line status=0x1c irqs=288 bytes=288 kbd gsi=1 rte=0x0000000000000024 aux gsi=12 rte=0x0000000000000024
[kernel 65.461 cpu4] heartbeat: cpu0 last reached one 63.952s ago
[kernel 65.718 cpu1] heartbeat: t=65.718s alive=7/8 mask=0xfe ran=0 gap=0.257s
[kernel 65.718 cpu1] i8042: line status=0x1c irqs=288 bytes=288 kbd gsi=1 rte=0x0000000000000024 aux gsi=12 rte=0x0000000000000024
[kernel 65.718 cpu1] heartbeat: cpu0 last reached one 64.209s ago
[kernel 65.992 cpu6] heartbeat: t=65.992s alive=7/8 mask=0xfe ran=0 gap=0.273s
[kernel 65.992 cpu6] i8042: line status=0x1c irqs=288 bytes=288 kbd gsi=1 rte=0x0000000000000024 aux gsi=12 rte=0x0000000000000024
[kernel 65.992 cpu6] heartbeat: cpu0 last reached one 64.483s ago
[kernel 66.254 cpu5] heartbeat: t=66.254s alive=7/8 mask=0xfe ran=0 gap=0.261s
[kernel 66.254 cpu5] i8042: line status=0x1c irqs=288 bytes=288 kbd gsi=1 rte=0x0000000000000024 aux gsi=12 rte=0x0000000000000024
[kernel 66.254 cpu5] heartbeat: cpu0 last reached one 64.745s ago
[kernel 66.522 cpu6] heartbeat: t=66.522s alive=7/8 mask=0xfe ran=0 gap=0.268s
[kernel 66.522 cpu6] i8042: line status=0x1c irqs=288 bytes=288 kbd gsi=1 rte=0x0000000000000024 aux gsi=12 rte=0x0000000000000024
[kernel 66.522 cpu6] heartbeat: cpu0 last reached one 65.013s ago
[kernel 66.796 cpu4] heartbeat: t=66.796s alive=7/8 mask=0xfe ran=0 gap=0.274s
[kernel 66.796 cpu4] i8042: line status=0x1c irqs=288 bytes=288 kbd gsi=1 rte=0x0000000000000024 aux gsi=12 rte=0x0000000000000024
[kernel 66.796 cpu4] heartbeat: cpu0 last reached one 65.287s ago
[kernel 67.061 cpu2] heartbeat: t=67.061s alive=7/8 mask=0xfe ran=0 gap=0.265s
[kernel 67.061 cpu2] i8042: line status=0x1c irqs=288 bytes=288 kbd gsi=1 rte=0x0000000000000024 aux gsi=12 rte=0x0000000000000024
[kernel 67.061 cpu2] heartbeat: cpu0 last reached one 65.552s ago
[kernel 67.326 cpu7] heartbeat: t=67.326s alive=7/8 mask=0xfe ran=0 gap=0.264s
[kernel 67.326 cpu7] i8042: line status=0x1c irqs=288 bytes=288 kbd gsi=1 rte=0x0000000000000024 aux gsi=12 rte=0x0000000000000024
[kernel 67.326 cpu7] heartbeat: cpu0 last reached one 65.817s ago
[kernel 67.585 cpu7] heartbeat: t=67.585s alive=7/8 mask=0xfe ran=0 gap=0.258s
[kernel 67.585 cpu7] i8042: line status=0x1c irqs=288 bytes=288 kbd gsi=1 rte=0x0000000000000024 aux gsi=12 rte=0x0000000000000024
[kernel 67.585 cpu7] heartbeat: cpu0 last reached one 66.076s ago
[kernel 67.836 cpu6] heartbeat: t=67.836s alive=7/8 mask=0xfe ran=0 gap=0.251s
[kernel 67.836 cpu6] i8042: line status=0x1c irqs=288 bytes=288 kbd gsi=1 rte=0x0000000000000024 aux gsi=12 rte=0x0000000000000024
[kernel 67.836 cpu6] heartbeat: cpu0 last reached one 66.327s ago
[kernel 68.087 cpu6] heartbeat: t=68.087s alive=7/8 mask=0xfe ran=0 gap=0.250s
[kernel 68.087 cpu6] i8042: line status=0x1c irqs=288 bytes=288 kbd gsi=1 rte=0x0000000000000024 aux gsi=12 rte=0x0000000000000024
[kernel 68.087 cpu6] heartbeat: cpu0 last reached one 66.578s ago
[kernel 68.340 cpu1] heartbeat: t=68.340s alive=7/8 mask=0xfe ran=0 gap=0.252s
[kernel 68.340 cpu1] i8042: line status=0x1c irqs=288 bytes=288 kbd gsi=1 rte=0x0000000000000024 aux gsi=12 rte=0x0000000000000024
[kernel 68.340 cpu1] heartbeat: cpu0 last reached one 66.830s ago
[kernel 68.607 cpu4] heartbeat: t=68.607s alive=7/8 mask=0xfe ran=0 gap=0.267s
[kernel 68.607 cpu4] i8042: line status=0x1c irqs=288 bytes=288 kbd gsi=1 rte=0x0000000000000024 aux gsi=12 rte=0x0000000000000024
[kernel 68.607 cpu4] heartbeat: cpu0 last reached one 67.098s ago
[kernel 68.870 cpu5] heartbeat: t=68.870s alive=7/8 mask=0xfe ran=0 gap=0.263s
[kernel 68.870 cpu5] i8042: line status=0x1c irqs=288 bytes=288 kbd gsi=1 rte=0x0000000000000024 aux gsi=12 rte=0x0000000000000024
[kernel 68.870 cpu5] heartbeat: cpu0 last reached one 67.361s ago
[kernel 69.133 cpu3] heartbeat: t=69.133s alive=7/8 mask=0xfe ran=0 gap=0.263s
[kernel 69.133 cpu3] i8042: line status=0x1c irqs=288 bytes=288 kbd gsi=1 rte=0x0000000000000024 aux gsi=12 rte=0x0000000000000024
[kernel 69.133 cpu3] heartbeat: cpu0 last reached one 67.624s ago
[kernel 69.384 cpu1] heartbeat: t=69.384s alive=7/8 mask=0xfe ran=0 gap=0.250s
[kernel 69.384 cpu1] i8042: line status=0x1c irqs=288 bytes=288 kbd gsi=1 rte=0x0000000000000024 aux gsi=12 rte=0x0000000000000024
[kernel 69.384 cpu1] heartbeat: cpu0 last reached one 67.875s ago
[kernel 69.639 cpu4] heartbeat: t=69.639s alive=7/8 mask=0xfe ran=0 gap=0.254s
[kernel 69.639 cpu4] i8042: line status=0x1c irqs=288 bytes=288 kbd gsi=1 rte=0x0000000000000024 aux gsi=12 rte=0x0000000000000024
[kernel 69.639 cpu4] heartbeat: cpu0 last reached one 68.130s ago
[kernel 69.910 cpu5] heartbeat: t=69.910s alive=7/8 mask=0xfe ran=0 gap=0.271s
[kernel 69.910 cpu5] i8042: line status=0x1c irqs=288 bytes=288 kbd gsi=1 rte=0x0000000000000024 aux gsi=12 rte=0x0000000000000024
[kernel 69.910 cpu5] heartbeat: cpu0 last reached one 68.401s ago
[kernel 70.171 cpu2] heartbeat: t=70.171s alive=7/8 mask=0xfe ran=0 gap=0.260s
[kernel 70.171 cpu2] i8042: line status=0x1c irqs=288 bytes=288 kbd gsi=1 rte=0x0000000000000024 aux gsi=12 rte=0x0000000000000024
[kernel 70.171 cpu2] heartbeat: cpu0 last reached one 68.661s ago
[kernel 70.434 cpu6] heartbeat: t=70.434s alive=7/8 mask=0xfe ran=0 gap=0.263s
[kernel 70.434 cpu6] i8042: line status=0x1c irqs=288 bytes=288 kbd gsi=1 rte=0x0000000000000024 aux gsi=12 rte=0x0000000000000024
[kernel 70.434 cpu6] heartbeat: cpu0 last reached one 68.924s ago
[kernel 70.687 cpu2] heartbeat: t=70.687s alive=7/8 mask=0xfe ran=0 gap=0.253s
[kernel 70.687 cpu2] i8042: line status=0x1c irqs=288 bytes=288 kbd gsi=1 rte=0x0000000000000024 aux gsi=12 rte=0x0000000000000024
[kernel 70.687 cpu2] heartbeat: cpu0 last reached one 69.178s ago
[kernel 70.940 cpu5] heartbeat: t=70.940s alive=7/8 mask=0xfe ran=0 gap=0.253s
[kernel 70.940 cpu5] i8042: line status=0x1c irqs=288 bytes=288 kbd gsi=1 rte=0x0000000000000024 aux gsi=12 rte=0x0000000000000024
[kernel 70.940 cpu5] heartbeat: cpu0 last reached one 69.431s ago
[kernel 71.196 cpu2] heartbeat: t=71.196s alive=7/8 mask=0xfe ran=0 gap=0.255s
[kernel 71.196 cpu2] i8042: line status=0x1c irqs=288 bytes=288 kbd gsi=1 rte=0x0000000000000024 aux gsi=12 rte=0x0000000000000024
[kernel 71.196 cpu2] heartbeat: cpu0 last reached one 69.687s ago
[kernel 71.419 cpu1] PMM: 114/15962MB used (7924 pages free)
[kernel 71.419 cpu1]   kernel-heap  alloc=     6 free=     0 held=     6 (12MB) rate=0/s
[kernel 71.419 cpu1]   demand-page  alloc=     5 free=     1 held=     4 (8MB) rate=0/s
[kernel 71.419 cpu1]   mmap         alloc=    19 free=     1 held=    18 (36MB) rate=0/s
[kernel 71.419 cpu1]   shared-mem   alloc=     3 free=     0 held=     3 (6MB) rate=0/s
[kernel 71.419 cpu1]   elf          alloc=     4 free=     1 held=     3 (6MB) rate=0/s
[kernel 71.419 cpu1]   dma          alloc=     6 free=     0 held=     6 (12MB) rate=0/s
[kernel 71.419 cpu1]   framebuffer  alloc=     1 free=     0 held=     1 (2MB) rate=0/s
[kernel 71.419 cpu1]   stack        alloc=    16 free=     4 held=    12 (24MB) rate=0/s
[kernel 71.419 cpu1]   init-tls     alloc=     5 free=     1 held=     4 (8MB) rate=0/s
[kernel 71.448 cpu6] heartbeat: t=71.448s alive=7/8 mask=0xfe ran=0 gap=0.252s
[kernel 71.448 cpu6] i8042: line status=0x1c irqs=288 bytes=288 kbd gsi=1 rte=0x0000000000000024 aux gsi=12 rte=0x0000000000000024
[kernel 71.448 cpu6] heartbeat: cpu0 last reached one 69.939s ago
[kernel 71.571 cpu1] sched: cpu=1 ready=0 parked=1 current=None
[kernel 71.571 cpu2] sched: cpu=2 ready=0 parked=0 current=None
[kernel 71.571 cpu6] sched: cpu=6 ready=0 parked=0 current=None
[kernel 71.616 cpu3] sched: cpu=3 ready=0 parked=1 current=None
[kernel 71.645 cpu5] sched: cpu=5 ready=0 parked=0 current=None
[kernel 71.671 cpu4] sched: cpu=4 ready=0 parked=1 current=None
[kernel 71.671 cpu7] sched: cpu=7 ready=0 parked=0 current=None
[kernel 71.698 cpu4] heartbeat: t=71.698s alive=7/8 mask=0xfe ran=0 gap=0.250s
[kernel 71.698 cpu4] i8042: line status=0x1c irqs=288 bytes=288 kbd gsi=1 rte=0x0000000000000024 aux gsi=12 rte=0x0000000000000024
[kernel 71.698 cpu4] heartbeat: cpu0 last reached one 70.189s ago
[kernel 71.958 cpu3] heartbeat: t=71.958s alive=7/8 mask=0xfe ran=0 gap=0.260s
[kernel 71.958 cpu3] i8042: line status=0x1c irqs=288 bytes=288 kbd gsi=1 rte=0x0000000000000024 aux gsi=12 rte=0x0000000000000024
[kernel 71.958 cpu3] heartbeat: cpu0 last reached one 70.449s ago
[kernel 72.230 cpu7] heartbeat: t=72.230s alive=7/8 mask=0xfe ran=0 gap=0.272s
[kernel 72.230 cpu7] i8042: line status=0x1c irqs=288 bytes=288 kbd gsi=1 rte=0x0000000000000024 aux gsi=12 rte=0x0000000000000024
[kernel 72.230 cpu7] heartbeat: cpu0 last reached one 70.721s ago
[kernel 72.493 cpu3] heartbeat: t=72.493s alive=7/8 mask=0xfe ran=0 gap=0.263s
[kernel 72.493 cpu3] i8042: line status=0x1c irqs=288 bytes=288 kbd gsi=1 rte=0x0000000000000024 aux gsi=12 rte=0x0000000000000024
[kernel 72.493 cpu3] heartbeat: cpu0 last reached one 70.984s ago
[kernel 72.752 cpu7] heartbeat: t=72.752s alive=7/8 mask=0xfe ran=0 gap=0.258s
[kernel 72.752 cpu7] i8042: line status=0x1c irqs=288 bytes=288 kbd gsi=1 rte=0x0000000000000024 aux gsi=12 rte=0x0000000000000024
[kernel 72.752 cpu7] heartbeat: cpu0 last reached one 71.243s ago
[kernel 73.003 cpu1] heartbeat: t=73.003s alive=7/8 mask=0xfe ran=0 gap=0.251s
[kernel 73.003 cpu1] i8042: line status=0x1c irqs=288 bytes=288 kbd gsi=1 rte=0x0000000000000024 aux gsi=12 rte=0x0000000000000024
[kernel 73.003 cpu1] heartbeat: cpu0 last reached one 71.494s ago
[kernel 73.268 cpu7] heartbeat: t=73.268s alive=7/8 mask=0xfe ran=0 gap=0.264s
[kernel 73.268 cpu7] i8042: line status=0x1c irqs=288 bytes=288 kbd gsi=1 rte=0x0000000000000024 aux gsi=12 rte=0x0000000000000024
[kernel 73.268 cpu7] heartbeat: cpu0 last reached one 71.759s ago
[kernel 73.523 cpu3] heartbeat: t=73.523s alive=7/8 mask=0xfe ran=0 gap=0.255s
[kernel 73.523 cpu3] i8042: line status=0x1c irqs=288 bytes=288 kbd gsi=1 rte=0x0000000000000024 aux gsi=12 rte=0x0000000000000024
[kernel 73.523 cpu3] heartbeat: cpu0 last reached one 72.014s ago
[kernel 73.779 cpu7] heartbeat: t=73.779s alive=7/8 mask=0xfe ran=0 gap=0.255s
[kernel 73.779 cpu7] i8042: line status=0x1c irqs=288 bytes=288 kbd gsi=1 rte=0x0000000000000024 aux gsi=12 rte=0x0000000000000024
[kernel 73.779 cpu7] heartbeat: cpu0 last reached one 72.270s ago
[kernel 74.032 cpu3] heartbeat: t=74.032s alive=7/8 mask=0xfe ran=0 gap=0.253s
[kernel 74.032 cpu3] i8042: line status=0x1c irqs=288 bytes=288 kbd gsi=1 rte=0x0000000000000024 aux gsi=12 rte=0x0000000000000024
[kernel 74.033 cpu3] heartbeat: cpu0 last reached one 72.523s ago
[kernel 74.284 cpu3] heartbeat: t=74.284s alive=7/8 mask=0xfe ran=0 gap=0.251s
[kernel 74.284 cpu3] i8042: line status=0x1c irqs=288 bytes=288 kbd gsi=1 rte=0x0000000000000024 aux gsi=12 rte=0x0000000000000024
[kernel 74.284 cpu3] heartbeat: cpu0 last reached one 72.775s ago
[kernel 74.535 cpu3] heartbeat: t=74.535s alive=7/8 mask=0xfe ran=0 gap=0.250s
[kernel 74.535 cpu3] i8042: line status=0x1c irqs=288 bytes=288 kbd gsi=1 rte=0x0000000000000024 aux gsi=12 rte=0x0000000000000024
[kernel 74.535 cpu3] heartbeat: cpu0 last reached one 73.026s ago
[kernel 74.800 cpu4] heartbeat: t=74.800s alive=7/8 mask=0xfe ran=0 gap=0.265s
[kernel 74.800 cpu4] i8042: line status=0x1c irqs=288 bytes=288 kbd gsi=1 rte=0x0000000000000024 aux gsi=12 rte=0x0000000000000024
[kernel 74.800 cpu4] heartbeat: cpu0 last reached one 73.291s ago
[kernel 75.082 cpu3] heartbeat: t=75.082s alive=7/8 mask=0xfe ran=0 gap=0.281s
[kernel 75.082 cpu3] i8042: line status=0x1c irqs=288 bytes=288 kbd gsi=1 rte=0x0000000000000024 aux gsi=12 rte=0x0000000000000024
[kernel 75.082 cpu3] heartbeat: cpu0 last reached one 73.573s ago
[kernel 75.336 cpu4] heartbeat: t=75.336s alive=7/8 mask=0xfe ran=0 gap=0.253s
[kernel 75.336 cpu4] i8042: line status=0x1c irqs=288 bytes=288 kbd gsi=1 rte=0x0000000000000024 aux gsi=12 rte=0x0000000000000024
[kernel 75.336 cpu4] heartbeat: cpu0 last reached one 73.827s ago
[kernel 75.601 cpu5] heartbeat: t=75.601s alive=7/8 mask=0xfe ran=0 gap=0.265s
[kernel 75.601 cpu5] i8042: line status=0x1c irqs=288 bytes=288 kbd gsi=1 rte=0x0000000000000024 aux gsi=12 rte=0x0000000000000024
[kernel 75.601 cpu5] heartbeat: cpu0 last reached one 74.092s ago
[kernel 75.873 cpu5] heartbeat: t=75.873s alive=7/8 mask=0xfe ran=0 gap=0.272s
[kernel 75.873 cpu5] i8042: line status=0x1c irqs=288 bytes=288 kbd gsi=1 rte=0x0000000000000024 aux gsi=12 rte=0x0000000000000024
[kernel 75.873 cpu5] heartbeat: cpu0 last reached one 74.364s ago
[kernel 76.127 cpu3] heartbeat: t=76.127s alive=7/8 mask=0xfe ran=0 gap=0.254s
[kernel 76.127 cpu3] i8042: line status=0x1c irqs=288 bytes=288 kbd gsi=1 rte=0x0000000000000024 aux gsi=12 rte=0x0000000000000024
[kernel 76.127 cpu3] heartbeat: cpu0 last reached one 74.618s ago
[kernel 76.398 cpu5] heartbeat: t=76.398s alive=7/8 mask=0xfe ran=0 gap=0.270s
[kernel 76.398 cpu5] i8042: line status=0x1c irqs=288 bytes=288 kbd gsi=1 rte=0x0000000000000024 aux gsi=12 rte=0x0000000000000024
[kernel 76.398 cpu5] heartbeat: cpu0 last reached one 74.889s ago
[kernel 76.659 cpu3] heartbeat: t=76.659s alive=7/8 mask=0xfe ran=0 gap=0.260s
[kernel 76.659 cpu3] i8042: line status=0x1c irqs=288 bytes=288 kbd gsi=1 rte=0x0000000000000024 aux gsi=12 rte=0x0000000000000024
[kernel 76.659 cpu3] heartbeat: cpu0 last reached one 75.150s ago
[kernel 76.918 cpu5] heartbeat: t=76.918s alive=7/8 mask=0xfe ran=0 gap=0.259s
[kernel 76.918 cpu5] i8042: line status=0x1c irqs=288 bytes=288 kbd gsi=1 rte=0x0000000000000024 aux gsi=12 rte=0x0000000000000024
[kernel 76.918 cpu5] heartbeat: cpu0 last reached one 75.409s ago
[kernel 77.101 cpu6] i8042: 290 interrupts, 290 bytes, 6 keys, 87 motion, 22 undecoded, 0 discarded, 0 overruns, 0 dropped, 0 lost edges — last byte at 77088ms
[kernel 77.175 cpu3] heartbeat: t=77.175s alive=7/8 mask=0xfe ran=0 gap=0.257s
[kernel 77.175 cpu3] i8042: line status=0x1c irqs=290 bytes=290 kbd gsi=1 rte=0x0000000000000024 aux gsi=12 rte=0x0000000000000024
[kernel 77.175 cpu3] heartbeat: cpu0 last reached one 75.666s ago
[kernel 77.427 cpu1] heartbeat: t=77.427s alive=7/8 mask=0xfe ran=0 gap=0.252s
[kernel 77.427 cpu1] i8042: line status=0x1c irqs=298 bytes=298 kbd gsi=1 rte=0x0000000000000024 aux gsi=12 rte=0x0000000000000024
[kernel 77.427 cpu1] heartbeat: cpu0 last reached one 75.918s ago
[kernel 77.684 cpu3] heartbeat: t=77.684s alive=7/8 mask=0xfe ran=0 gap=0.256s
[kernel 77.684 cpu3] i8042: line status=0x1c irqs=300 bytes=300 kbd gsi=1 rte=0x0000000000000024 aux gsi=12 rte=0x0000000000000024
[kernel 77.684 cpu3] heartbeat: cpu0 last reached one 76.175s ago
[kernel 77.938 cpu7] heartbeat: t=77.938s alive=7/8 mask=0xfe ran=0 gap=0.254s
[kernel 77.938 cpu7] i8042: line status=0x1c irqs=301 bytes=301 kbd gsi=1 rte=0x0000000000000024 aux gsi=12 rte=0x0000000000000024
[kernel 77.938 cpu7] heartbeat: cpu0 last reached one 76.429s ago
[kernel 78.190 cpu7] heartbeat: t=78.190s alive=7/8 mask=0xfe ran=0 gap=0.251s
[kernel 78.190 cpu7] i8042: line status=0x1c irqs=304 bytes=304 kbd gsi=1 rte=0x0000000000000024 aux gsi=12 rte=0x0000000000000024
[kernel 78.190 cpu7] heartbeat: cpu0 last reached one 76.681s ago
[kernel 78.440 cpu7] heartbeat: t=78.440s alive=7/8 mask=0xfe ran=0 gap=0.250s
[kernel 78.440 cpu7] i8042: line status=0x1c irqs=304 bytes=304 kbd gsi=1 rte=0x0000000000000024 aux gsi=12 rte=0x0000000000000024
[kernel 78.441 cpu7] heartbeat: cpu0 last reached one 76.931s ago
[kernel 78.712 cpu6] heartbeat: t=78.712s alive=7/8 mask=0xfe ran=0 gap=0.271s
[kernel 78.712 cpu6] i8042: line status=0x1c irqs=304 bytes=304 kbd gsi=1 rte=0x0000000000000024 aux gsi=12 rte=0x0000000000000024
[kernel 78.712 cpu6] heartbeat: cpu0 last reached one 77.203s ago
