[kernel 0.000 boot] panic console: framebuffer at 0x4000000000 is above the boot map, armed after mm::init
[kernel 0.000 boot] serial: 16550 loopback read 0xff (absent or wrong port)
[kernel 0.000 boot] PAT: IA32_PAT=0x0007040100070406, entry 4 = WC
[kernel 0.000 boot] KernelArgs { memory_map_addr: 1672929304, memory_map_size: 2040, kernel_memory_addr: 1541406720, kernel_memory_size: 11657216, kernel_stack_addr: 3268608, kernel_stack_size: 8388608, rsdp_addr: 2495602708, initrd_addr: 1553379352, initrd_size: 82747392, init_program_addr: 1645157984, init_program_len: 37, kernel_elf_addr: 1636130840, kernel_elf_size: 3834320, gop_framebuffer: 274877906944, gop_framebuffer_size: 8294400, gop_width: 1920, gop_height: 1080, gop_stride: 1920, gop_pixel_format: 1, boot_pml4_addr: 1672876032, boot_partition_start_lba: 2048, boot_partition_blocks: 181136, boot_partition_guid: [52, 193, 78, 138, 122, 113, 52, 75, 129, 229, 130, 135, 21, 222, 151, 136], boot_partition_present: 1, log_partition_guid: [59, 194, 212, 48, 58, 189, 209, 66, 152, 142, 222, 32, 186, 152, 63, 74], rtc_utc_offset_minutes: 0, rtc_utc_offset_known: 0 }
[kernel 0.000 boot] ACPI: MADT cpus=[0, 2, 4, 6, 1, 3, 5, 7]
[kernel 0.000 boot] LAPIC: x2APIC enabled (ID 0)
[kernel 0.000 cpu0] percpu: BSP cpu_id=0 lapic_id=0 smep=on smap=on pcid=on
[kernel 0.000 cpu0] ioapic: id=2 at 0xfec00000 ver=0x20 gsi 0..119 masked 120/120
[kernel 0.000 cpu0] ioapic: iso bus:irq->gsi [0:0->2 edge/high, 0:9->9 level/high]
[kernel 0.000 cpu0] symbols: loaded 5151 kernel symbols
[kernel 0.000 cpu0] ACPI: HPET at 0xfed00000
[kernel 0.050 cpu0] TSC: 2419MHz (period=413356fs, calibrated over 50ms)
[kernel 0.050 cpu0] ACPI: the FADT puts the RTC century register at CMOS 0x32
[kernel 0.050 cpu0] clock: the RTC reads 2026-08-08 15:09:57; firmware named no zone, so it is taken as UTC
[kernel 0.060 cpu0] LAPIC timer: 384007 ticks/10ms
[kernel 0.060 cpu0] Boot: CPU ready (60ms)
[kernel 0.065 cpu0] ACPI: RSDP at 0x94bfe014
[kernel 0.065 cpu0] ACPI: MCFG found at 0x8f428000
[kernel 0.065 cpu0] ACPI: ECAM base address: 0xc0000000
[kernel 0.065 cpu0] PCI: Enumerating devices...
[kernel 0.065 cpu0]   PCI 00:00.0 [0600] vendor=8086 device=9a14 prog_if=00
[kernel 0.065 cpu0]   PCI 00:02.0 [0300] vendor=8086 device=9a49 prog_if=00
[kernel 0.065 cpu0]   PCI 00:04.0 [1180] vendor=8086 device=9a03 prog_if=00
[kernel 0.065 cpu0]   PCI 00:06.0 [0604] vendor=8086 device=9a09 prog_if=00
[kernel 0.065 cpu0]   PCI 00:07.0 [0604] vendor=8086 device=9a25 prog_if=00
[kernel 0.065 cpu0]   PCI 00:07.2 [0604] vendor=8086 device=9a27 prog_if=00
[kernel 0.065 cpu0]   PCI 00:0a.0 [1180] vendor=8086 device=9a0d prog_if=00
[kernel 0.065 cpu0]   PCI 00:0d.0 [0c03] vendor=8086 device=9a13 prog_if=30
[kernel 0.065 cpu0]   PCI 00:0d.2 [0c03] vendor=8086 device=9a1b prog_if=40
[kernel 0.065 cpu0]   PCI 00:0d.3 [0c03] vendor=8086 device=9a1d prog_if=40
[kernel 0.065 cpu0]   PCI 00:14.0 [0c03] vendor=8086 device=a0ed prog_if=30
[kernel 0.065 cpu0]   PCI 00:14.2 [0500] vendor=8086 device=a0ef prog_if=00
[kernel 0.065 cpu0]   PCI 00:16.0 [0780] vendor=8086 device=a0e0 prog_if=00
[kernel 0.066 cpu0]   PCI 00:1c.0 [0604] vendor=8086 device=a0b8 prog_if=00
[kernel 0.066 cpu0]   PCI 00:1c.4 [0604] vendor=8086 device=a0bc prog_if=00
[kernel 0.066 cpu0]   PCI 00:1c.7 [0604] vendor=8086 device=a0bf prog_if=00
[kernel 0.066 cpu0]   PCI 00:1f.0 [0601] vendor=8086 device=a082 prog_if=00
[kernel 0.066 cpu0]   PCI 00:1f.3 [0403] vendor=8086 device=a0c8 prog_if=80
[kernel 0.066 cpu0]   PCI 00:1f.4 [0c05] vendor=8086 device=a0a3 prog_if=00
[kernel 0.066 cpu0]   PCI 00:1f.5 [0c80] vendor=8086 device=a0a4 prog_if=00
[kernel 0.066 cpu0]   PCI 00:1f.6 [0200] vendor=8086 device=15fc prog_if=00
[kernel 0.067 cpu0]   PCI 04:00.0 [0108] vendor=1c5c device=1327 prog_if=02
[kernel 0.069 cpu0]   PCI 09:00.0 [0280] vendor=8086 device=2725 prog_if=00
[kernel 0.072 cpu0]   PCI 0a:00.0 [0805] vendor=17a0 device=9750 prog_if=01
[kernel 0.144 cpu0] PCI: Enumeration complete, 24 functions.
[kernel 0.144 cpu0] iommu: DMAR haw=39 flags=0x05 intr_remap=y x2apic_opt_out=n dma_ctrl_opt_in=y
[kernel 0.144 cpu0] iommu: unit0 @0xfed90000 seg=0 pci_all=n ver=4.0 cap=0x01c0000c40660462 ecap=0x0000029a00f0505e aw=48 sagaw=0x04 mgaw=39 nd=256 sps2m=y cm=n psi=n nfr=1 fro=0x400 qi=y ir=y eim=y pt=y coherent=n sc=n
[kernel 0.144 cpu0] iommu: unit0 scope pci-endpoint 00:02.0 id=0
[kernel 0.147 cpu0] iommu: identity domain aw=48 covers 0x0..0x45f800000 in 8956 2 MiB leaves
[kernel 0.147 cpu0] iommu: unit0 @0xfed90000 translating gsts=0xc4000000 tes=y qies=y root=0x1014000 domain=1 aw=48 streams=24
[kernel 0.147 cpu0] iommu: unit1 @0xfed85000 seg=0 pci_all=n ver=1.0 cap=0x00d2008c40660462 ecap=0x0000000000f050da aw=48 sagaw=0x04 mgaw=39 nd=256 sps2m=y cm=n psi=y nfr=1 fro=0x400 qi=y ir=y eim=y pt=y coherent=n sc=y
[kernel 0.147 cpu0] iommu: unit1 scope pci-bridge 00:07.0 id=0
[kernel 0.147 cpu0] iommu: unit1 @0xfed85000 translating gsts=0xc4000000 tes=y qies=y root=0x101b000 domain=1 aw=48 streams=24
[kernel 0.147 cpu0] iommu: unit2 @0xfed86000 seg=0 pci_all=n ver=1.0 cap=0x00d2008c40660462 ecap=0x0000000000f050da aw=48 sagaw=0x04 mgaw=39 nd=256 sps2m=y cm=n psi=y nfr=1 fro=0x400 qi=y ir=y eim=y pt=y coherent=n sc=y
[kernel 0.147 cpu0] iommu: unit2 scope pci-bridge 00:07.2 id=0
[kernel 0.147 cpu0] iommu: unit2 @0xfed86000 translating gsts=0xc4000000 tes=y qies=y root=0x1022000 domain=1 aw=48 streams=24
[kernel 0.147 cpu0] iommu: unit3 @0xfed91000 seg=0 pci_all=y ver=1.0 cap=0x00d2008c40660462 ecap=0x0000000000f050da aw=48 sagaw=0x04 mgaw=39 nd=256 sps2m=y cm=n psi=y nfr=1 fro=0x400 qi=y ir=y eim=y pt=y coherent=n sc=y
[kernel 0.147 cpu0] iommu: unit3 scope ioapic 00:1e.7 id=2
[kernel 0.147 cpu0] iommu: unit3 scope hpet 00:1e.6 id=0
[kernel 0.147 cpu0] iommu: unit3 @0xfed91000 translating gsts=0xc4000000 tes=y qies=y root=0x1029000 domain=1 aw=48 streams=24
[kernel 0.147 cpu0] iommu: rmrr0 seg=0 0x000000009c000000..0x00000000a07fffff
[kernel 0.147 cpu0] iommu: rmrr0 scope pci-endpoint 00:02.0 id=0
[kernel 0.147 cpu0] file cache: budget 63848 pages (249 MiB)
[kernel 0.147 cpu0] gpt: the boot volume names 30D4C23B-BD3A-42D1-988E-DE20BA983F4A as the log partition
[kernel 0.147 cpu0] gpt: firmware booted us from partition 8A4EC134-717A-4B34-81E5-828715DE9788 at LBA 2048+181136
[kernel 0.147 cpu0] NVMe: found at PCI 04:00.0
[kernel 0.147 cpu0] NVMe: BAR0=0xbce00000
[kernel 0.148 cpu0] NVMe: controller enabled
[kernel 0.148 cpu0] NVMe: NS1 size=500118192 sectors, sector_size=512
[kernel 0.148 cpu0] NVMe: block device id=1 blocks=62514774 (244198MB)
[kernel 0.148 cpu0] gpt: device 1 has 4 partitions and none of them is ours
[kernel 0.148 cpu0] page cache: 62514774 device blocks, index sized for 7168 cached blocks, cap 4096 slots
[kernel 0.149 cpu0] storage: no ToyOS volume and no designation stamp at block 0 — this disk is not ours and nothing will be written to it
[kernel 0.149 cpu0] Boot: storage ready (83ms)
[kernel 0.160 cpu0] xHCI: found at PCI 00:0d.0
[kernel 0.160 cpu0] xHCI: BAR0=0x603dbb0000
[kernel 0.160 cpu0] xHCI: MSI enabled (vector 0x21)
[kernel 0.160 cpu0] xHCI: max_slots=64 max_ports=5 ctx_size=32 pagesize=0x1
[kernel 0.160 cpu0] xHCI: dma 2048 KiB: scratchpad=34 device blocks=64 of 12288 B (max_slots=64)
[kernel 0.160 cpu0] xHCI: firmware did not claim the controller (USBLEGSUP 0x01002201)
[kernel 0.160 cpu0] xHCI: USBLEGCTLSTS 0xe0000000 -> 0x00000000 (SMI generation off)
[kernel 0.160 cpu0] xHCI: USB 2.0 on ports 1..=1
[kernel 0.160 cpu0] xHCI: USB 3.1 on ports 2..=5
[kernel 0.160 cpu0] xHCI: 1 USB2 and 4 USB3 port register(s) of 5 named, 0 capability(ies) refused
[kernel 0.160 cpu0] xHCI: controller reset
[kernel 0.160 cpu0] xHCI: 34 scratchpad buffers configured
[kernel 0.160 cpu0] xHCI: controller started
[kernel 0.160 cpu0] xHCI: 5/5 root-hub ports powered (PPC=0)
[kernel 0.160 cpu0] xHCI: found at PCI 00:14.0
[kernel 0.160 cpu0] xHCI: BAR0=0x603dba0000
[kernel 0.160 cpu0] xHCI: MSI enabled (vector 0x21)
[kernel 0.160 cpu0] xHCI: max_slots=64 max_ports=16 ctx_size=32 pagesize=0x1
[kernel 0.160 cpu0] xHCI: dma 2048 KiB: scratchpad=34 device blocks=64 of 12288 B (max_slots=64)
[kernel 0.160 cpu0] xHCI: firmware did not claim the controller (USBLEGSUP 0x01002201)
[kernel 0.160 cpu0] xHCI: USBLEGCTLSTS 0xe0000000 -> 0x00000000 (SMI generation off)
[kernel 0.160 cpu0] xHCI: USB 2.0 on ports 1..=12
[kernel 0.160 cpu0] xHCI: USB 3.1 on ports 13..=16
[kernel 0.160 cpu0] xHCI: 12 USB2 and 4 USB3 port register(s) of 16 named, 0 capability(ies) refused
[kernel 0.160 cpu0] xHCI: controller reset
[kernel 0.160 cpu0] xHCI: 34 scratchpad buffers configured
[kernel 0.160 cpu0] xHCI: controller started
[kernel 0.160 cpu0] xHCI: 16/16 root-hub ports powered (PPC=0)
[kernel 0.282 cpu0] xHCI: no HID devices on the controller at 00:0d.0
[kernel 0.282 cpu0] xHCI: port 3 connected
[kernel 0.337 cpu0] xHCI: port 3 enabled, speed=1
[kernel 0.337 cpu0] xHCI: slot 1 enabled (dma +0x50000)
[kernel 0.338 cpu0] xHCI: device addressed
[kernel 0.338 cpu0] xHCI: device class=0xff vendor=06cb product=00bd
[kernel 0.338 cpu0] xHCI: no HID boot interface found on port 3, skipping it
[kernel 0.338 cpu0] xHCI: port 4 connected
[kernel 0.393 cpu0] xHCI: port 4 enabled, speed=3
[kernel 0.393 cpu0] xHCI: slot 2 enabled (dma +0x53000)
[kernel 0.393 cpu0] xHCI: device addressed
[kernel 0.393 cpu0] xHCI: device class=0xef vendor=13d3 product=5406
[kernel 0.394 cpu0] xHCI: no HID boot interface found on port 4, skipping it
[kernel 0.394 cpu0] xHCI: port 6 connected
[kernel 0.487 cpu0] xHCI: port 6 enabled, speed=3
[kernel 0.487 cpu0] xHCI: slot 3 enabled (dma +0x56000)
[kernel 0.548 cpu0] xHCI: device addressed
[kernel 0.549 cpu0] xHCI: device class=0x0 vendor=0781 product=5581
[kernel 0.549 cpu0] xHCI: mass storage iface=0 in=0x81/512 out=0x2/512
[kernel 0.549 cpu0] xHCI: configuration set
[kernel 0.549 cpu0] xHCI: endpoint configured
[kernel 0.550 cpu0] usb-storage: slot 3 vendor "SanDisk." product "Ultra..........."
[kernel 0.550 cpu0] usb-storage: disk 0 ready on slot 3, 7507812 blocks of 512 B (29327 MiB), msc_block +0x30000
[kernel 0.550 cpu0] xHCI: port 9 connected
[kernel 0.605 cpu0] xHCI: port 9 enabled, speed=1
[kernel 0.605 cpu0] xHCI: slot 4 enabled (dma +0x59000)
[kernel 0.605 cpu0] xHCI: device addressed
[kernel 0.606 cpu0] xHCI: device class=0x0 vendor=058f product=9540
[kernel 0.611 cpu0] xHCI: no HID boot interface found on port 9, skipping it
[kernel 0.611 cpu0] xHCI: port 10 connected
[kernel 0.666 cpu0] xHCI: port 10 enabled, speed=1
[kernel 0.666 cpu0] xHCI: slot 5 enabled (dma +0x5c000)
[kernel 0.667 cpu0] xHCI: device addressed
[kernel 0.667 cpu0] xHCI: port 10 EP0 packet size 8 -> 64
[kernel 0.667 cpu0] xHCI: device class=0xe0 vendor=8087 product=0032
[kernel 0.667 cpu0] xHCI: no HID boot interface found on port 10, skipping it
[kernel 0.667 cpu0] xHCI: no HID devices on the controller at 00:14.0
[kernel 0.667 cpu0] xHCI: 2 controller(s), 0 HID device(s)
[kernel 0.667 cpu0] usb-storage: 1 device(s)
[kernel 0.679 cpu0] gpt: device 16 carries the log partition 30D4C23B-BD3A-42D1-988E-DE20BA983F4A at LBA 184320+69632, entry 1 of 2
[kernel 0.679 cpu0] gpt: device 16 carries the boot partition at LBA 2048+181136 (512-byte blocks), entry 0 of 2 on disk EE510FF5-DFC2-46A5-BC05-4CFD8526D251
[kernel 0.679 cpu0] i8042: FADT rev 6 iapc_boot_arch=0x0011, bit 1 (8042) clear — probing either way
[kernel 0.680 cpu0] i8042: ok selftest=0x55 cfg=0x77->0x64 port1=ok port2=ok
[kernel 0.680 cpu0] i8042: kbd will not report its scancode set (0xF0 0x00 answered 0xee); firmware's own cfg 0x77 has translate on, so the wire is set 1
[kernel 1.073 cpu0] i8042: kbd set2+xlat (assumed, the set query was refused) scanning on, GSI 1 -> vec 0x24 apic 0 on
[kernel 1.073 cpu0] i8042: aux rate=100 res=8/mm, GSI 12 -> vec 0x24 apic 0
[kernel 1.073 cpu0] ACPI: PM1a=0x1804 SLP_TYPa=7
[kernel 1.073 cpu0] Boot: peripherals ready (913ms)
[kernel 1.095 cpu0] SMP: AP cpu1 lapic=2 online
[kernel 1.107 cpu0] SMP: AP cpu2 lapic=4 online
[kernel 1.119 cpu0] SMP: AP cpu3 lapic=6 online
[kernel 1.132 cpu0] SMP: AP cpu4 lapic=1 online
[kernel 1.144 cpu0] SMP: AP cpu5 lapic=3 online
[kernel 1.156 cpu0] SMP: AP cpu6 lapic=5 online
[kernel 1.168 cpu0] SMP: AP cpu7 lapic=7 online
[kernel 1.168 cpu0] storage: /home is a tmpfs — it will not survive a reboot
[kernel 1.169 cpu0] boot-volume: partition mounted, 92741632 bytes of a 92741632-byte partition at device offset 1048576, 512-byte sectors, 512-byte clusters, 178340 clusters
[kernel 1.169 cpu0] log-volume: partition mounted, 35651584 bytes of a 35651584-byte partition at device offset 94371840, 512-byte sectors, 512-byte clusters, 68552 clusters
[kernel 1.176 cpu0] log-file: this boot's kernel log is /log/2026-08-08-150958.log
[kernel 1.176 cpu0] Boot: subsystems ready (93ms)
[kernel 1.189 cpu0] virtio-console: no device found
[kernel 1.193 cpu0] VirtIO net: no device found
[kernel 1.202 cpu0] hda: 00:1f.3 8086:a0c8 version 1.0 gcap=0x9701 statests=0x0005
[kernel 1.202 cpu0] hda: 00:1f.3 bound, statests=0x0005, output stream 7 at 0x160, tag 1, 8 periods of 512 bytes
[kernel 1.206 cpu0] GPU: using UEFI GOP
[kernel 1.206 cpu0] GOP: 1920x1080 stride=1920 format=1 at 0x4000000000 tokens=[SharedToken(2), SharedToken(3)]
[kernel 1.206 cpu0] GOP: scanout memory type WC (MTRR UC, PAT entry 4)
[kernel 1.206 cpu0] mouse: rel scale x=36 y=64 (screen 1920x1080)
[kernel 1.206 cpu0] Boot: devices ready (20ms)
[kernel 1.218 cpu0] ELF: 9110 relocations indexed (RELATIVE + GLOB_DAT + TPOFF)
[kernel 1.218 cpu0] spawn: TLS 1 modules, total_memsz=144
[kernel 1.219 cpu0] spawn: /bin/compositor pid=0 tid=0 base=0x10000000000 entry=0x100001e81e4 cr3=0x1e24000 symbols=2048KiB (layout=0ms relocs=0ms deps=0ms tls=1ms total=2ms)
[kernel 1.219 cpu0] spawned /bin/compositor pid=0
[kernel 1.220 cpu0] ELF: 3162 relocations indexed (RELATIVE + GLOB_DAT + TPOFF)
[kernel 1.220 cpu0] spawn: TLS 1 modules, total_memsz=144
[kernel 1.220 cpu0] spawn: /bin/soundd pid=1 tid=0 base=0x10000000000 entry=0x10000038b04 cr3=0xdf9000 symbols=2048KiB (layout=0ms relocs=0ms deps=0ms tls=0ms total=1ms)
[kernel 1.220 cpu0] spawned /bin/soundd pid=1
[kernel 1.221 cpu0] ELF: 3167 relocations indexed (RELATIVE + GLOB_DAT + TPOFF)
[kernel 1.221 cpu0] spawn: TLS 1 modules, total_memsz=144
[kernel 1.221 cpu0] spawn: /bin/netd pid=2 tid=0 base=0x10000000000 entry=0x1000003a0a4 cr3=0x1e57000 symbols=2048KiB (layout=0ms relocs=0ms deps=0ms tls=0ms total=1ms)
[kernel 1.221 cpu0] spawned /bin/netd pid=2
[kernel 1.221 cpu0] log: no serial console - this boot is in /log/2026-08-08-150958.log and on the screen
[kernel 1.221 cpu0] Boot: complete (1221ms)
[kernel 1.230 cpu4] CPU 4: joining scheduler
[kernel 1.230 cpu7] CPU 7: joining scheduler
[kernel 1.230 cpu3] CPU 3: joining scheduler
[kernel 1.230 cpu5] CPU 5: joining scheduler
[kernel 1.230 cpu1] CPU 1: joining scheduler
[kernel 1.230 cpu3] sched: cpu=3 ready=0 parked=0 current=None
[kernel 1.230 cpu1] sched: cpu=1 ready=0 parked=0 current=None
[kernel 1.230 cpu2] CPU 2: joining scheduler
[kernel 1.230 cpu6] CPU 6: joining scheduler
[kernel 1.230 cpu5] sched: cpu=5 ready=0 parked=0 current=None
[kernel 1.230 cpu7] sched: cpu=7 ready=0 parked=0 current=None
[kernel 1.230 cpu6] sched: cpu=6 ready=0 parked=0 current=None
[kernel 1.230 cpu2] sched: cpu=2 ready=0 parked=0 current=None
[kernel 1.230 cpu0] sched: cpu=0 ready=0 parked=0 current=None
[kernel 1.230 cpu4] sched: cpu=4 ready=0 parked=0 current=None
[kernel 1.230 cpu4] i8042: armed at 1073ms, idle at 1230ms, 0 interrupts — the pin has never asserted (kbd GSI 1, aux GSI 12)
netd: no NIC on this machine, exiting
[kernel 1.232 cpu2 tid=0] syscalls: pid=2 total=7 syscall_wall=0ms 0=1 6=1 31=1 63=1
[kernel 1.232 cpu2 tid=0] memory: pid=2 peak=2MB allocs=2 frees=0
[kernel 1.232 cpu2 tid=0] exit: netd pid=2 code=0 cpu=1ms
soundd: hda codec0 vendor=10ec device=0257, 1 function group(s)
soundd: hda codec2 vendor=8086 device=2812, 1 function group(s)
soundd: hda codec0 group 0x01 converter 0x02 -> pin 0x14 (speaker), headphone 0x21, format 0x2011 (44100 Hz 2 ch 16-bit)
[kernel 1.239 cpu0 tid=0] shm: 0x4000000000 mapped WriteCombining into pid 0
soundd: hda path configured in 14 verbs, stream tag 1
soundd: ready, 8 buffers, 44100Hz 2ch, 512 bytes/period, 128 frames/period
soundd: suspended
[kernel 1.396 cpu3] usb-storage: disk 0 does not implement SYNCHRONIZE CACHE (sense 0x05/0x20/0x00); its writes are durable once they complete
compositor: wallpaper 1920x1080, scaling to 1920x1080
compositor: at most 221 windows (8 MiB each of 15962 MiB total)
compositor: ready
[kernel 1.479 cpu0 tid=0] ELF: 3548 relocations indexed (RELATIVE + GLOB_DAT + TPOFF)
[kernel 1.479 cpu0 tid=0] spawn: TLS 1 modules, total_memsz=144
[kernel 1.480 cpu0 tid=0] spawn: /bin/filepicker pid=3 tid=0 base=0x10000000000 entry=0x10000017df4 cr3=0x1e2c000 symbols=2048KiB (layout=0ms relocs=0ms deps=0ms tls=1ms total=1ms)
[kernel 1.480 cpu0] heartbeat: t=1.480s alive=8/8 mask=0xff ran=4 gap=0.250s
[kernel 1.480 cpu0] i8042: line status=0x1c irqs=0 bytes=0 kbd gsi=1 rte=0x0000000000000024 aux gsi=12 rte=0x0000000000000024
[kernel 1.733 cpu0] heartbeat: t=1.733s alive=8/8 mask=0xff ran=15 gap=0.253s
[kernel 1.733 cpu0] i8042: line status=0x1c irqs=0 bytes=0 kbd gsi=1 rte=0x0000000000000024 aux gsi=12 rte=0x0000000000000024
[kernel 1.996 cpu0] heartbeat: t=1.996s alive=8/8 mask=0xff ran=13 gap=0.263s
[kernel 1.996 cpu0] i8042: line status=0x1c irqs=0 bytes=0 kbd gsi=1 rte=0x0000000000000024 aux gsi=12 rte=0x0000000000000024
[kernel 2.248 cpu0] heartbeat: t=2.248s alive=8/8 mask=0xff ran=13 gap=0.252s
[kernel 2.248 cpu0] i8042: line status=0x1c irqs=0 bytes=0 kbd gsi=1 rte=0x0000000000000024 aux gsi=12 rte=0x0000000000000024
[kernel 2.506 cpu0] heartbeat: t=2.506s alive=8/8 mask=0xff ran=13 gap=0.257s
[kernel 2.506 cpu0] i8042: line status=0x1c irqs=0 bytes=0 kbd gsi=1 rte=0x0000000000000024 aux gsi=12 rte=0x0000000000000024
[kernel 2.546 cpu0] i8042: the pin asserts — 3 interrupts, 3 bytes, 0 keys, 1 motion, first seen at 2541ms
[kernel 2.758 cpu0] heartbeat: t=2.758s alive=8/8 mask=0xff ran=16 gap=0.251s
[kernel 2.758 cpu0] i8042: line status=0x3c irqs=52 bytes=51 kbd gsi=1 rte=0x0000000000000024 aux gsi=12 rte=0x0000000000000024
[kernel 3.014 cpu0] heartbeat: t=3.014s alive=8/8 mask=0xff ran=18 gap=0.255s
[kernel 3.014 cpu0] i8042: line status=0x3c irqs=106 bytes=105 kbd gsi=1 rte=0x0000000000000024 aux gsi=12 rte=0x0000000000000024
[kernel 3.280 cpu0] heartbeat: t=3.280s alive=8/8 mask=0xff ran=16 gap=0.266s
[kernel 3.280 cpu0] i8042: line status=0x3c irqs=120 bytes=120 kbd gsi=1 rte=0x0000000000000024 aux gsi=12 rte=0x0000000000000024
compositor: frames=52 rects=80 damage_px=2120803 damage_px_max=2073600 composite_us_min=7 composite_us_max=3090 composite_us_total=3870 scanout_wr_bytes=8483212 scanout_blits=80 back_rd_bytes=307724 cursor=51 windows=0
[kernel 3.534 cpu3] heartbeat: t=3.534s alive=8/8 mask=0xff ran=18 gap=0.254s
[kernel 3.534 cpu3] i8042: line status=0x3c irqs=168 bytes=168 kbd gsi=1 rte=0x0000000000000024 aux gsi=12 rte=0x0000000000000024
[kernel 3.794 cpu0] heartbeat: t=3.794s alive=8/8 mask=0xff ran=20 gap=0.259s
[kernel 3.794 cpu0] i8042: line status=0x3c irqs=223 bytes=222 kbd gsi=1 rte=0x0000000000000024 aux gsi=12 rte=0x0000000000000024
[kernel 4.050 cpu0] heartbeat: t=4.050s alive=8/8 mask=0xff ran=19 gap=0.255s
[kernel 4.050 cpu0] i8042: line status=0x3c irqs=283 bytes=282 kbd gsi=1 rte=0x0000000000000024 aux gsi=12 rte=0x0000000000000024
[kernel 4.313 cpu0] heartbeat: t=4.313s alive=8/8 mask=0xff ran=19 gap=0.262s
[kernel 4.313 cpu0] i8042: line status=0x3c irqs=324 bytes=324 kbd gsi=1 rte=0x0000000000000024 aux gsi=12 rte=0x0000000000000024
[kernel 4.563 cpu0] heartbeat: t=4.563s alive=8/8 mask=0xff ran=19 gap=0.250s
[kernel 4.563 cpu0] i8042: line status=0x3c irqs=372 bytes=371 kbd gsi=1 rte=0x0000000000000024 aux gsi=12 rte=0x0000000000000024
[kernel 4.821 cpu0] heartbeat: t=4.821s alive=8/8 mask=0xff ran=17 gap=0.257s
[kernel 4.821 cpu0] i8042: line status=0x3c irqs=390 bytes=390 kbd gsi=1 rte=0x0000000000000024 aux gsi=12 rte=0x0000000000000024
[kernel 5.073 cpu0] heartbeat: t=5.073s alive=8/8 mask=0xff ran=19 gap=0.251s
[kernel 5.073 cpu0] i8042: line status=0x3c irqs=421 bytes=420 kbd gsi=1 rte=0x0000000000000024 aux gsi=12 rte=0x0000000000000024
[kernel 5.329 cpu0] heartbeat: t=5.329s alive=8/8 mask=0xff ran=20 gap=0.255s
[kernel 5.329 cpu0] i8042: line status=0x3c irqs=481 bytes=480 kbd gsi=1 rte=0x0000000000000024 aux gsi=12 rte=0x0000000000000024
compositor: frames=108 rects=171 damage_px=109601 damage_px_max=10272 composite_us_min=6 composite_us_max=99 composite_us_total=1767 scanout_wr_bytes=438404 scanout_blits=171 back_rd_bytes=158164 cursor=107 windows=0
[kernel 5.581 cpu5] heartbeat: t=5.581s alive=8/8 mask=0xff ran=10 gap=0.252s
[kernel 5.581 cpu5] i8042: line status=0x3c irqs=492 bytes=492 kbd gsi=1 rte=0x0000000000000024 aux gsi=12 rte=0x0000000000000024
[kernel 5.832 cpu5] heartbeat: t=5.832s alive=8/8 mask=0xff ran=15 gap=0.250s
[kernel 5.832 cpu5] i8042: line status=0x3c irqs=492 bytes=492 kbd gsi=1 rte=0x0000000000000024 aux gsi=12 rte=0x0000000000000024
[kernel 6.083 cpu0] heartbeat: t=6.083s alive=8/8 mask=0xff ran=16 gap=0.251s
[kernel 6.083 cpu0] i8042: line status=0x3c irqs=508 bytes=507 kbd gsi=1 rte=0x0000000000000024 aux gsi=12 rte=0x0000000000000024
[kernel 6.334 cpu2] heartbeat: t=6.334s alive=8/8 mask=0xff ran=17 gap=0.251s
[kernel 6.334 cpu2] i8042: line status=0x3c irqs=558 bytes=558 kbd gsi=1 rte=0x0000000000000024 aux gsi=12 rte=0x0000000000000024
[kernel 6.592 cpu0] heartbeat: t=6.592s alive=8/8 mask=0xff ran=19 gap=0.257s
[kernel 6.592 cpu0] i8042: line status=0x3c irqs=603 bytes=603 kbd gsi=1 rte=0x0000000000000024 aux gsi=12 rte=0x0000000000000024
[kernel 6.850 cpu4] heartbeat: t=6.850s alive=8/8 mask=0xff ran=14 gap=0.258s
[kernel 6.850 cpu4] i8042: line status=0x3c irqs=609 bytes=609 kbd gsi=1 rte=0x0000000000000024 aux gsi=12 rte=0x0000000000000024
[kernel 7.113 cpu0] heartbeat: t=7.113s alive=8/8 mask=0xff ran=19 gap=0.262s
[kernel 7.113 cpu0] i8042: line status=0x3c irqs=639 bytes=639 kbd gsi=1 rte=0x0000000000000024 aux gsi=12 rte=0x0000000000000024
[kernel 7.366 cpu0] heartbeat: t=7.366s alive=8/8 mask=0xff ran=13 gap=0.253s
[kernel 7.366 cpu0] i8042: line status=0x3c irqs=642 bytes=642 kbd gsi=1 rte=0x0000000000000024 aux gsi=12 rte=0x0000000000000024
compositor: frames=55 rects=77 damage_px=46190 damage_px_max=10272 composite_us_min=6 composite_us_max=83 composite_us_total=732 scanout_wr_bytes=184760 scanout_blits=77 back_rd_bytes=60764 cursor=55 windows=0
[kernel 7.618 cpu0] heartbeat: t=7.618s alive=8/8 mask=0xff ran=17 gap=0.251s
[kernel 7.618 cpu0] i8042: line status=0x3c irqs=682 bytes=681 kbd gsi=1 rte=0x0000000000000024 aux gsi=12 rte=0x0000000000000024
[kernel 7.874 cpu0] heartbeat: t=7.874s alive=8/8 mask=0xff ran=19 gap=0.255s
[kernel 7.874 cpu0] i8042: line status=0x3c irqs=736 bytes=735 kbd gsi=1 rte=0x0000000000000024 aux gsi=12 rte=0x0000000000000024
[kernel 8.135 cpu7] heartbeat: t=8.135s alive=8/8 mask=0xff ran=16 gap=0.260s
[kernel 8.135 cpu7] i8042: line status=0x3c irqs=753 bytes=753 kbd gsi=1 rte=0x0000000000000024 aux gsi=12 rte=0x0000000000000024
[kernel 8.391 cpu0] heartbeat: t=8.391s alive=8/8 mask=0xff ran=15 gap=0.255s
[kernel 8.391 cpu0] i8042: line status=0x3c irqs=753 bytes=753 kbd gsi=1 rte=0x0000000000000024 aux gsi=12 rte=0x0000000000000024
[kernel 8.641 cpu0] heartbeat: t=8.641s alive=8/8 mask=0xff ran=16 gap=0.250s
[kernel 8.641 cpu0] i8042: line status=0x3c irqs=770 bytes=769 kbd gsi=1 rte=0x0000000000000024 aux gsi=12 rte=0x0000000000000024
[kernel 8.898 cpu0] heartbeat: t=8.898s alive=8/8 mask=0xff ran=19 gap=0.256s
[kernel 8.898 cpu0] i8042: line status=0x3c irqs=829 bytes=828 kbd gsi=1 rte=0x0000000000000024 aux gsi=12 rte=0x0000000000000024
[kernel 9.152 cpu0] heartbeat: t=9.152s alive=8/8 mask=0xff ran=20 gap=0.254s
[kernel 9.152 cpu0] i8042: line status=0x3c irqs=889 bytes=888 kbd gsi=1 rte=0x0000000000000024 aux gsi=12 rte=0x0000000000000024
[kernel 9.408 cpu0] heartbeat: t=9.408s alive=8/8 mask=0xff ran=20 gap=0.255s
[kernel 9.408 cpu0] i8042: line status=0x3c irqs=946 bytes=945 kbd gsi=1 rte=0x0000000000000024 aux gsi=12 rte=0x0000000000000024
compositor: frames=102 rects=110 damage_px=83654 damage_px_max=10144 composite_us_min=6 composite_us_max=86 composite_us_total=1223 scanout_wr_bytes=334616 scanout_blits=110 back_rd_bytes=117784 cursor=101 windows=0
[kernel 9.661 cpu7] heartbeat: t=9.661s alive=8/8 mask=0xff ran=18 gap=0.253s
[kernel 9.661 cpu7] i8042: line status=0x3c irqs=1005 bytes=1005 kbd gsi=1 rte=0x0000000000000024 aux gsi=12 rte=0x0000000000000024
[kernel 9.912 cpu7] heartbeat: t=9.912s alive=8/8 mask=0xff ran=19 gap=0.251s
[kernel 9.912 cpu7] i8042: line status=0x3c irqs=1059 bytes=1059 kbd gsi=1 rte=0x0000000000000024 aux gsi=12 rte=0x0000000000000024
[kernel 10.163 cpu0] heartbeat: t=10.163s alive=8/8 mask=0xff ran=17 gap=0.251s
[kernel 10.163 cpu0] i8042: line status=0x3c irqs=1075 bytes=1074 kbd gsi=1 rte=0x0000000000000024 aux gsi=12 rte=0x0000000000000024
[kernel 10.420 cpu0] heartbeat: t=10.420s alive=8/8 mask=0xff ran=17 gap=0.256s
[kernel 10.420 cpu0] i8042: line status=0x3c irqs=1135 bytes=1134 kbd gsi=1 rte=0x0000000000000024 aux gsi=12 rte=0x0000000000000024
[kernel 10.682 cpu4] heartbeat: t=10.682s alive=8/8 mask=0xff ran=16 gap=0.262s
[kernel 10.682 cpu4] i8042: line status=0x3c irqs=1182 bytes=1182 kbd gsi=1 rte=0x0000000000000024 aux gsi=12 rte=0x0000000000000024
[kernel 10.943 cpu0] heartbeat: t=10.943s alive=8/8 mask=0xff ran=17 gap=0.260s
[kernel 10.943 cpu0] i8042: line status=0x3c irqs=1189 bytes=1188 kbd gsi=1 rte=0x0000000000000024 aux gsi=12 rte=0x0000000000000024
[kernel 11.198 cpu0] heartbeat: t=11.198s alive=8/8 mask=0xff ran=17 gap=0.255s
[kernel 11.198 cpu0] i8042: line status=0x3c irqs=1249 bytes=1248 kbd gsi=1 rte=0x0000000000000024 aux gsi=12 rte=0x0000000000000024
[kernel 11.230 cpu0] sched: cpu=0 ready=0 parked=1 current=None
[kernel 11.230 cpu0] PMM: 114/15962MB used (7924 pages free)
[kernel 11.230 cpu0]   kernel-heap  alloc=     6 free=     0 held=     6 (12MB) rate=0/s
[kernel 11.230 cpu0]   demand-page  alloc=     5 free=     1 held=     4 (8MB) rate=0/s
[kernel 11.230 cpu0]   mmap         alloc=    19 free=     1 held=    18 (36MB) rate=0/s
[kernel 11.230 cpu0]   shared-mem   alloc=     3 free=     0 held=     3 (6MB) rate=0/s
[kernel 11.230 cpu0]   elf          alloc=     4 free=     1 held=     3 (6MB) rate=0/s
[kernel 11.230 cpu0]   dma          alloc=     6 free=     0 held=     6 (12MB) rate=0/s
[kernel 11.230 cpu0]   framebuffer  alloc=     1 free=     0 held=     1 (2MB) rate=0/s
[kernel 11.230 cpu0]   stack        alloc=    16 free=     4 held=    12 (24MB) rate=0/s
[kernel 11.230 cpu0]   init-tls     alloc=     5 free=     1 held=     4 (8MB) rate=0/s
[kernel 11.264 cpu5] sched: cpu=5 ready=0 parked=0 current=None
[kernel 11.265 cpu7] sched: cpu=7 ready=0 parked=0 current=None
[kernel 11.282 cpu6] sched: cpu=6 ready=0 parked=0 current=None
[kernel 11.319 cpu2] sched: cpu=2 ready=0 parked=0 current=None
[kernel 11.319 cpu1] sched: cpu=1 ready=0 parked=1 current=None
[kernel 11.319 cpu4] sched: cpu=4 ready=0 parked=1 current=None
[kernel 11.322 cpu3] sched: cpu=3 ready=0 parked=1 current=None
[kernel 11.451 cpu3] heartbeat: t=11.451s alive=8/8 mask=0xff ran=13 gap=0.252s
[kernel 11.451 cpu3] i8042: line status=0x3c irqs=1278 bytes=1278 kbd gsi=1 rte=0x0000000000000024 aux gsi=12 rte=0x0000000000000024
compositor: frames=86 rects=128 damage_px=97185 damage_px_max=10272 composite_us_min=6 composite_us_max=97 composite_us_total=1359 scanout_wr_bytes=388740 scanout_blits=128 back_rd_bytes=149012 cursor=85 windows=0
[kernel 11.711 cpu0] heartbeat: t=11.711s alive=8/8 mask=0xff ran=17 gap=0.260s
[kernel 11.711 cpu0] i8042: line status=0x3c irqs=1297 bytes=1296 kbd gsi=1 rte=0x0000000000000024 aux gsi=12 rte=0x0000000000000024
[kernel 11.965 cpu3] heartbeat: t=11.965s alive=8/8 mask=0xff ran=20 gap=0.254s
[kernel 11.965 cpu3] i8042: line status=0x3c irqs=1356 bytes=1356 kbd gsi=1 rte=0x0000000000000024 aux gsi=12 rte=0x0000000000000024
[kernel 12.219 cpu6] heartbeat: t=12.219s alive=8/8 mask=0xff ran=19 gap=0.254s
[kernel 12.219 cpu6] i8042: line status=0x3c irqs=1401 bytes=1401 kbd gsi=1 rte=0x0000000000000024 aux gsi=12 rte=0x0000000000000024
[kernel 12.474 cpu3] heartbeat: t=12.474s alive=8/8 mask=0xff ran=17 gap=0.254s
[kernel 12.474 cpu3] i8042: line status=0x3c irqs=1425 bytes=1425 kbd gsi=1 rte=0x0000000000000024 aux gsi=12 rte=0x0000000000000024
[kernel 12.548 cpu0] i8042: 1425 interrupts, 1425 bytes, 0 keys, 475 motion, 0 undecoded, 0 discarded, 0 overruns, 0 dropped, 0 lost edges — last byte at 12314ms
[kernel 12.724 cpu6] heartbeat: t=12.724s alive=8/8 mask=0xff ran=15 gap=0.250s
[kernel 12.724 cpu6] i8042: line status=0x3c irqs=1446 bytes=1446 kbd gsi=1 rte=0x0000000000000024 aux gsi=12 rte=0x0000000000000024
[kernel 12.978 cpu0] heartbeat: t=12.978s alive=8/8 mask=0xff ran=20 gap=0.253s
[kernel 12.978 cpu0] i8042: line status=0x3c irqs=1492 bytes=1491 kbd gsi=1 rte=0x0000000000000024 aux gsi=12 rte=0x0000000000000024
[kernel 13.232 cpu3] heartbeat: t=13.232s alive=8/8 mask=0xff ran=17 gap=0.254s
[kernel 13.232 cpu3] i8042: line status=0x3c irqs=1527 bytes=1527 kbd gsi=1 rte=0x0000000000000024 aux gsi=12 rte=0x0000000000000024
[kernel 13.483 cpu0] heartbeat: t=13.483s alive=8/8 mask=0xff ran=19 gap=0.250s
[kernel 13.483 cpu0] i8042: line status=0x3c irqs=1566 bytes=1566 kbd gsi=1 rte=0x0000000000000024 aux gsi=12 rte=0x0000000000000024
compositor: frames=101 rects=150 damage_px=90842 damage_px_max=9472 composite_us_min=6 composite_us_max=79 composite_us_total=1494 scanout_wr_bytes=363368 scanout_blits=150 back_rd_bytes=116952 cursor=99 windows=0
[kernel 13.735 cpu4] heartbeat: t=13.735s alive=8/8 mask=0xff ran=15 gap=0.252s
[kernel 13.735 cpu4] i8042: line status=0x3c irqs=1596 bytes=1596 kbd gsi=1 rte=0x0000000000000024 aux gsi=12 rte=0x0000000000000024
[kernel 13.990 cpu7] heartbeat: t=13.990s alive=8/8 mask=0xff ran=18 gap=0.254s
[kernel 13.990 cpu7] i8042: line status=0x3c irqs=1647 bytes=1647 kbd gsi=1 rte=0x0000000000000024 aux gsi=12 rte=0x0000000000000024
[kernel 14.241 cpu0] heartbeat: t=14.241s alive=8/8 mask=0xff ran=19 gap=0.251s
[kernel 14.241 cpu0] i8042: line status=0x3c irqs=1689 bytes=1689 kbd gsi=1 rte=0x0000000000000024 aux gsi=12 rte=0x0000000000000024
[kernel 14.499 cpu0] heartbeat: t=14.499s alive=8/8 mask=0xff ran=18 gap=0.257s
[kernel 14.499 cpu0] i8042: line status=0x3c irqs=1735 bytes=1734 kbd gsi=1 rte=0x0000000000000024 aux gsi=12 rte=0x0000000000000024
[kernel 14.749 cpu0] heartbeat: t=14.749s alive=8/8 mask=0xff ran=18 gap=0.250s
[kernel 14.749 cpu0] i8042: line status=0x3c irqs=1773 bytes=1773 kbd gsi=1 rte=0x0000000000000024 aux gsi=12 rte=0x0000000000000024
[kernel 15.000 cpu0] heartbeat: t=15.000s alive=8/8 mask=0xff ran=17 gap=0.250s
[kernel 15.000 cpu0] i8042: line status=0x3c irqs=1809 bytes=1808 kbd gsi=1 rte=0x0000000000000024 aux gsi=12 rte=0x0000000000000024
[kernel 15.253 cpu0] heartbeat: t=15.253s alive=8/8 mask=0xff ran=19 gap=0.253s
[kernel 15.253 cpu0] i8042: line status=0x3c irqs=1855 bytes=1854 kbd gsi=1 rte=0x0000000000000024 aux gsi=12 rte=0x0000000000000024
[kernel 15.505 cpu6] heartbeat: t=15.505s alive=8/8 mask=0xff ran=18 gap=0.251s
[kernel 15.505 cpu6] i8042: line status=0x3c irqs=1884 bytes=1884 kbd gsi=1 rte=0x0000000000000024 aux gsi=12 rte=0x0000000000000024
compositor: frames=103 rects=183 damage_px=85607 damage_px_max=10272 composite_us_min=6 composite_us_max=82 composite_us_total=1489 scanout_wr_bytes=342428 scanout_blits=183 back_rd_bytes=80732 cursor=103 windows=0
[kernel 15.758 cpu0] heartbeat: t=15.758s alive=8/8 mask=0xff ran=19 gap=0.253s
[kernel 15.758 cpu0] i8042: line status=0x3c irqs=1932 bytes=1932 kbd gsi=1 rte=0x0000000000000024 aux gsi=12 rte=0x0000000000000024
[kernel 16.010 cpu0] heartbeat: t=16.010s alive=8/8 mask=0xff ran=15 gap=0.251s
[kernel 16.010 cpu0] i8042: line status=0x3c irqs=1938 bytes=1938 kbd gsi=1 rte=0x0000000000000024 aux gsi=12 rte=0x0000000000000024
[kernel 16.267 cpu4] heartbeat: t=16.267s alive=8/8 mask=0xff ran=18 gap=0.256s
[kernel 16.267 cpu4] i8042: line status=0x3c irqs=1968 bytes=1968 kbd gsi=1 rte=0x0000000000000024 aux gsi=12 rte=0x0000000000000024
[kernel 16.520 cpu0] heartbeat: t=16.520s alive=8/8 mask=0xff ran=19 gap=0.252s
[kernel 16.520 cpu0] i8042: line status=0x3c irqs=1999 bytes=1998 kbd gsi=1 rte=0x0000000000000024 aux gsi=12 rte=0x0000000000000024
[kernel 16.772 cpu4] heartbeat: t=16.772s alive=8/8 mask=0xff ran=19 gap=0.251s
[kernel 16.772 cpu4] i8042: line status=0x3c irqs=2043 bytes=2043 kbd gsi=1 rte=0x0000000000000024 aux gsi=12 rte=0x0000000000000024
[kernel 17.022 cpu5] heartbeat: t=17.022s alive=8/8 mask=0xff ran=18 gap=0.250s
[kernel 17.022 cpu5] i8042: line status=0x3c irqs=2076 bytes=2076 kbd gsi=1 rte=0x0000000000000024 aux gsi=12 rte=0x0000000000000024
[kernel 17.274 cpu2] heartbeat: t=17.274s alive=8/8 mask=0xff ran=20 gap=0.252s
[kernel 17.274 cpu2] i8042: line status=0x3c irqs=2121 bytes=2121 kbd gsi=1 rte=0x0000000000000024 aux gsi=12 rte=0x0000000000000024
[kernel 17.526 cpu7] heartbeat: t=17.526s alive=8/8 mask=0xff ran=15 gap=0.252s
[kernel 17.526 cpu7] i8042: line status=0x3c irqs=2124 bytes=2124 kbd gsi=1 rte=0x0000000000000024 aux gsi=12 rte=0x0000000000000024
compositor: frames=73 rects=101 damage_px=69930 damage_px_max=10172 composite_us_min=6 composite_us_max=77 composite_us_total=975 scanout_wr_bytes=279720 scanout_blits=101 back_rd_bytes=106136 cursor=73 windows=0
[kernel 17.776 cpu0] heartbeat: t=17.776s alive=8/8 mask=0xff ran=15 gap=0.250s
[kernel 17.776 cpu0] i8042: line status=0x3c irqs=2145 bytes=2144 kbd gsi=1 rte=0x0000000000000024 aux gsi=12 rte=0x0000000000000024
[kernel 18.026 cpu2] heartbeat: t=18.026s alive=8/8 mask=0xff ran=17 gap=0.250s
[kernel 18.026 cpu2] i8042: line status=0x3c irqs=2175 bytes=2175 kbd gsi=1 rte=0x0000000000000024 aux gsi=12 rte=0x0000000000000024
[kernel 18.277 cpu3] heartbeat: t=18.277s alive=8/8 mask=0xff ran=19 gap=0.250s
[kernel 18.277 cpu3] i8042: line status=0x3c irqs=2220 bytes=2220 kbd gsi=1 rte=0x0000000000000024 aux gsi=12 rte=0x0000000000000024
[kernel 18.542 cpu0] heartbeat: t=18.542s alive=8/8 mask=0xff ran=20 gap=0.264s
[kernel 18.542 cpu0] i8042: line status=0x3c irqs=2271 bytes=2271 kbd gsi=1 rte=0x0000000000000024 aux gsi=12 rte=0x0000000000000024
[kernel 18.796 cpu0] heartbeat: t=18.796s alive=8/8 mask=0xff ran=18 gap=0.254s
[kernel 18.796 cpu0] i8042: line status=0x3c irqs=2320 bytes=2319 kbd gsi=1 rte=0x0000000000000024 aux gsi=12 rte=0x0000000000000024
[kernel 19.058 cpu0] heartbeat: t=19.058s alive=8/8 mask=0xff ran=17 gap=0.261s
[kernel 19.058 cpu0] i8042: line status=0x3c irqs=2364 bytes=2364 kbd gsi=1 rte=0x0000000000000024 aux gsi=12 rte=0x0000000000000024
[kernel 19.310 cpu7] heartbeat: t=19.310s alive=8/8 mask=0xff ran=19 gap=0.251s
[kernel 19.310 cpu7] i8042: line status=0x3c irqs=2418 bytes=2418 kbd gsi=1 rte=0x0000000000000024 aux gsi=12 rte=0x0000000000000024
[kernel 19.563 cpu6] heartbeat: t=19.563s alive=8/8 mask=0xff ran=20 gap=0.253s
[kernel 19.563 cpu6] i8042: line status=0x3c irqs=2463 bytes=2463 kbd gsi=1 rte=0x0000000000000024 aux gsi=12 rte=0x0000000000000024
compositor: frames=112 rects=189 damage_px=101307 damage_px_max=10272 composite_us_min=6 composite_us_max=89 composite_us_total=1551 scanout_wr_bytes=405228 scanout_blits=189 back_rd_bytes=122360 cursor=112 windows=0
[kernel 19.817 cpu3] heartbeat: t=19.817s alive=8/8 mask=0xff ran=20 gap=0.254s
[kernel 19.817 cpu3] i8042: line status=0x3c irqs=2517 bytes=2517 kbd gsi=1 rte=0x0000000000000024 aux gsi=12 rte=0x0000000000000024
[kernel 20.068 cpu2] heartbeat: t=20.068s alive=8/8 mask=0xff ran=20 gap=0.251s
[kernel 20.069 cpu2] i8042: line status=0x3c irqs=2565 bytes=2565 kbd gsi=1 rte=0x0000000000000024 aux gsi=12 rte=0x0000000000000024
[kernel 20.321 cpu0] heartbeat: t=20.321s alive=8/8 mask=0xff ran=18 gap=0.252s
[kernel 20.321 cpu0] i8042: line status=0x3c irqs=2592 bytes=2592 kbd gsi=1 rte=0x0000000000000024 aux gsi=12 rte=0x0000000000000024
[kernel 20.574 cpu0] heartbeat: t=20.574s alive=8/8 mask=0xff ran=14 gap=0.252s
[kernel 20.574 cpu0] i8042: line status=0x3c irqs=2592 bytes=2592 kbd gsi=1 rte=0x0000000000000024 aux gsi=12 rte=0x0000000000000024
[kernel 20.832 cpu3] heartbeat: t=20.832s alive=8/8 mask=0xff ran=16 gap=0.258s
[kernel 20.832 cpu3] i8042: line status=0x1c irqs=2593 bytes=2593 kbd gsi=1 rte=0x0000000000000024 aux gsi=12 rte=0x0000000000000024
[kernel 20.841 cpu0 tid=0] ELF: 3609 relocations indexed (RELATIVE + GLOB_DAT + TPOFF)
[kernel 20.841 cpu0 tid=0] spawn: TLS 1 modules, total_memsz=144
[kernel 20.841 cpu0 tid=0] spawn: /bin/terminal pid=4 tid=0 base=0x10000000000 entry=0x1000001ec28 cr3=0x1e84000 symbols=2048KiB (layout=0ms relocs=0ms deps=0ms tls=0ms total=1ms)
[kernel 20.902 cpu5 tid=0] ELF: 2771 relocations indexed (RELATIVE + GLOB_DAT + TPOFF)
[kernel 20.902 cpu5 tid=0] spawn: TLS 1 modules, total_memsz=144
[kernel 20.902 cpu5 tid=0] spawn: /bin/shell pid=5 tid=0 base=0x10000000000 entry=0x1000001d93c cr3=0x1f23000 symbols=2048KiB (layout=0ms relocs=0ms deps=0ms tls=0ms total=1ms)
terminal: ready
[kernel 21.085 cpu0] heartbeat: t=21.085s alive=8/8 mask=0xff ran=18 gap=0.253s
[kernel 21.085 cpu0] i8042: line status=0x1c irqs=2595 bytes=2595 kbd gsi=1 rte=0x0000000000000024 aux gsi=12 rte=0x0000000000000024
[kernel 21.232 cpu7] PMM: 176/15962MB used (7893 pages free)
[kernel 21.232 cpu7]   kernel-heap  alloc=     6 free=     0 held=     6 (12MB) rate=0/s
[kernel 21.232 cpu7]   demand-page  alloc=     7 free=     1 held=     6 (12MB) rate=0/s
[kernel 21.232 cpu7]   mmap         alloc=    27 free=     1 held=    26 (52MB) rate=0/s
[kernel 21.232 cpu7]   shared-mem   alloc=     9 free=     0 held=     9 (18MB) rate=0/s
[kernel 21.232 cpu7]   pipe         alloc=     3 free=     0 held=     3 (6MB) rate=0/s
[kernel 21.232 cpu7]   elf          alloc=     6 free=     1 held=     5 (10MB) rate=0/s
[kernel 21.232 cpu7]   dma          alloc=     6 free=     0 held=     6 (12MB) rate=0/s
[kernel 21.232 cpu7]   framebuffer  alloc=     1 free=     0 held=     1 (2MB) rate=0/s
[kernel 21.232 cpu7]   stack        alloc=    24 free=     4 held=    20 (40MB) rate=0/s
[kernel 21.232 cpu7]   init-tls     alloc=     7 free=     1 held=     6 (12MB) rate=0/s
[kernel 21.232 cpu0] sched: cpu=0 ready=0 parked=1 current=None
[kernel 21.291 cpu5] sched: cpu=5 ready=0 parked=1 current=None
[kernel 21.302 cpu6] sched: cpu=6 ready=0 parked=1 current=None
[kernel 21.335 cpu6] heartbeat: t=21.335s alive=8/8 mask=0xff ran=12 gap=0.250s
[kernel 21.335 cpu6] i8042: line status=0x1c irqs=2596 bytes=2596 kbd gsi=1 rte=0x0000000000000024 aux gsi=12 rte=0x0000000000000024
[kernel 21.375 cpu4] sched: cpu=4 ready=0 parked=1 current=None
[kernel 21.375 cpu1] sched: cpu=1 ready=0 parked=1 current=None
[kernel 21.375 cpu3] sched: cpu=3 ready=0 parked=1 current=None
[kernel 21.375 cpu7] sched: cpu=7 ready=0 parked=0 current=None
[kernel 21.379 cpu2] sched: cpu=2 ready=0 parked=0 current=None
[kernel 21.589 cpu0] heartbeat: t=21.589s alive=8/8 mask=0xff ran=15 gap=0.253s
[kernel 21.589 cpu0] i8042: line status=0x1c irqs=2596 bytes=2596 kbd gsi=1 rte=0x0000000000000024 aux gsi=12 rte=0x0000000000000024
compositor: frames=43 rects=76 damage_px=3614724 damage_px_max=1842560 composite_us_min=6 composite_us_max=3084 composite_us_total=6683 scanout_wr_bytes=14458896 scanout_blits=76 back_rd_bytes=800560 cursor=42 windows=1
[kernel 21.850 cpu0] heartbeat: t=21.850s alive=8/8 mask=0xff ran=17 gap=0.260s
[kernel 21.850 cpu0] i8042: line status=0x3c irqs=2623 bytes=2623 kbd gsi=1 rte=0x0000000000000024 aux gsi=12 rte=0x0000000000000024
[kernel 22.102 cpu5] heartbeat: t=22.102s alive=8/8 mask=0xff ran=20 gap=0.252s
[kernel 22.102 cpu5] i8042: line status=0x3c irqs=2671 bytes=2671 kbd gsi=1 rte=0x0000000000000024 aux gsi=12 rte=0x0000000000000024
[kernel 22.352 cpu0] heartbeat: t=22.352s alive=8/8 mask=0xff ran=19 gap=0.250s
[kernel 22.352 cpu0] i8042: line status=0x3c irqs=2726 bytes=2725 kbd gsi=1 rte=0x0000000000000024 aux gsi=12 rte=0x0000000000000024
[kernel 22.563 cpu6] i8042: 2758 interrupts, 2758 bytes, 4 keys, 918 motion, 0 undecoded, 0 discarded, 0 overruns, 0 dropped, 0 lost edges — last byte at 22496ms
[kernel 22.613 cpu5] heartbeat: t=22.613s alive=8/8 mask=0xff ran=18 gap=0.260s
[kernel 22.613 cpu5] i8042: line status=0x3c irqs=2758 bytes=2758 kbd gsi=1 rte=0x0000000000000024 aux gsi=12 rte=0x0000000000000024
[kernel 22.864 cpu0] heartbeat: t=22.864s alive=8/8 mask=0xff ran=17 gap=0.251s
[kernel 22.864 cpu0] i8042: line status=0x3c irqs=2765 bytes=2764 kbd gsi=1 rte=0x0000000000000024 aux gsi=12 rte=0x0000000000000024
[kernel 23.117 cpu5] heartbeat: t=23.117s alive=8/8 mask=0xff ran=15 gap=0.253s
[kernel 23.117 cpu5] i8042: line status=0x3c irqs=2788 bytes=2788 kbd gsi=1 rte=0x0000000000000024 aux gsi=12 rte=0x0000000000000024
[kernel 23.369 cpu5] heartbeat: t=23.369s alive=8/8 mask=0xff ran=20 gap=0.251s
[kernel 23.369 cpu5] i8042: line status=0x3c irqs=2836 bytes=2836 kbd gsi=1 rte=0x0000000000000024 aux gsi=12 rte=0x0000000000000024
[kernel 23.621 cpu5] heartbeat: t=23.621s alive=8/8 mask=0xff ran=16 gap=0.252s
[kernel 23.621 cpu5] i8042: line status=0x3c irqs=2854 bytes=2854 kbd gsi=1 rte=0x0000000000000024 aux gsi=12 rte=0x0000000000000024
compositor: frames=82 rects=133 damage_px=78302 damage_px_max=9912 composite_us_min=6 composite_us_max=85 composite_us_total=1401 scanout_wr_bytes=313208 scanout_blits=133 back_rd_bytes=109464 cursor=81 windows=1
[kernel 23.872 cpu5] heartbeat: t=23.872s alive=8/8 mask=0xff ran=18 gap=0.250s
[kernel 23.872 cpu5] i8042: line status=0x3c irqs=2899 bytes=2899 kbd gsi=1 rte=0x0000000000000024 aux gsi=12 rte=0x0000000000000024
[kernel 24.128 cpu2] heartbeat: t=24.128s alive=8/8 mask=0xff ran=20 gap=0.256s
[kernel 24.128 cpu2] i8042: line status=0x3c irqs=2950 bytes=2950 kbd gsi=1 rte=0x0000000000000024 aux gsi=12 rte=0x0000000000000024
[kernel 24.386 cpu0] heartbeat: t=24.386s alive=8/8 mask=0xff ran=20 gap=0.257s
[kernel 24.386 cpu0] i8042: line status=0x3c irqs=3011 bytes=3010 kbd gsi=1 rte=0x0000000000000024 aux gsi=12 rte=0x0000000000000024
[kernel 24.642 cpu0] heartbeat: t=24.642s alive=8/8 mask=0xff ran=18 gap=0.255s
[kernel 24.642 cpu0] i8042: line status=0x3c irqs=3056 bytes=3055 kbd gsi=1 rte=0x0000000000000024 aux gsi=12 rte=0x0000000000000024
[kernel 24.897 cpu4] heartbeat: t=24.897s alive=8/8 mask=0xff ran=17 gap=0.254s
[kernel 24.897 cpu4] i8042: line status=0x3c irqs=3103 bytes=3103 kbd gsi=1 rte=0x0000000000000024 aux gsi=12 rte=0x0000000000000024
[kernel 25.159 cpu0] heartbeat: t=25.159s alive=8/8 mask=0xff ran=16 gap=0.262s
[kernel 25.159 cpu0] i8042: line status=0x3c irqs=3109 bytes=3109 kbd gsi=1 rte=0x0000000000000024 aux gsi=12 rte=0x0000000000000024
[kernel 25.411 cpu0] heartbeat: t=25.411s alive=8/8 mask=0xff ran=13 gap=0.252s
[kernel 25.411 cpu0] i8042: line status=0x3c irqs=3109 bytes=3109 kbd gsi=1 rte=0x0000000000000024 aux gsi=12 rte=0x0000000000000024
[kernel 25.666 cpu0] heartbeat: t=25.666s alive=8/8 mask=0xff ran=14 gap=0.254s
[kernel 25.666 cpu0] i8042: line status=0x3c irqs=3109 bytes=3109 kbd gsi=1 rte=0x0000000000000024 aux gsi=12 rte=0x0000000000000024
compositor: frames=81 rects=132 damage_px=88755 damage_px_max=10272 composite_us_min=7 composite_us_max=86 composite_us_total=1463 scanout_wr_bytes=355020 scanout_blits=132 back_rd_bytes=146932 cursor=80 windows=1
[kernel 25.928 cpu0] heartbeat: t=25.928s alive=8/8 mask=0xff ran=14 gap=0.262s
[kernel 25.928 cpu0] i8042: line status=0x3c irqs=3109 bytes=3109 kbd gsi=1 rte=0x0000000000000024 aux gsi=12 rte=0x0000000000000024
[kernel 26.190 cpu0] heartbeat: t=26.190s alive=8/8 mask=0xff ran=27 gap=0.261s
[kernel 26.190 cpu0] i8042: line status=0x1c irqs=3112 bytes=3112 kbd gsi=1 rte=0x0000000000000024 aux gsi=12 rte=0x0000000000000024
/home/root> ls
[kernel 26.307 cpu6 tid=0] ELF: 3554 relocations indexed (RELATIVE + GLOB_DAT + TPOFF)
[kernel 26.307 cpu6 tid=0] spawn: TLS 1 modules, total_memsz=144
[kernel 26.308 cpu6 tid=0] spawn: /bin/ls pid=6 tid=0 base=0x10000000000 entry=0x1000002d4f4 cr3=0x1ec0000 symbols=2048KiB (layout=0ms relocs=0ms deps=0ms tls=1ms total=1ms)
[kernel 26.319 cpu7 tid=0] syscalls: pid=6 total=10 syscall_wall=0ms 0=1 6=1 17=1 21=1 63=2
[kernel 26.319 cpu7 tid=0] memory: pid=6 peak=4MB allocs=3 frees=0
[kernel 26.319 cpu7 tid=0] exit: ls pid=6 code=0 cpu=0ms
No files.
[kernel 26.442 cpu0] heartbeat: t=26.442s alive=8/8 mask=0xff ran=27 gap=0.252s
[kernel 26.442 cpu0] i8042: line status=0x1c irqs=3115 bytes=3115 kbd gsi=1 rte=0x0000000000000024 aux gsi=12 rte=0x0000000000000024
[kernel 26.697 cpu0] heartbeat: t=26.697s alive=8/8 mask=0xff ran=15 gap=0.255s
[kernel 26.697 cpu0] i8042: line status=0x1c irqs=3115 bytes=3115 kbd gsi=1 rte=0x0000000000000024 aux gsi=12 rte=0x0000000000000024
[kernel 26.956 cpu0] heartbeat: t=26.956s alive=8/8 mask=0xff ran=12 gap=0.259s
[kernel 26.956 cpu0] i8042: line status=0x1c irqs=3115 bytes=3115 kbd gsi=1 rte=0x0000000000000024 aux gsi=12 rte=0x0000000000000024
[kernel 27.208 cpu0] heartbeat: t=27.208s alive=8/8 mask=0xff ran=12 gap=0.251s
[kernel 27.208 cpu0] i8042: line status=0x1c irqs=3115 bytes=3115 kbd gsi=1 rte=0x0000000000000024 aux gsi=12 rte=0x0000000000000024
[kernel 27.459 cpu0] heartbeat: t=27.459s alive=8/8 mask=0xff ran=12 gap=0.250s
[kernel 27.459 cpu0] i8042: line status=0x1c irqs=3115 bytes=3115 kbd gsi=1 rte=0x0000000000000024 aux gsi=12 rte=0x0000000000000024
[kernel 27.713 cpu0] heartbeat: t=27.713s alive=8/8 mask=0xff ran=13 gap=0.253s
[kernel 27.713 cpu0] i8042: line status=0x1c irqs=3115 bytes=3115 kbd gsi=1 rte=0x0000000000000024 aux gsi=12 rte=0x0000000000000024
compositor: frames=7 rects=7 damage_px=27264 damage_px_max=9472 composite_us_min=7 composite_us_max=74 composite_us_total=232 scanout_wr_bytes=109056 scanout_blits=7 back_rd_bytes=75768 cursor=0 windows=1
[kernel 27.972 cpu0] heartbeat: t=27.972s alive=8/8 mask=0xff ran=11 gap=0.259s
[kernel 27.972 cpu0] i8042: line status=0x1c irqs=3115 bytes=3115 kbd gsi=1 rte=0x0000000000000024 aux gsi=12 rte=0x0000000000000024
[kernel 28.229 cpu1] heartbeat: t=28.229s alive=8/8 mask=0xff ran=14 gap=0.256s
[kernel 28.229 cpu1] i8042: line status=0x1c irqs=3115 bytes=3115 kbd gsi=1 rte=0x0000000000000024 aux gsi=12 rte=0x0000000000000024
[kernel 28.488 cpu0] heartbeat: t=28.488s alive=8/8 mask=0xff ran=15 gap=0.259s
[kernel 28.488 cpu0] i8042: line status=0x1c irqs=3115 bytes=3115 kbd gsi=1 rte=0x0000000000000024 aux gsi=12 rte=0x0000000000000024
[kernel 28.742 cpu0] heartbeat: t=28.742s alive=8/8 mask=0xff ran=13 gap=0.253s
[kernel 28.742 cpu0] i8042: line status=0x1c irqs=3115 bytes=3115 kbd gsi=1 rte=0x0000000000000024 aux gsi=12 rte=0x0000000000000024
[kernel 28.992 cpu5] heartbeat: t=28.992s alive=8/8 mask=0xff ran=14 gap=0.250s
[kernel 28.992 cpu5] i8042: line status=0x1c irqs=3115 bytes=3115 kbd gsi=1 rte=0x0000000000000024 aux gsi=12 rte=0x0000000000000024
[kernel 29.250 cpu0] heartbeat: t=29.250s alive=8/8 mask=0xff ran=15 gap=0.258s
[kernel 29.250 cpu0] i8042: line status=0x1c irqs=3115 bytes=3115 kbd gsi=1 rte=0x0000000000000024 aux gsi=12 rte=0x0000000000000024
[kernel 29.513 cpu0] heartbeat: t=29.513s alive=8/8 mask=0xff ran=26 gap=0.262s
[kernel 29.513 cpu0] i8042: line status=0x1c irqs=3118 bytes=3118 kbd gsi=1 rte=0x0000000000000024 aux gsi=12 rte=0x0000000000000024
[kernel 29.769 cpu1] heartbeat: t=29.769s alive=8/8 mask=0xff ran=29 gap=0.255s
[kernel 29.769 cpu1] i8042: line status=0x1c irqs=3122 bytes=3122 kbd gsi=1 rte=0x0000000000000024 aux gsi=12 rte=0x0000000000000024
compositor: frames=6 rects=6 damage_px=19968 damage_px_max=9472 composite_us_min=7 composite_us_max=66 composite_us_total=162 scanout_wr_bytes=79872 scanout_blits=6 back_rd_bytes=75768 cursor=0 windows=1
[kernel 30.020 cpu4] heartbeat: t=30.020s alive=8/8 mask=0xff ran=16 gap=0.251s
[kernel 30.020 cpu4] i8042: line status=0x1c irqs=3123 bytes=3123 kbd gsi=1 rte=0x0000000000000024 aux gsi=12 rte=0x0000000000000024
[kernel 30.276 cpu0] heartbeat: t=30.276s alive=8/8 mask=0xff ran=15 gap=0.256s
[kernel 30.276 cpu0] i8042: line status=0x1c irqs=3123 bytes=3123 kbd gsi=1 rte=0x0000000000000024 aux gsi=12 rte=0x0000000000000024
/home/root> tone
[kernel 30.311 cpu6 tid=0] ELF: 3554 relocations indexed (RELATIVE + GLOB_DAT + TPOFF)
[kernel 30.311 cpu6 tid=0] spawn: TLS 1 modules, total_memsz=144
[kernel 30.311 cpu6 tid=0] spawn: /bin/tone pid=7 tid=0 base=0x10000000000 entry=0x1000002d4f4 cr3=0x1ec1000 symbols=2048KiB (layout=0ms relocs=0ms deps=0ms tls=0ms total=1ms)
soundd: opening stream: 44100Hz 2ch fmt=0
tone: 440Hz for 2s at amplitude 16000
soundd: client 0 connected (id=0)
soundd: resumed
[kernel 30.528 cpu0] heartbeat: t=30.528s alive=8/8 mask=0xff ran=173 gap=0.251s
[kernel 30.528 cpu0] i8042: line status=0x1c irqs=3125 bytes=3125 kbd gsi=1 rte=0x0000000000000024 aux gsi=12 rte=0x0000000000000024
[kernel 30.779 cpu0] heartbeat: t=30.779s alive=8/8 mask=0xff ran=242 gap=0.250s
[kernel 30.779 cpu0] i8042: line status=0x1c irqs=3125 bytes=3125 kbd gsi=1 rte=0x0000000000000024 aux gsi=12 rte=0x0000000000000024
[kernel 31.030 cpu0] heartbeat: t=31.030s alive=8/8 mask=0xff ran=303 gap=0.250s
[kernel 31.030 cpu0] i8042: line status=0x1c irqs=3125 bytes=3125 kbd gsi=1 rte=0x0000000000000024 aux gsi=12 rte=0x0000000000000024
[kernel 31.232 cpu3] PMM: 212/15962MB used (7875 pages free)
[kernel 31.232 cpu3]   kernel-heap  alloc=     6 free=     0 held=     6 (12MB) rate=0/s
[kernel 31.232 cpu3]   demand-page  alloc=     9 free=     2 held=     7 (14MB) rate=0/s
[kernel 31.232 cpu3]   mmap         alloc=    32 free=     3 held=    29 (58MB) rate=0/s
[kernel 31.232 cpu3]   shared-mem   alloc=    10 free=     0 held=    10 (20MB) rate=0/s
[kernel 31.232 cpu3]   pipe         alloc=     9 free=     0 held=     9 (18MB) rate=0/s
[kernel 31.232 cpu3]   elf          alloc=     8 free=     2 held=     6 (12MB) rate=0/s
[kernel 31.232 cpu3]   dma          alloc=     6 free=     0 held=     6 (12MB) rate=0/s
[kernel 31.232 cpu3]   framebuffer  alloc=     1 free=     0 held=     1 (2MB) rate=0/s
[kernel 31.232 cpu3]   stack        alloc=    32 free=     8 held=    24 (48MB) rate=0/s
[kernel 31.232 cpu3]   init-tls     alloc=    10 free=     2 held=     8 (16MB) rate=0/s
[kernel 31.232 cpu0] sched: cpu=0 ready=0 parked=3 current=None
[kernel 31.280 cpu0] heartbeat: t=31.280s alive=8/8 mask=0xff ran=235 gap=0.250s
[kernel 31.280 cpu0] i8042: line status=0x1c irqs=3125 bytes=3125 kbd gsi=1 rte=0x0000000000000024 aux gsi=12 rte=0x0000000000000024
[kernel 31.311 cpu6] sched: cpu=6 ready=0 parked=1 current=None
[kernel 31.317 cpu5] sched: cpu=5 ready=0 parked=1 current=None
[kernel 31.376 cpu1] sched: cpu=1 ready=0 parked=1 current=None
[kernel 31.377 cpu3] sched: cpu=3 ready=0 parked=1 current=None
[kernel 31.380 cpu4] sched: cpu=4 ready=0 parked=1 current=None
[kernel 31.444 cpu7] sched: cpu=7 ready=0 parked=0 current=None
[kernel 31.444 cpu2] sched: cpu=2 ready=0 parked=0 current=None
[kernel 31.531 cpu0] heartbeat: t=31.531s alive=8/8 mask=0xff ran=203 gap=0.251s
[kernel 31.531 cpu0] i8042: line status=0x1c irqs=3125 bytes=3125 kbd gsi=1 rte=0x0000000000000024 aux gsi=12 rte=0x0000000000000024
[kernel 31.781 cpu1] heartbeat: t=31.781s alive=8/8 mask=0xff ran=206 gap=0.250s
[kernel 31.781 cpu1] i8042: line status=0x1c irqs=3125 bytes=3125 kbd gsi=1 rte=0x0000000000000024 aux gsi=12 rte=0x0000000000000024
compositor: frames=4 rects=4 damage_px=32768 damage_px_max=9472 composite_us_min=21 composite_us_max=76 composite_us_total=192 scanout_wr_bytes=131072 scanout_blits=4 back_rd_bytes=75768 cursor=0 windows=1
[kernel 32.032 cpu0] heartbeat: t=32.032s alive=8/8 mask=0xff ran=338 gap=0.250s
[kernel 32.032 cpu0] i8042: line status=0x1c irqs=3125 bytes=3125 kbd gsi=1 rte=0x0000000000000024 aux gsi=12 rte=0x0000000000000024
[kernel 32.283 cpu0] heartbeat: t=32.283s alive=8/8 mask=0xff ran=186 gap=0.250s
[kernel 32.283 cpu0] i8042: line status=0x1c irqs=3125 bytes=3125 kbd gsi=1 rte=0x0000000000000024 aux gsi=12 rte=0x0000000000000024
soundd: wakes=943 completions=743 submitted=751 underruns=38 drains=2 max_wake_lat_us=32736 max_batch=8 clients=1 deferred=0
tone: done
soundd: client 0 died, ramping down
[kernel 32.399 cpu0 tid=1] exit: tone tid=1 code=0 cpu=7ms
[kernel 32.399 cpu0 tid=0] syscalls: pid=7 total=30 syscall_wall=2068ms 0=11 1=2 6=1 8=1 38=1 40=1 41=1 49=1 58=1 59=2 63=2
[kernel 32.399 cpu0 tid=0] memory: pid=7 peak=6MB allocs=3 frees=0
[kernel 32.399 cpu0 tid=0] exit: tone pid=7 code=0 cpu=1ms
soundd: client 0 removed
soundd: wakes=33 completions=26 submitted=26 underruns=0 drains=0 max_wake_lat_us=2645 max_batch=2 clients=0 deferred=0
soundd: suspended
[kernel 32.533 cpu0] heartbeat: t=32.533s alive=8/8 mask=0xff ran=114 gap=0.250s
[kernel 32.533 cpu0] i8042: line status=0x1c irqs=3125 bytes=3125 kbd gsi=1 rte=0x0000000000000024 aux gsi=12 rte=0x0000000000000024
[kernel 32.592 cpu0] i8042: 3125 interrupts, 3125 bytes, 20 keys, 1035 motion, 0 undecoded, 0 discarded, 0 overruns, 0 dropped, 0 lost edges — last byte at 30359ms
[kernel 32.793 cpu0] heartbeat: t=32.793s alive=8/8 mask=0xff ran=10 gap=0.259s
[kernel 32.793 cpu0] i8042: line status=0x1c irqs=3125 bytes=3125 kbd gsi=1 rte=0x0000000000000024 aux gsi=12 rte=0x0000000000000024
[kernel 33.046 cpu0] heartbeat: t=33.046s alive=8/8 mask=0xff ran=12 gap=0.252s
[kernel 33.046 cpu0] i8042: line status=0x1c irqs=3125 bytes=3125 kbd gsi=1 rte=0x0000000000000024 aux gsi=12 rte=0x0000000000000024
[kernel 33.303 cpu0] heartbeat: t=33.303s alive=8/8 mask=0xff ran=13 gap=0.257s
[kernel 33.303 cpu0] i8042: line status=0x1c irqs=3125 bytes=3125 kbd gsi=1 rte=0x0000000000000024 aux gsi=12 rte=0x0000000000000024
[kernel 33.567 cpu0] heartbeat: t=33.567s alive=8/8 mask=0xff ran=13 gap=0.264s
[kernel 33.567 cpu0] i8042: line status=0x1c irqs=3125 bytes=3125 kbd gsi=1 rte=0x0000000000000024 aux gsi=12 rte=0x0000000000000024
[kernel 33.819 cpu3] heartbeat: t=33.819s alive=8/8 mask=0xff ran=13 gap=0.252s
[kernel 33.819 cpu3] i8042: line status=0x1c irqs=3125 bytes=3125 kbd gsi=1 rte=0x0000000000000024 aux gsi=12 rte=0x0000000000000024
compositor: frames=4 rects=4 damage_px=23168 damage_px_max=9472 composite_us_min=16 composite_us_max=77 composite_us_total=210 scanout_wr_bytes=92672 scanout_blits=4 back_rd_bytes=75768 cursor=0 windows=1
[kernel 34.071 cpu0] heartbeat: t=34.071s alive=8/8 mask=0xff ran=13 gap=0.252s
[kernel 34.071 cpu0] i8042: line status=0x1c irqs=3125 bytes=3125 kbd gsi=1 rte=0x0000000000000024 aux gsi=12 rte=0x0000000000000024
[kernel 34.329 cpu0] heartbeat: t=34.329s alive=8/8 mask=0xff ran=13 gap=0.257s
[kernel 34.329 cpu0] i8042: line status=0x1c irqs=3125 bytes=3125 kbd gsi=1 rte=0x0000000000000024 aux gsi=12 rte=0x0000000000000024
[kernel 34.589 cpu0] heartbeat: t=34.589s alive=8/8 mask=0xff ran=14 gap=0.260s
[kernel 34.589 cpu0] i8042: line status=0x1c irqs=3125 bytes=3125 kbd gsi=1 rte=0x0000000000000024 aux gsi=12 rte=0x0000000000000024
[kernel 34.841 cpu0] heartbeat: t=34.841s alive=8/8 mask=0xff ran=13 gap=0.252s
[kernel 34.841 cpu0] i8042: line status=0x1c irqs=3125 bytes=3125 kbd gsi=1 rte=0x0000000000000024 aux gsi=12 rte=0x0000000000000024
[kernel 35.096 cpu0] heartbeat: t=35.096s alive=8/8 mask=0xff ran=14 gap=0.254s
[kernel 35.096 cpu0] i8042: line status=0x1c irqs=3125 bytes=3125 kbd gsi=1 rte=0x0000000000000024 aux gsi=12 rte=0x0000000000000024
[kernel 35.351 cpu3] heartbeat: t=35.351s alive=8/8 mask=0xff ran=20 gap=0.254s
[kernel 35.351 cpu3] i8042: line status=0x1c irqs=3127 bytes=3127 kbd gsi=1 rte=0x0000000000000024 aux gsi=12 rte=0x0000000000000024
[kernel 35.608 cpu0] heartbeat: t=35.608s alive=8/8 mask=0xff ran=16 gap=0.257s
[kernel 35.608 cpu0] i8042: line status=0x1c irqs=3129 bytes=3129 kbd gsi=1 rte=0x0000000000000024 aux gsi=12 rte=0x0000000000000024
[kernel 35.867 cpu0] heartbeat: t=35.867s alive=8/8 mask=0xff ran=20 gap=0.258s
[kernel 35.867 cpu0] i8042: line status=0x1c irqs=3130 bytes=3130 kbd gsi=1 rte=0x0000000000000024 aux gsi=12 rte=0x0000000000000024
compositor: frames=4 rects=4 damage_px=19840 damage_px_max=9472 composite_us_min=6 composite_us_max=70 composite_us_total=148 scanout_wr_bytes=79360 scanout_blits=4 back_rd_bytes=75768 cursor=0 windows=1
[kernel 36.118 cpu0] heartbeat: t=36.118s alive=8/8 mask=0xff ran=15 gap=0.250s
[kernel 36.118 cpu0] i8042: line status=0x1c irqs=3131 bytes=3131 kbd gsi=1 rte=0x0000000000000024 aux gsi=12 rte=0x0000000000000024
[kernel 36.379 cpu0] heartbeat: t=36.379s alive=8/8 mask=0xff ran=15 gap=0.261s
[kernel 36.379 cpu0] i8042: line status=0x1c irqs=3131 bytes=3131 kbd gsi=1 rte=0x0000000000000024 aux gsi=12 rte=0x0000000000000024
[kernel 36.630 cpu1] heartbeat: t=36.630s alive=8/8 mask=0xff ran=15 gap=0.250s
[kernel 36.630 cpu1] i8042: line status=0x1c irqs=3131 bytes=3131 kbd gsi=1 rte=0x0000000000000024 aux gsi=12 rte=0x0000000000000024
[kernel 36.881 cpu3] heartbeat: t=36.881s alive=8/8 mask=0xff ran=15 gap=0.250s
[kernel 36.881 cpu3] i8042: line status=0x1c irqs=3131 bytes=3131 kbd gsi=1 rte=0x0000000000000024 aux gsi=12 rte=0x0000000000000024
[kernel 37.135 cpu1] heartbeat: t=37.135s alive=8/8 mask=0xff ran=15 gap=0.254s
[kernel 37.135 cpu1] i8042: line status=0x1c irqs=3131 bytes=3131 kbd gsi=1 rte=0x0000000000000024 aux gsi=12 rte=0x0000000000000024
[kernel 37.385 cpu0] heartbeat: t=37.385s alive=8/8 mask=0xff ran=15 gap=0.250s
[kernel 37.385 cpu0] i8042: line status=0x1c irqs=3131 bytes=3131 kbd gsi=1 rte=0x0000000000000024 aux gsi=12 rte=0x0000000000000024
[kernel 37.640 cpu3] heartbeat: t=37.640s alive=8/8 mask=0xff ran=13 gap=0.254s
[kernel 37.640 cpu3] i8042: line status=0x1c irqs=3131 bytes=3131 kbd gsi=1 rte=0x0000000000000024 aux gsi=12 rte=0x0000000000000024
[kernel 37.893 cpu0] heartbeat: t=37.893s alive=8/8 mask=0xff ran=15 gap=0.252s
[kernel 37.893 cpu0] i8042: line status=0x1c irqs=3131 bytes=3131 kbd gsi=1 rte=0x0000000000000024 aux gsi=12 rte=0x0000000000000024
compositor: frames=2 rects=2 damage_px=18944 damage_px_max=9472 composite_us_min=60 composite_us_max=61 composite_us_total=121 scanout_wr_bytes=75776 scanout_blits=2 back_rd_bytes=75768 cursor=0 windows=1
[kernel 38.151 cpu0] heartbeat: t=38.151s alive=8/8 mask=0xff ran=11 gap=0.258s
[kernel 38.151 cpu0] i8042: line status=0x1c irqs=3131 bytes=3131 kbd gsi=1 rte=0x0000000000000024 aux gsi=12 rte=0x0000000000000024
[kernel 38.406 cpu3] heartbeat: t=38.406s alive=8/8 mask=0xff ran=14 gap=0.254s
[kernel 38.406 cpu3] i8042: line status=0x1c irqs=3131 bytes=3131 kbd gsi=1 rte=0x0000000000000024 aux gsi=12 rte=0x0000000000000024
[kernel 38.667 cpu0] heartbeat: t=38.667s alive=8/8 mask=0xff ran=15 gap=0.260s
[kernel 38.667 cpu0] i8042: line status=0x1c irqs=3131 bytes=3131 kbd gsi=1 rte=0x0000000000000024 aux gsi=12 rte=0x0000000000000024
[kernel 38.927 cpu0] heartbeat: t=38.927s alive=8/8 mask=0xff ran=14 gap=0.260s
[kernel 38.927 cpu0] i8042: line status=0x1c irqs=3131 bytes=3131 kbd gsi=1 rte=0x0000000000000024 aux gsi=12 rte=0x0000000000000024
[kernel 39.179 cpu0] heartbeat: t=39.179s alive=8/8 mask=0xff ran=13 gap=0.251s
[kernel 39.179 cpu0] i8042: line status=0x1c irqs=3131 bytes=3131 kbd gsi=1 rte=0x0000000000000024 aux gsi=12 rte=0x0000000000000024
[kernel 39.439 cpu0] heartbeat: t=39.439s alive=8/8 mask=0xff ran=27 gap=0.260s
[kernel 39.439 cpu0] i8042: line status=0x1c irqs=3134 bytes=3134 kbd gsi=1 rte=0x0000000000000024 aux gsi=12 rte=0x0000000000000024
[kernel 39.700 cpu6] heartbeat: t=39.700s alive=8/8 mask=0xff ran=22 gap=0.261s
[kernel 39.700 cpu6] i8042: line status=0x1c irqs=3137 bytes=3137 kbd gsi=1 rte=0x0000000000000024 aux gsi=12 rte=0x0000000000000024
[kernel 39.954 cpu5] heartbeat: t=39.954s alive=8/8 mask=0xff ran=15 gap=0.253s
[kernel 39.954 cpu5] i8042: line status=0x1c irqs=3137 bytes=3137 kbd gsi=1 rte=0x0000000000000024 aux gsi=12 rte=0x0000000000000024
compositor: frames=5 rects=5 damage_px=19712 damage_px_max=9472 composite_us_min=7 composite_us_max=61 composite_us_total=143 scanout_wr_bytes=78848 scanout_blits=5 back_rd_bytes=75768 cursor=0 windows=1
[kernel 40.211 cpu4] heartbeat: t=40.211s alive=8/8 mask=0xff ran=21 gap=0.256s
[kernel 40.211 cpu4] i8042: line status=0x1c irqs=3138 bytes=3138 kbd gsi=1 rte=0x0000000000000024 aux gsi=12 rte=0x0000000000000024
[kernel 40.468 cpu0] heartbeat: t=40.468s alive=8/8 mask=0xff ran=24 gap=0.257s
[kernel 40.468 cpu0] i8042: line status=0x1c irqs=3141 bytes=3141 kbd gsi=1 rte=0x0000000000000024 aux gsi=12 rte=0x0000000000000024
[kernel 40.723 cpu0] heartbeat: t=40.723s alive=8/8 mask=0xff ran=27 gap=0.255s
[kernel 40.723 cpu0] i8042: line status=0x1c irqs=3144 bytes=3144 kbd gsi=1 rte=0x0000000000000024 aux gsi=12 rte=0x0000000000000024
/home/root> tone 440 0.2
[kernel 40.800 cpu6 tid=0] ELF: 3554 relocations indexed (RELATIVE + GLOB_DAT + TPOFF)
[kernel 40.800 cpu6 tid=0] spawn: TLS 1 modules, total_memsz=144
[kernel 40.800 cpu6 tid=0] spawn: /bin/tone pid=8 tid=0 base=0x10000000000 entry=0x1000002d4f4 cr3=0x1f6c000 symbols=2048KiB (layout=0ms relocs=0ms deps=0ms tls=1ms total=1ms)
soundd: opening stream: 44100Hz 2ch fmt=0
tone: 440Hz for 0.2s at amplitude 16000
soundd: client 0 connected (id=1)
soundd: resumed
[kernel 40.974 cpu0] heartbeat: t=40.974s alive=8/8 mask=0xff ran=95 gap=0.251s
[kernel 40.974 cpu0] i8042: line status=0x1c irqs=3147 bytes=3147 kbd gsi=1 rte=0x0000000000000024 aux gsi=12 rte=0x0000000000000024
tone: done
[kernel 41.175 cpu3 tid=1] exit: tone tid=1 code=0 cpu=2ms
[kernel 41.175 cpu2 tid=0] syscalls: pid=8 total=31 syscall_wall=315ms 0=12 1=2 6=1 8=1 38=1 40=1 41=1 49=1 58=1 59=2 63=2
[kernel 41.175 cpu2 tid=0] memory: pid=8 peak=6MB allocs=3 frees=0
[kernel 41.175 cpu2 tid=0] exit: tone pid=8 code=0 cpu=1ms
soundd: client 1 removed
soundd: wakes=111 completions=120 submitted=128 underruns=0 drains=0 max_wake_lat_us=24 max_batch=2 clients=0 deferred=0
soundd: suspended
[kernel 41.224 cpu5] heartbeat: t=41.224s alive=8/8 mask=0xff ran=155 gap=0.250s
[kernel 41.224 cpu5] i8042: line status=0x1c irqs=3147 bytes=3147 kbd gsi=1 rte=0x0000000000000024 aux gsi=12 rte=0x0000000000000024
[kernel 41.232 cpu5] PMM: 182/15962MB used (7890 pages free)
[kernel 41.232 cpu5]   kernel-heap  alloc=     6 free=     0 held=     6 (12MB) rate=0/s
[kernel 41.232 cpu5]   demand-page  alloc=    10 free=     4 held=     6 (12MB) rate=0/s
[kernel 41.232 cpu5]   mmap         alloc=    35 free=     9 held=    26 (52MB) rate=0/s
[kernel 41.232 cpu5]   shared-mem   alloc=    11 free=     2 held=     9 (18MB) rate=0/s
[kernel 41.232 cpu5]   pipe         alloc=    12 free=     6 held=     6 (12MB) rate=0/s
[kernel 41.232 cpu5]   elf          alloc=     9 free=     4 held=     5 (10MB) rate=0/s
[kernel 41.232 cpu5]   dma          alloc=     6 free=     0 held=     6 (12MB) rate=0/s
[kernel 41.232 cpu5]   framebuffer  alloc=     1 free=     0 held=     1 (2MB) rate=0/s
[kernel 41.232 cpu5]   stack        alloc=    36 free=    16 held=    20 (40MB) rate=0/s
[kernel 41.232 cpu5]   init-tls     alloc=    12 free=     6 held=     6 (12MB) rate=0/s
[kernel 41.232 cpu0] sched: cpu=0 ready=0 parked=1 current=None
[kernel 41.316 cpu6] sched: cpu=6 ready=0 parked=1 current=None
[kernel 41.366 cpu5] sched: cpu=5 ready=0 parked=1 current=None
[kernel 41.416 cpu4] sched: cpu=4 ready=0 parked=1 current=None
[kernel 41.466 cpu3] sched: cpu=3 ready=0 parked=1 current=None
[kernel 41.466 cpu1] sched: cpu=1 ready=0 parked=1 current=None
[kernel 41.474 cpu0] heartbeat: t=41.474s alive=8/8 mask=0xff ran=13 gap=0.250s
[kernel 41.474 cpu0] i8042: line status=0x1c irqs=3147 bytes=3147 kbd gsi=1 rte=0x0000000000000024 aux gsi=12 rte=0x0000000000000024
[kernel 41.516 cpu7] sched: cpu=7 ready=0 parked=0 current=None
[kernel 41.516 cpu2] sched: cpu=2 ready=0 parked=0 current=None
[kernel 41.733 cpu2] heartbeat: t=41.733s alive=8/8 mask=0xff ran=14 gap=0.258s
[kernel 41.733 cpu2] i8042: line status=0x1c irqs=3147 bytes=3147 kbd gsi=1 rte=0x0000000000000024 aux gsi=12 rte=0x0000000000000024
[kernel 41.985 cpu0] heartbeat: t=41.985s alive=8/8 mask=0xff ran=15 gap=0.251s
[kernel 41.985 cpu0] i8042: line status=0x1c irqs=3147 bytes=3147 kbd gsi=1 rte=0x0000000000000024 aux gsi=12 rte=0x0000000000000024
compositor: frames=10 rects=10 damage_px=40576 damage_px_max=9984 composite_us_min=7 composite_us_max=68 composite_us_total=269 scanout_wr_bytes=162304 scanout_blits=10 back_rd_bytes=75768 cursor=0 windows=1
[kernel 42.237 cpu4] heartbeat: t=42.237s alive=8/8 mask=0xff ran=14 gap=0.252s
[kernel 42.237 cpu4] i8042: line status=0x1c irqs=3147 bytes=3147 kbd gsi=1 rte=0x0000000000000024 aux gsi=12 rte=0x0000000000000024
[kernel 42.488 cpu3] heartbeat: t=42.488s alive=8/8 mask=0xff ran=15 gap=0.250s
[kernel 42.488 cpu3] i8042: line status=0x1c irqs=3147 bytes=3147 kbd gsi=1 rte=0x0000000000000024 aux gsi=12 rte=0x0000000000000024
[kernel 42.593 cpu0] i8042: 3147 interrupts, 3147 bytes, 40 keys, 1035 motion, 0 undecoded, 0 discarded, 0 overruns, 0 dropped, 0 lost edges — last byte at 40863ms
[kernel 42.744 cpu0] heartbeat: t=42.744s alive=8/8 mask=0xff ran=15 gap=0.255s
[kernel 42.744 cpu0] i8042: line status=0x1c irqs=3147 bytes=3147 kbd gsi=1 rte=0x0000000000000024 aux gsi=12 rte=0x0000000000000024
[kernel 42.997 cpu3] heartbeat: t=42.997s alive=8/8 mask=0xff ran=12 gap=0.253s
[kernel 42.997 cpu3] i8042: line status=0x1c irqs=3147 bytes=3147 kbd gsi=1 rte=0x0000000000000024 aux gsi=12 rte=0x0000000000000024
[kernel 43.248 cpu4] heartbeat: t=43.248s alive=8/8 mask=0xff ran=15 gap=0.251s
[kernel 43.248 cpu4] i8042: line status=0x1c irqs=3147 bytes=3147 kbd gsi=1 rte=0x0000000000000024 aux gsi=12 rte=0x0000000000000024
[kernel 43.498 cpu5] heartbeat: t=43.498s alive=8/8 mask=0xff ran=15 gap=0.250s
[kernel 43.498 cpu5] i8042: line status=0x1c irqs=3147 bytes=3147 kbd gsi=1 rte=0x0000000000000024 aux gsi=12 rte=0x0000000000000024
[kernel 43.748 cpu3] heartbeat: t=43.748s alive=8/8 mask=0xff ran=15 gap=0.250s
[kernel 43.748 cpu3] i8042: line status=0x1c irqs=3147 bytes=3147 kbd gsi=1 rte=0x0000000000000024 aux gsi=12 rte=0x0000000000000024
[kernel 43.999 cpu4] heartbeat: t=43.999s alive=8/8 mask=0xff ran=23 gap=0.251s
[kernel 43.999 cpu4] i8042: line status=0x1c irqs=3151 bytes=3151 kbd gsi=1 rte=0x0000000000000024 aux gsi=12 rte=0x0000000000000024
compositor: frames=3 rects=3 damage_px=20608 damage_px_max=9472 composite_us_min=10 composite_us_max=70 composite_us_total=146 scanout_wr_bytes=82432 scanout_blits=3 back_rd_bytes=75768 cursor=0 windows=1
[kernel 44.249 cpu2] heartbeat: t=44.249s alive=8/8 mask=0xff ran=13 gap=0.250s
[kernel 44.249 cpu2] i8042: line status=0x1c irqs=3151 bytes=3151 kbd gsi=1 rte=0x0000000000000024 aux gsi=12 rte=0x0000000000000024
[kernel 44.503 cpu0] heartbeat: t=44.503s alive=8/8 mask=0xff ran=15 gap=0.253s
[kernel 44.503 cpu0] i8042: line status=0x1c irqs=3151 bytes=3151 kbd gsi=1 rte=0x0000000000000024 aux gsi=12 rte=0x0000000000000024
[kernel 44.756 cpu0] heartbeat: t=44.756s alive=8/8 mask=0xff ran=13 gap=0.253s
[kernel 44.756 cpu0] i8042: line status=0x1c irqs=3151 bytes=3151 kbd gsi=1 rte=0x0000000000000024 aux gsi=12 rte=0x0000000000000024
[kernel 45.017 cpu0] heartbeat: t=45.017s alive=8/8 mask=0xff ran=14 gap=0.260s
[kernel 45.017 cpu0] i8042: line status=0x1c irqs=3151 bytes=3151 kbd gsi=1 rte=0x0000000000000024 aux gsi=12 rte=0x0000000000000024
[kernel 45.267 cpu1] heartbeat: t=45.267s alive=8/8 mask=0xff ran=13 gap=0.250s
[kernel 45.267 cpu1] i8042: line status=0x1c irqs=3151 bytes=3151 kbd gsi=1 rte=0x0000000000000024 aux gsi=12 rte=0x0000000000000024
[kernel 45.518 cpu7] heartbeat: t=45.518s alive=8/8 mask=0xff ran=22 gap=0.250s
[kernel 45.518 cpu7] i8042: line status=0x1c irqs=3153 bytes=3153 kbd gsi=1 rte=0x0000000000000024 aux gsi=12 rte=0x0000000000000024
[kernel 45.773 cpu0] heartbeat: t=45.773s alive=8/8 mask=0xff ran=22 gap=0.254s
[kernel 45.773 cpu0] i8042: line status=0x1c irqs=3155 bytes=3155 kbd gsi=1 rte=0x0000000000000024 aux gsi=12 rte=0x0000000000000024
[kernel 46.028 cpu0] heartbeat: t=46.028s alive=8/8 mask=0xff ran=28 gap=0.255s
[kernel 46.028 cpu0] i8042: line status=0x1c irqs=3159 bytes=3158 kbd gsi=1 rte=0x0000000000000024 aux gsi=12 rte=0x0000000000000024
compositor: frames=6 rects=6 damage_px=19968 damage_px_max=9472 composite_us_min=7 composite_us_max=72 composite_us_total=177 scanout_wr_bytes=79872 scanout_blits=6 back_rd_bytes=75768 cursor=0 windows=1
[kernel 46.280 cpu2] heartbeat: t=46.280s alive=8/8 mask=0xff ran=30 gap=0.251s
[kernel 46.280 cpu2] i8042: line status=0x1c irqs=3163 bytes=3163 kbd gsi=1 rte=0x0000000000000024 aux gsi=12 rte=0x0000000000000024
[kernel 46.532 cpu0] heartbeat: t=46.532s alive=8/8 mask=0xff ran=27 gap=0.251s
[kernel 46.532 cpu0] i8042: line status=0x1c irqs=3166 bytes=3166 kbd gsi=1 rte=0x0000000000000024 aux gsi=12 rte=0x0000000000000024
/home/root> tone 440 0.2   2 0.2
[kernel 46.684 cpu6 tid=0] ELF: 3554 relocations indexed (RELATIVE + GLOB_DAT + TPOFF)
[kernel 46.684 cpu6 tid=0] spawn: TLS 1 modules, total_memsz=144
[kernel 46.684 cpu6 tid=0] spawn: /bin/tone pid=9 tid=0 base=0x10000000000 entry=0x1000002d4f4 cr3=0x1f52000 symbols=2048KiB (layout=0ms relocs=0ms deps=0ms tls=0ms total=1ms)
soundd: opening stream: 44100Hz 2ch fmt=0
tone: 440Hz for 2s at amplitude 6553
soundd: client 0 connected (id=2)
soundd: resumed
[kernel 46.783 cpu0] heartbeat: t=46.783s alive=8/8 mask=0xff ran=55 gap=0.250s
[kernel 46.783 cpu0] i8042: line status=0x1c irqs=3169 bytes=3169 kbd gsi=1 rte=0x0000000000000024 aux gsi=12 rte=0x0000000000000024
[kernel 47.033 cpu0] heartbeat: t=47.033s alive=8/8 mask=0xff ran=184 gap=0.250s
[kernel 47.033 cpu0] i8042: line status=0x1c irqs=3169 bytes=3169 kbd gsi=1 rte=0x0000000000000024 aux gsi=12 rte=0x0000000000000024
[kernel 47.283 cpu1] heartbeat: t=47.283s alive=8/8 mask=0xff ran=351 gap=0.250s
[kernel 47.283 cpu1] i8042: line status=0x1c irqs=3169 bytes=3169 kbd gsi=1 rte=0x0000000000000024 aux gsi=12 rte=0x0000000000000024
[kernel 47.535 cpu0] heartbeat: t=47.535s alive=8/8 mask=0xff ran=175 gap=0.251s
[kernel 47.535 cpu0] i8042: line status=0x1c irqs=3169 bytes=3169 kbd gsi=1 rte=0x0000000000000024 aux gsi=12 rte=0x0000000000000024
[kernel 47.785 cpu6] heartbeat: t=47.785s alive=8/8 mask=0xff ran=293 gap=0.250s
[kernel 47.785 cpu6] i8042: line status=0x1c irqs=3169 bytes=3169 kbd gsi=1 rte=0x0000000000000024 aux gsi=12 rte=0x0000000000000024
[kernel 48.036 cpu0] heartbeat: t=48.036s alive=8/8 mask=0xff ran=346 gap=0.251s
[kernel 48.036 cpu0] i8042: line status=0x1c irqs=3169 bytes=3169 kbd gsi=1 rte=0x0000000000000024 aux gsi=12 rte=0x0000000000000024
compositor: frames=8 rects=8 damage_px=36096 damage_px_max=9472 composite_us_min=7 composite_us_max=88 composite_us_total=261 scanout_wr_bytes=144384 scanout_blits=8 back_rd_bytes=75768 cursor=0 windows=1
[kernel 48.287 cpu1] heartbeat: t=48.287s alive=8/8 mask=0xff ran=273 gap=0.250s
[kernel 48.287 cpu1] i8042: line status=0x1c irqs=3169 bytes=3169 kbd gsi=1 rte=0x0000000000000024 aux gsi=12 rte=0x0000000000000024
[kernel 48.537 cpu0] heartbeat: t=48.537s alive=8/8 mask=0xff ran=278 gap=0.250s
[kernel 48.537 cpu0] i8042: line status=0x1c irqs=3169 bytes=3169 kbd gsi=1 rte=0x0000000000000024 aux gsi=12 rte=0x0000000000000024
tone: done
[kernel 48.673 cpu5 tid=1] exit: tone tid=1 code=0 cpu=7ms
[kernel 48.673 cpu4 tid=0] syscalls: pid=9 total=30 syscall_wall=1983ms 0=11 1=2 6=1 8=1 38=1 40=1 41=1 49=1 58=1 59=2 63=2
[kernel 48.673 cpu4 tid=0] memory: pid=9 peak=6MB allocs=3 frees=0
[kernel 48.673 cpu4 tid=0] exit: tone pid=9 code=0 cpu=1ms
soundd: client 2 removed
soundd: wakes=1007 completions=723 submitted=731 underruns=0 drains=2 max_wake_lat_us=56340 max_batch=8 clients=0 deferred=0
soundd: suspended
[kernel 48.801 cpu4] heartbeat: t=48.801s alive=8/8 mask=0xff ran=177 gap=0.263s
[kernel 48.801 cpu4] i8042: line status=0x1c irqs=3169 bytes=3169 kbd gsi=1 rte=0x0000000000000024 aux gsi=12 rte=0x0000000000000024
[kernel 49.054 cpu0] heartbeat: t=49.054s alive=8/8 mask=0xff ran=20 gap=0.253s
[kernel 49.054 cpu0] i8042: line status=0x1d irqs=3173 bytes=3171 kbd gsi=1 rte=0x0000000000000024 aux gsi=12 rte=0x0000000000000024
[kernel 49.306 cpu0] heartbeat: t=49.306s alive=8/8 mask=0xff ran=15 gap=0.251s
[kernel 49.306 cpu0] i8042: line status=0x1c irqs=3173 bytes=3173 kbd gsi=1 rte=0x0000000000000024 aux gsi=12 rte=0x0000000000000024
[kernel 49.571 cpu0] heartbeat: t=49.571s alive=8/8 mask=0xff ran=15 gap=0.264s
[kernel 49.571 cpu0] i8042: line status=0x1c irqs=3173 bytes=3173 kbd gsi=1 rte=0x0000000000000024 aux gsi=12 rte=0x0000000000000024
[kernel 49.825 cpu7] heartbeat: t=49.825s alive=8/8 mask=0xff ran=15 gap=0.254s
[kernel 49.825 cpu7] i8042: line status=0x1c irqs=3173 bytes=3173 kbd gsi=1 rte=0x0000000000000024 aux gsi=12 rte=0x0000000000000024
/home/root> tone 440 2 0.2
[kernel 50.043 cpu6 tid=0] ELF: 3554 relocations indexed (RELATIVE + GLOB_DAT + TPOFF)
[kernel 50.043 cpu6 tid=0] spawn: TLS 1 modules, total_memsz=144
[kernel 50.044 cpu6 tid=0] spawn: /bin/tone pid=10 tid=0 base=0x10000000000 entry=0x1000002d4f4 cr3=0x1f63000 symbols=2048KiB (layout=0ms relocs=0ms deps=0ms tls=1ms total=1ms)
soundd: opening stream: 44100Hz 2ch fmt=0
soundd: client 0 connected (id=3)
soundd: resumed
tone: 440Hz for 2s at amplitude 6553
[kernel 50.076 cpu0] heartbeat: t=50.076s alive=8/8 mask=0xff ran=48 gap=0.250s
[kernel 50.076 cpu0] i8042: line status=0x1c irqs=3174 bytes=3174 kbd gsi=1 rte=0x0000000000000024 aux gsi=12 rte=0x0000000000000024
compositor: frames=7 rects=7 damage_px=41216 damage_px_max=9472 composite_us_min=10 composite_us_max=72 composite_us_total=261 scanout_wr_bytes=164864 scanout_blits=7 back_rd_bytes=75768 cursor=0 windows=1
[kernel 50.327 cpu0] heartbeat: t=50.327s alive=8/8 mask=0xff ran=143 gap=0.250s
[kernel 50.327 cpu0] i8042: line status=0x1c irqs=3175 bytes=3175 kbd gsi=1 rte=0x0000000000000024 aux gsi=12 rte=0x0000000000000024
[kernel 50.577 cpu1] heartbeat: t=50.577s alive=8/8 mask=0xff ran=350 gap=0.250s
[kernel 50.577 cpu1] i8042: line status=0x1c irqs=3175 bytes=3175 kbd gsi=1 rte=0x0000000000000024 aux gsi=12 rte=0x0000000000000024
[kernel 50.828 cpu0] heartbeat: t=50.828s alive=8/8 mask=0xff ran=169 gap=0.251s
[kernel 50.828 cpu0] i8042: line status=0x1c irqs=3175 bytes=3175 kbd gsi=1 rte=0x0000000000000024 aux gsi=12 rte=0x0000000000000024
[kernel 51.079 cpu0] heartbeat: t=51.079s alive=8/8 mask=0xff ran=293 gap=0.250s
[kernel 51.079 cpu0] i8042: line status=0x1c irqs=3175 bytes=3175 kbd gsi=1 rte=0x0000000000000024 aux gsi=12 rte=0x0000000000000024
[kernel 51.233 cpu1] PMM: 212/15962MB used (7875 pages free)
[kernel 51.233 cpu1]   kernel-heap  alloc=     6 free=     0 held=     6 (12MB) rate=0/s
[kernel 51.233 cpu1]   demand-page  alloc=    12 free=     5 held=     7 (14MB) rate=0/s
[kernel 51.233 cpu1]   mmap         alloc=    41 free=    12 held=    29 (58MB) rate=0/s
[kernel 51.233 cpu1]   shared-mem   alloc=    13 free=     3 held=    10 (20MB) rate=0/s
[kernel 51.233 cpu1]   pipe         alloc=    18 free=     9 held=     9 (18MB) rate=0/s
[kernel 51.233 cpu1]   elf          alloc=    11 free=     5 held=     6 (12MB) rate=0/s
[kernel 51.233 cpu1]   dma          alloc=     6 free=     0 held=     6 (12MB) rate=0/s
[kernel 51.233 cpu1]   framebuffer  alloc=     1 free=     0 held=     1 (2MB) rate=0/s
[kernel 51.233 cpu1]   stack        alloc=    44 free=    20 held=    24 (48MB) rate=0/s
[kernel 51.233 cpu1]   init-tls     alloc=    16 free=     8 held=     8 (16MB) rate=0/s
[kernel 51.233 cpu0] sched: cpu=0 ready=0 parked=1 current=None
[kernel 51.330 cpu0] heartbeat: t=51.330s alive=8/8 mask=0xff ran=255 gap=0.250s
[kernel 51.330 cpu0] i8042: line status=0x1c irqs=3175 bytes=3175 kbd gsi=1 rte=0x0000000000000024 aux gsi=12 rte=0x0000000000000024
[kernel 51.385 cpu6] sched: cpu=6 ready=0 parked=2 current=None
[kernel 51.420 cpu4] sched: cpu=4 ready=0 parked=1 current=None
[kernel 51.461 cpu5] sched: cpu=5 ready=0 parked=1 current=None
[kernel 51.468 cpu1] sched: cpu=1 ready=0 parked=1 current=None
[kernel 51.485 cpu3] sched: cpu=3 ready=0 parked=1 current=None
[kernel 51.520 cpu7] sched: cpu=7 ready=0 parked=1 current=None
[kernel 51.520 cpu2] sched: cpu=2 ready=0 parked=0 current=None
[kernel 51.580 cpu1] heartbeat: t=51.580s alive=8/8 mask=0xff ran=182 gap=0.250s
[kernel 51.580 cpu1] i8042: line status=0x1c irqs=3175 bytes=3175 kbd gsi=1 rte=0x0000000000000024 aux gsi=12 rte=0x0000000000000024
[kernel 51.831 cpu0] heartbeat: t=51.831s alive=8/8 mask=0xff ran=187 gap=0.251s
[kernel 51.831 cpu0] i8042: line status=0x1c irqs=3175 bytes=3175 kbd gsi=1 rte=0x0000000000000024 aux gsi=12 rte=0x0000000000000024
tone: done
[kernel 52.043 cpu7 tid=1] exit: tone tid=1 code=0 cpu=17ms
[kernel 52.043 cpu6 tid=0] syscalls: pid=10 total=30 syscall_wall=1999ms 0=11 1=2 6=1 8=1 38=1 40=1 41=1 49=1 58=1 59=2 63=2
[kernel 52.043 cpu6 tid=0] memory: pid=10 peak=6MB allocs=3 frees=0
[kernel 52.043 cpu6 tid=0] exit: tone pid=10 code=0 cpu=1ms
soundd: wakes=890 completions=734 submitted=742 underruns=14 drains=3 max_wake_lat_us=46538 max_batch=8 clients=1 deferred=0
soundd: client 3 removed
soundd: wakes=1 completions=1 submitted=1 underruns=0 drains=0 max_wake_lat_us=2654 max_batch=1 clients=0 deferred=0
soundd: suspended
[kernel 52.087 cpu0] heartbeat: t=52.087s alive=8/8 mask=0xff ran=261 gap=0.256s
[kernel 52.087 cpu0] i8042: line status=0x1c irqs=3175 bytes=3175 kbd gsi=1 rte=0x0000000000000024 aux gsi=12 rte=0x0000000000000024
compositor: frames=4 rects=4 damage_px=23168 damage_px_max=9472 composite_us_min=13 composite_us_max=76 composite_us_total=178 scanout_wr_bytes=92672 scanout_blits=4 back_rd_bytes=75768 cursor=0 windows=1
[kernel 52.350 cpu0] heartbeat: t=52.350s alive=8/8 mask=0xff ran=10 gap=0.262s
[kernel 52.350 cpu0] i8042: line status=0x1c irqs=3175 bytes=3175 kbd gsi=1 rte=0x0000000000000024 aux gsi=12 rte=0x0000000000000024
[kernel 52.600 cpu5] heartbeat: t=52.600s alive=8/8 mask=0xff ran=18 gap=0.250s
[kernel 52.600 cpu5] i8042: line status=0x1c irqs=3179 bytes=3179 kbd gsi=1 rte=0x0000000000000024 aux gsi=12 rte=0x0000000000000024
[kernel 52.600 cpu5] i8042: 3179 interrupts, 3179 bytes, 66 keys, 1035 motion, 0 undecoded, 0 discarded, 0 overruns, 0 dropped, 0 lost edges — last byte at 52500ms
[kernel 52.854 cpu4] heartbeat: t=52.854s alive=8/8 mask=0xff ran=19 gap=0.253s
[kernel 52.854 cpu4] i8042: line status=0x1c irqs=3183 bytes=3183 kbd gsi=1 rte=0x0000000000000024 aux gsi=12 rte=0x0000000000000024
[kernel 53.108 cpu0] heartbeat: t=53.108s alive=8/8 mask=0xff ran=25 gap=0.254s
[kernel 53.108 cpu0] i8042: line status=0x1d irqs=3190 bytes=3189 kbd gsi=1 rte=0x0000000000000024 aux gsi=12 rte=0x0000000000000024
[kernel 53.359 cpu0] heartbeat: t=53.359s alive=8/8 mask=0xff ran=26 gap=0.250s
[kernel 53.359 cpu0] i8042: line status=0x1c irqs=3197 bytes=3197 kbd gsi=1 rte=0x0000000000000024 aux gsi=12 rte=0x0000000000000024
[kernel 53.624 cpu0] heartbeat: t=53.624s alive=8/8 mask=0xff ran=28 gap=0.264s
[kernel 53.624 cpu0] i8042: line status=0x1c irqs=3205 bytes=3205 kbd gsi=1 rte=0x0000000000000024 aux gsi=12 rte=0x0000000000000024
[kernel 53.886 cpu5] heartbeat: t=53.886s alive=8/8 mask=0xff ran=15 gap=0.262s
[kernel 53.886 cpu5] i8042: line status=0x1c irqs=3207 bytes=3207 kbd gsi=1 rte=0x0000000000000024 aux gsi=12 rte=0x0000000000000024
[kernel 54.137 cpu0] heartbeat: t=54.137s alive=8/8 mask=0xff ran=15 gap=0.250s
[kernel 54.137 cpu0] i8042: line status=0x1c irqs=3207 bytes=3207 kbd gsi=1 rte=0x0000000000000024 aux gsi=12 rte=0x0000000000000024
compositor: frames=10 rects=10 damage_px=22656 damage_px_max=9472 composite_us_min=7 composite_us_max=62 composite_us_total=197 scanout_wr_bytes=90624 scanout_blits=10 back_rd_bytes=75768 cursor=0 windows=1
[kernel 54.390 cpu6] heartbeat: t=54.390s alive=8/8 mask=0xff ran=13 gap=0.252s
[kernel 54.390 cpu6] i8042: line status=0x1c irqs=3207 bytes=3207 kbd gsi=1 rte=0x0000000000000024 aux gsi=12 rte=0x0000000000000024
[kernel 54.640 cpu0] heartbeat: t=54.640s alive=8/8 mask=0xff ran=27 gap=0.250s
[kernel 54.640 cpu0] i8042: line status=0x1c irqs=3210 bytes=3210 kbd gsi=1 rte=0x0000000000000024 aux gsi=12 rte=0x0000000000000024
[kernel 54.891 cpu4] heartbeat: t=54.891s alive=8/8 mask=0xff ran=15 gap=0.250s
[kernel 54.891 cpu4] i8042: line status=0x1c irqs=3211 bytes=3211 kbd gsi=1 rte=0x0000000000000024 aux gsi=12 rte=0x0000000000000024
[kernel 55.154 cpu3] heartbeat: t=55.154s alive=8/8 mask=0xff ran=29 gap=0.263s
[kernel 55.154 cpu3] i8042: line status=0x1c irqs=3215 bytes=3215 kbd gsi=1 rte=0x0000000000000024 aux gsi=12 rte=0x0000000000000024
[kernel 55.407 cpu1] heartbeat: t=55.407s alive=8/8 mask=0xff ran=15 gap=0.252s
[kernel 55.407 cpu1] i8042: line status=0x1c irqs=3215 bytes=3215 kbd gsi=1 rte=0x0000000000000024 aux gsi=12 rte=0x0000000000000024
/home/root> tone 440 2 0.20 2 0.2 0 2 0.2 80 2 0.280 2 0.2
[kernel 55.585 cpu6 tid=0] ELF: 3554 relocations indexed (RELATIVE + GLOB_DAT + TPOFF)
[kernel 55.585 cpu6 tid=0] spawn: TLS 1 modules, total_memsz=144
[kernel 55.585 cpu6 tid=0] spawn: /bin/tone pid=11 tid=0 base=0x10000000000 entry=0x1000002d4f4 cr3=0x1f8e000 symbols=2048KiB (layout=0ms relocs=0ms deps=0ms tls=0ms total=1ms)
soundd: opening stream: 44100Hz 2ch fmt=0
tone: 880Hz for 2s at amplitude 6553
soundd: client 0 connected (id=4)
soundd: resumed
[kernel 55.658 cpu0] heartbeat: t=55.658s alive=8/8 mask=0xff ran=73 gap=0.250s
[kernel 55.658 cpu0] i8042: line status=0x1c irqs=3217 bytes=3217 kbd gsi=1 rte=0x0000000000000024 aux gsi=12 rte=0x0000000000000024
[kernel 55.909 cpu0] heartbeat: t=55.909s alive=8/8 mask=0xff ran=160 gap=0.250s
[kernel 55.909 cpu0] i8042: line status=0x1c irqs=3217 bytes=3217 kbd gsi=1 rte=0x0000000000000024 aux gsi=12 rte=0x0000000000000024
[kernel 56.159 cpu0] heartbeat: t=56.159s alive=8/8 mask=0xff ran=164 gap=0.250s
[kernel 56.159 cpu0] i8042: line status=0x1c irqs=3217 bytes=3217 kbd gsi=1 rte=0x0000000000000024 aux gsi=12 rte=0x0000000000000024
compositor: frames=8 rects=8 damage_px=37376 damage_px_max=9472 composite_us_min=6 composite_us_max=79 composite_us_total=247 scanout_wr_bytes=149504 scanout_blits=8 back_rd_bytes=75768 cursor=0 windows=1
[kernel 56.410 cpu0] heartbeat: t=56.410s alive=8/8 mask=0xff ran=133 gap=0.251s
[kernel 56.410 cpu0] i8042: line status=0x1c irqs=3217 bytes=3217 kbd gsi=1 rte=0x0000000000000024 aux gsi=12 rte=0x0000000000000024
[kernel 56.661 cpu0] heartbeat: t=56.661s alive=8/8 mask=0xff ran=167 gap=0.250s
[kernel 56.661 cpu0] i8042: line status=0x1c irqs=3217 bytes=3217 kbd gsi=1 rte=0x0000000000000024 aux gsi=12 rte=0x0000000000000024
[kernel 56.911 cpu0] heartbeat: t=56.911s alive=8/8 mask=0xff ran=167 gap=0.250s
[kernel 56.911 cpu0] i8042: line status=0x1c irqs=3217 bytes=3217 kbd gsi=1 rte=0x0000000000000024 aux gsi=12 rte=0x0000000000000024
[kernel 57.162 cpu0] heartbeat: t=57.162s alive=8/8 mask=0xff ran=180 gap=0.250s
[kernel 57.162 cpu0] i8042: line status=0x1c irqs=3217 bytes=3217 kbd gsi=1 rte=0x0000000000000024 aux gsi=12 rte=0x0000000000000024
[kernel 57.412 cpu0] heartbeat: t=57.412s alive=8/8 mask=0xff ran=171 gap=0.250s
[kernel 57.412 cpu0] i8042: line status=0x1c irqs=3217 bytes=3217 kbd gsi=1 rte=0x0000000000000024 aux gsi=12 rte=0x0000000000000024
soundd: wakes=612 completions=670 submitted=678 underruns=0 drains=9 max_wake_lat_us=54080 max_batch=8 clients=1 deferred=0
[kernel 57.663 cpu0] heartbeat: t=57.663s alive=8/8 mask=0xff ran=159 gap=0.250s
[kernel 57.663 cpu0] i8042: line status=0x1c irqs=3217 bytes=3217 kbd gsi=1 rte=0x0000000000000024 aux gsi=12 rte=0x0000000000000024
tone: done
[kernel 57.779 cpu1 tid=1] exit: tone tid=1 code=0 cpu=15ms
[kernel 57.779 cpu0 tid=0] syscalls: pid=11 total=30 syscall_wall=2183ms 0=11 1=2 6=1 8=1 38=1 40=1 41=1 49=1 58=1 59=2 63=2
[kernel 57.779 cpu0 tid=0] memory: pid=11 peak=6MB allocs=3 frees=0
[kernel 57.779 cpu0 tid=0] exit: tone pid=11 code=0 cpu=1ms
soundd: client 4 removed
soundd: wakes=38 completions=58 submitted=58 underruns=0 drains=3 max_wake_lat_us=30322 max_batch=8 clients=0 deferred=0
soundd: suspended
[kernel 57.920 cpu5] heartbeat: t=57.920s alive=8/8 mask=0xff ran=80 gap=0.256s
[kernel 57.920 cpu5] i8042: line status=0x1c irqs=3217 bytes=3217 kbd gsi=1 rte=0x0000000000000024 aux gsi=12 rte=0x0000000000000024
[kernel 58.180 cpu0] heartbeat: t=58.180s alive=8/8 mask=0xff ran=15 gap=0.260s
[kernel 58.180 cpu0] i8042: line status=0x1c irqs=3217 bytes=3217 kbd gsi=1 rte=0x0000000000000024 aux gsi=12 rte=0x0000000000000024
compositor: frames=4 rects=4 damage_px=23168 damage_px_max=9472 composite_us_min=15 composite_us_max=67 composite_us_total=177 scanout_wr_bytes=92672 scanout_blits=4 back_rd_bytes=75768 cursor=0 windows=1
[kernel 58.436 cpu5] heartbeat: t=58.436s alive=8/8 mask=0xff ran=14 gap=0.256s
[kernel 58.436 cpu5] i8042: line status=0x1c irqs=3217 bytes=3217 kbd gsi=1 rte=0x0000000000000024 aux gsi=12 rte=0x0000000000000024
[kernel 58.698 cpu0] heartbeat: t=58.698s alive=8/8 mask=0xff ran=21 gap=0.261s
[kernel 58.698 cpu0] i8042: line status=0x1c irqs=3219 bytes=3219 kbd gsi=1 rte=0x0000000000000024 aux gsi=12 rte=0x0000000000000024
[kernel 58.953 cpu5] heartbeat: t=58.953s alive=8/8 mask=0xff ran=16 gap=0.255s
[kernel 58.953 cpu5] i8042: line status=0x1c irqs=3221 bytes=3221 kbd gsi=1 rte=0x0000000000000024 aux gsi=12 rte=0x0000000000000024
[kernel 59.204 cpu0] heartbeat: t=59.204s alive=8/8 mask=0xff ran=15 gap=0.250s
[kernel 59.204 cpu0] i8042: line status=0x1c irqs=3221 bytes=3221 kbd gsi=1 rte=0x0000000000000024 aux gsi=12 rte=0x0000000000000024
[kernel 59.458 cpu5] heartbeat: t=59.458s alive=8/8 mask=0xff ran=15 gap=0.254s
[kernel 59.458 cpu5] i8042: line status=0x1c irqs=3221 bytes=3221 kbd gsi=1 rte=0x0000000000000024 aux gsi=12 rte=0x0000000000000024
[kernel 59.713 cpu0] heartbeat: t=59.713s alive=8/8 mask=0xff ran=29 gap=0.255s
[kernel 59.713 cpu0] i8042: line status=0x1c irqs=3225 bytes=3225 kbd gsi=1 rte=0x0000000000000024 aux gsi=12 rte=0x0000000000000024
/home/root> tone 880 2 0.2 1
[kernel 59.836 cpu6 tid=0] ELF: 3554 relocations indexed (RELATIVE + GLOB_DAT + TPOFF)
[kernel 59.836 cpu6 tid=0] spawn: TLS 1 modules, total_memsz=144
[kernel 59.837 cpu6 tid=0] spawn: /bin/tone pid=12 tid=0 base=0x10000000000 entry=0x1000002d4f4 cr3=0x1f7b000 symbols=2048KiB (layout=0ms relocs=0ms deps=0ms tls=0ms total=1ms)
soundd: opening stream: 44100Hz 2ch fmt=0
tone: 880Hz for 2s at amplitude 3276
soundd: client 0 connected (id=5)
soundd: resumed
[kernel 59.963 cpu0] heartbeat: t=59.963s alive=8/8 mask=0xff ran=65 gap=0.250s
[kernel 59.963 cpu0] i8042: line status=0x1c irqs=3227 bytes=3227 kbd gsi=1 rte=0x0000000000000024 aux gsi=12 rte=0x0000000000000024
[kernel 60.214 cpu0] heartbeat: t=60.214s alive=8/8 mask=0xff ran=170 gap=0.251s
[kernel 60.214 cpu0] i8042: line status=0x1c irqs=3227 bytes=3227 kbd gsi=1 rte=0x0000000000000024 aux gsi=12 rte=0x0000000000000024
compositor: frames=7 rects=7 damage_px=37504 damage_px_max=9472 composite_us_min=7 composite_us_max=75 composite_us_total=255 scanout_wr_bytes=150016 scanout_blits=7 back_rd_bytes=75768 cursor=0 windows=1
[kernel 60.465 cpu0] heartbeat: t=60.465s alive=8/8 mask=0xff ran=148 gap=0.250s
[kernel 60.465 cpu0] i8042: line status=0x1c irqs=3227 bytes=3227 kbd gsi=1 rte=0x0000000000000024 aux gsi=12 rte=0x0000000000000024
[kernel 60.716 cpu0] heartbeat: t=60.716s alive=8/8 mask=0xff ran=182 gap=0.250s
[kernel 60.716 cpu0] i8042: line status=0x1c irqs=3227 bytes=3227 kbd gsi=1 rte=0x0000000000000024 aux gsi=12 rte=0x0000000000000024
[kernel 60.966 cpu0] heartbeat: t=60.966s alive=8/8 mask=0xff ran=177 gap=0.250s
[kernel 60.966 cpu0] i8042: line status=0x1c irqs=3227 bytes=3227 kbd gsi=1 rte=0x0000000000000024 aux gsi=12 rte=0x0000000000000024
[kernel 61.216 cpu0] heartbeat: t=61.216s alive=8/8 mask=0xff ran=184 gap=0.250s
[kernel 61.216 cpu0] i8042: line status=0x1c irqs=3227 bytes=3227 kbd gsi=1 rte=0x0000000000000024 aux gsi=12 rte=0x0000000000000024
[kernel 61.237 cpu6] PMM: 212/15962MB used (7875 pages free)
[kernel 61.237 cpu6]   kernel-heap  alloc=     6 free=     0 held=     6 (12MB) rate=0/s
[kernel 61.237 cpu6]   demand-page  alloc=    14 free=     7 held=     7 (14MB) rate=0/s
[kernel 61.237 cpu6]   mmap         alloc=    47 free=    18 held=    29 (58MB) rate=0/s
[kernel 61.237 cpu6]   shared-mem   alloc=    15 free=     5 held=    10 (20MB) rate=0/s
[kernel 61.237 cpu6]   pipe         alloc=    24 free=    15 held=     9 (18MB) rate=0/s
[kernel 61.237 cpu6]   elf          alloc=    13 free=     7 held=     6 (12MB) rate=0/s
[kernel 61.237 cpu6]   dma          alloc=     6 free=     0 held=     6 (12MB) rate=0/s
[kernel 61.237 cpu6]   framebuffer  alloc=     1 free=     0 held=     1 (2MB) rate=0/s
[kernel 61.237 cpu6]   stack        alloc=    52 free=    28 held=    24 (48MB) rate=0/s
[kernel 61.237 cpu6]   init-tls     alloc=    20 free=    12 held=     8 (16MB) rate=0/s
[kernel 61.248 cpu0] sched: cpu=0 ready=0 parked=2 current=None
[kernel 61.424 cpu4] sched: cpu=4 ready=0 parked=1 current=None
[kernel 61.466 cpu6] sched: cpu=6 ready=0 parked=1 current=None
[kernel 61.466 cpu0] heartbeat: t=61.466s alive=8/8 mask=0xff ran=177 gap=0.250s
[kernel 61.466 cpu0] i8042: line status=0x1c irqs=3227 bytes=3227 kbd gsi=1 rte=0x0000000000000024 aux gsi=12 rte=0x0000000000000024
[kernel 61.485 cpu3] sched: cpu=3 ready=0 parked=2 current=None
[kernel 61.524 cpu5] sched: cpu=5 ready=0 parked=1 current=None
[kernel 61.524 cpu1] sched: cpu=1 ready=0 parked=0 current=None
[kernel 61.525 cpu2] sched: cpu=2 ready=0 parked=1 current=None
[kernel 61.576 cpu7] sched: cpu=7 ready=0 parked=0 current=None
[kernel 61.717 cpu0] heartbeat: t=61.717s alive=8/8 mask=0xff ran=300 gap=0.250s
[kernel 61.717 cpu0] i8042: line status=0x1c irqs=3227 bytes=3227 kbd gsi=1 rte=0x0000000000000024 aux gsi=12 rte=0x0000000000000024
soundd: wakes=697 completions=699 submitted=707 underruns=0 drains=8 max_wake_lat_us=58881 max_batch=8 clients=1 deferred=0
[kernel 61.969 cpu0] heartbeat: t=61.969s alive=8/8 mask=0xff ran=120 gap=0.251s
[kernel 61.969 cpu0] i8042: line status=0x1c irqs=3227 bytes=3227 kbd gsi=1 rte=0x0000000000000024 aux gsi=12 rte=0x0000000000000024
tone: done
[kernel 62.019 cpu3 tid=1] exit: tone tid=1 code=0 cpu=15ms
[kernel 62.019 cpu2 tid=0] syscalls: pid=12 total=30 syscall_wall=2134ms 0=11 1=2 6=1 8=1 38=1 40=1 41=1 49=1 58=1 59=2 63=2
[kernel 62.019 cpu2 tid=0] memory: pid=12 peak=6MB allocs=3 frees=0
[kernel 62.019 cpu2 tid=0] exit: tone pid=12 code=0 cpu=1ms
soundd: client 5 removed
soundd: wakes=16 completions=29 submitted=29 underruns=0 drains=2 max_wake_lat_us=48322 max_batch=8 clients=0 deferred=0
soundd: suspended
[kernel 62.220 cpu0] heartbeat: t=62.220s alive=8/8 mask=0xff ran=34 gap=0.251s
[kernel 62.220 cpu0] i8042: line status=0x1c irqs=3227 bytes=3227 kbd gsi=1 rte=0x0000000000000024 aux gsi=12 rte=0x0000000000000024
compositor: frames=4 rects=4 damage_px=23168 damage_px_max=9472 composite_us_min=15 composite_us_max=64 composite_us_total=178 scanout_wr_bytes=92672 scanout_blits=4 back_rd_bytes=75768 cursor=0 windows=1
[kernel 62.473 cpu0] heartbeat: t=62.473s alive=8/8 mask=0xff ran=11 gap=0.252s
[kernel 62.473 cpu0] i8042: line status=0x1c irqs=3227 bytes=3227 kbd gsi=1 rte=0x0000000000000024 aux gsi=12 rte=0x0000000000000024
[kernel 62.603 cpu4] i8042: 3227 interrupts, 3227 bytes, 98 keys, 1035 motion, 0 undecoded, 0 discarded, 0 overruns, 0 dropped, 0 lost edges — last byte at 59805ms
[kernel 62.737 cpu0] heartbeat: t=62.737s alive=8/8 mask=0xff ran=19 gap=0.263s
[kernel 62.737 cpu0] i8042: line status=0x1c irqs=3229 bytes=3229 kbd gsi=1 rte=0x0000000000000024 aux gsi=12 rte=0x0000000000000024
[kernel 62.989 cpu0] heartbeat: t=62.989s alive=8/8 mask=0xff ran=15 gap=0.252s
[kernel 62.989 cpu0] i8042: line status=0x1d irqs=3233 bytes=3231 kbd gsi=1 rte=0x0000000000000024 aux gsi=12 rte=0x0000000000000024
[kernel 63.240 cpu4] heartbeat: t=63.240s alive=8/8 mask=0xff ran=20 gap=0.251s
[kernel 63.240 cpu4] i8042: line status=0x1c irqs=3235 bytes=3235 kbd gsi=1 rte=0x0000000000000024 aux gsi=12 rte=0x0000000000000024
[kernel 63.504 cpu5] heartbeat: t=63.504s alive=8/8 mask=0xff ran=15 gap=0.263s
[kernel 63.504 cpu5] i8042: line status=0x1c irqs=3235 bytes=3235 kbd gsi=1 rte=0x0000000000000024 aux gsi=12 rte=0x0000000000000024
[kernel 63.756 cpu2] heartbeat: t=63.756s alive=8/8 mask=0xff ran=22 gap=0.252s
[kernel 63.756 cpu2] i8042: line status=0x1c irqs=3237 bytes=3237 kbd gsi=1 rte=0x0000000000000024 aux gsi=12 rte=0x0000000000000024
/home/root> tone 880 2 0.101
[kernel 63.900 cpu6 tid=0] ELF: 3554 relocations indexed (RELATIVE + GLOB_DAT + TPOFF)
[kernel 63.900 cpu6 tid=0] spawn: TLS 1 modules, total_memsz=144
[kernel 63.900 cpu6 tid=0] spawn: /bin/tone pid=13 tid=0 base=0x10000000000 entry=0x1000002d4f4 cr3=0x1f86000 symbols=2048KiB (layout=0ms relocs=0ms deps=0ms tls=0ms total=1ms)
soundd: opening stream: 44100Hz 2ch fmt=0
tone: 880Hz for 2s at amplitude 327
soundd: client 0 connected (id=6)
soundd: resumed
[kernel 64.007 cpu0] heartbeat: t=64.007s alive=8/8 mask=0xff ran=88 gap=0.250s
[kernel 64.007 cpu0] i8042: line status=0x1c irqs=3239 bytes=3239 kbd gsi=1 rte=0x0000000000000024 aux gsi=12 rte=0x0000000000000024
[kernel 64.257 cpu0] heartbeat: t=64.257s alive=8/8 mask=0xff ran=205 gap=0.250s
[kernel 64.257 cpu0] i8042: line status=0x1c irqs=3239 bytes=3239 kbd gsi=1 rte=0x0000000000000024 aux gsi=12 rte=0x0000000000000024
compositor: frames=7 rects=7 damage_px=37248 damage_px_max=9472 composite_us_min=7 composite_us_max=73 composite_us_total=234 scanout_wr_bytes=148992 scanout_blits=7 back_rd_bytes=75768 cursor=0 windows=1
[kernel 64.508 cpu0] heartbeat: t=64.508s alive=8/8 mask=0xff ran=366 gap=0.250s
[kernel 64.508 cpu0] i8042: line status=0x1c irqs=3239 bytes=3239 kbd gsi=1 rte=0x0000000000000024 aux gsi=12 rte=0x0000000000000024
[kernel 64.759 cpu0] heartbeat: t=64.759s alive=8/8 mask=0xff ran=158 gap=0.250s
[kernel 64.759 cpu0] i8042: line status=0x1c irqs=3239 bytes=3239 kbd gsi=1 rte=0x0000000000000024 aux gsi=12 rte=0x0000000000000024
[kernel 65.010 cpu0] heartbeat: t=65.010s alive=8/8 mask=0xff ran=164 gap=0.250s
[kernel 65.010 cpu0] i8042: line status=0x1c irqs=3239 bytes=3239 kbd gsi=1 rte=0x0000000000000024 aux gsi=12 rte=0x0000000000000024
[kernel 65.260 cpu0] heartbeat: t=65.260s alive=8/8 mask=0xff ran=164 gap=0.250s
[kernel 65.260 cpu0] i8042: line status=0x1c irqs=3239 bytes=3239 kbd gsi=1 rte=0x0000000000000024 aux gsi=12 rte=0x0000000000000024
[kernel 65.511 cpu0] heartbeat: t=65.511s alive=8/8 mask=0xff ran=167 gap=0.250s
[kernel 65.511 cpu0] i8042: line status=0x1c irqs=3239 bytes=3239 kbd gsi=1 rte=0x0000000000000024 aux gsi=12 rte=0x0000000000000024
[kernel 65.762 cpu0] heartbeat: t=65.762s alive=8/8 mask=0xff ran=175 gap=0.250s
[kernel 65.762 cpu0] i8042: line status=0x1c irqs=3239 bytes=3239 kbd gsi=1 rte=0x0000000000000024 aux gsi=12 rte=0x0000000000000024
soundd: wakes=730 completions=686 submitted=694 underruns=0 drains=6 max_wake_lat_us=58082 max_batch=8 clients=1 deferred=0
[kernel 66.012 cpu0] heartbeat: t=66.012s alive=8/8 mask=0xff ran=138 gap=0.250s
[kernel 66.012 cpu0] i8042: line status=0x1c irqs=3239 bytes=3239 kbd gsi=1 rte=0x0000000000000024 aux gsi=12 rte=0x0000000000000024
tone: done
[kernel 66.101 cpu5 tid=1] exit: tone tid=1 code=0 cpu=16ms
soundd: client 6 removed
soundd: wakes=32 completions=51 submitted=51 underruns=0 drains=3 max_wake_lat_us=39053 max_batch=8 clients=0 deferred=0
soundd: suspended
[kernel 66.131 cpu4 tid=0] syscalls: pid=13 total=30 syscall_wall=2215ms 0=11 1=2 6=1 8=1 38=1 40=1 41=1 49=1 58=1 59=2 63=2
[kernel 66.131 cpu4 tid=0] memory: pid=13 peak=6MB allocs=3 frees=0
[kernel 66.131 cpu4 tid=0] exit: tone pid=13 code=0 cpu=1ms
[kernel 66.268 cpu7] heartbeat: t=66.268s alive=8/8 mask=0xff ran=47 gap=0.255s
[kernel 66.268 cpu7] i8042: line status=0x1c irqs=3239 bytes=3239 kbd gsi=1 rte=0x0000000000000024 aux gsi=12 rte=0x0000000000000024
compositor: frames=4 rects=4 damage_px=23168 damage_px_max=9472 composite_us_min=16 composite_us_max=66 composite_us_total=184 scanout_wr_bytes=92672 scanout_blits=4 back_rd_bytes=75768 cursor=0 windows=1
[kernel 66.523 cpu0] heartbeat: t=66.523s alive=8/8 mask=0xff ran=14 gap=0.254s
[kernel 66.523 cpu0] i8042: line status=0x1c irqs=3239 bytes=3239 kbd gsi=1 rte=0x0000000000000024 aux gsi=12 rte=0x0000000000000024
[kernel 66.776 cpu0] heartbeat: t=66.776s alive=8/8 mask=0xff ran=14 gap=0.253s
[kernel 66.776 cpu0] i8042: line status=0x1c irqs=3239 bytes=3239 kbd gsi=1 rte=0x0000000000000024 aux gsi=12 rte=0x0000000000000024
[kernel 67.040 cpu0] heartbeat: t=67.040s alive=8/8 mask=0xff ran=20 gap=0.264s
[kernel 67.040 cpu0] i8042: line status=0x1c irqs=3241 bytes=3241 kbd gsi=1 rte=0x0000000000000024 aux gsi=12 rte=0x0000000000000024
[kernel 67.300 cpu5] heartbeat: t=67.300s alive=8/8 mask=0xff ran=16 gap=0.260s
[kernel 67.300 cpu5] i8042: line status=0x1c irqs=3243 bytes=3243 kbd gsi=1 rte=0x0000000000000024 aux gsi=12 rte=0x0000000000000024
[kernel 67.551 cpu0] heartbeat: t=67.551s alive=8/8 mask=0xff ran=15 gap=0.250s
[kernel 67.551 cpu0] i8042: line status=0x1c irqs=3243 bytes=3243 kbd gsi=1 rte=0x0000000000000024 aux gsi=12 rte=0x0000000000000024
[kernel 67.803 cpu1] heartbeat: t=67.803s alive=8/8 mask=0xff ran=29 gap=0.252s
[kernel 67.803 cpu1] i8042: line status=0x1c irqs=3251 bytes=3251 kbd gsi=1 rte=0x0000000000000024 aux gsi=12 rte=0x0000000000000024
[kernel 68.064 cpu0] heartbeat: t=68.064s alive=8/8 mask=0xff ran=27 gap=0.261s
[kernel 68.064 cpu0] i8042: line status=0x1c irqs=3257 bytes=3257 kbd gsi=1 rte=0x0000000000000024 aux gsi=12 rte=0x0000000000000024
[kernel 68.318 cpu6] heartbeat: t=68.318s alive=8/8 mask=0xff ran=23 gap=0.254s
[kernel 68.318 cpu6] i8042: line status=0x1c irqs=3263 bytes=3263 kbd gsi=1 rte=0x0000000000000024 aux gsi=12 rte=0x0000000000000024
compositor: frames=8 rects=8 damage_px=22272 damage_px_max=9472 composite_us_min=7 composite_us_max=65 composite_us_total=183 scanout_wr_bytes=89088 scanout_blits=8 back_rd_bytes=75768 cursor=0 windows=1
[kernel 68.578 cpu4] heartbeat: t=68.578s alive=8/8 mask=0xff ran=13 gap=0.259s
[kernel 68.578 cpu4] i8042: line status=0x1c irqs=3263 bytes=3263 kbd gsi=1 rte=0x0000000000000024 aux gsi=12 rte=0x0000000000000024
[kernel 68.830 cpu1] heartbeat: t=68.830s alive=8/8 mask=0xff ran=22 gap=0.252s
[kernel 68.830 cpu1] i8042: line status=0x1c irqs=3265 bytes=3265 kbd gsi=1 rte=0x0000000000000024 aux gsi=12 rte=0x0000000000000024
[kernel 69.081 cpu7] heartbeat: t=69.081s alive=8/8 mask=0xff ran=28 gap=0.250s
[kernel 69.081 cpu7] i8042: line status=0x1c irqs=3269 bytes=3269 kbd gsi=1 rte=0x0000000000000024 aux gsi=12 rte=0x0000000000000024
/home/root> tone 880 2 0.01 0.01 1 0.010 0.01
[kernel 69.221 cpu6 tid=0] ELF: 3554 relocations indexed (RELATIVE + GLOB_DAT + TPOFF)
[kernel 69.221 cpu6 tid=0] spawn: TLS 1 modules, total_memsz=144
[kernel 69.221 cpu6 tid=0] spawn: /bin/tone pid=14 tid=0 base=0x10000000000 entry=0x1000002d4f4 cr3=0x1f98000 symbols=2048KiB (layout=0ms relocs=0ms deps=0ms tls=1ms total=1ms)
soundd: opening stream: 44100Hz 2ch fmt=0
soundd: client 0 connected (id=7)
soundd: resumed
tone: 880Hz for 10s at amplitude 327
[kernel 69.338 cpu7] heartbeat: t=69.338s alive=8/8 mask=0xff ran=85 gap=0.257s
[kernel 69.338 cpu7] i8042: line status=0x1c irqs=3271 bytes=3271 kbd gsi=1 rte=0x0000000000000024 aux gsi=12 rte=0x0000000000000024
[kernel 69.590 cpu0] heartbeat: t=69.590s alive=8/8 mask=0xff ran=181 gap=0.251s
[kernel 69.590 cpu0] i8042: line status=0x1c irqs=3271 bytes=3271 kbd gsi=1 rte=0x0000000000000024 aux gsi=12 rte=0x0000000000000024
[kernel 69.841 cpu0] heartbeat: t=69.841s alive=8/8 mask=0xff ran=175 gap=0.250s
[kernel 69.841 cpu0] i8042: line status=0x1c irqs=3271 bytes=3271 kbd gsi=1 rte=0x0000000000000024 aux gsi=12 rte=0x0000000000000024
[kernel 70.092 cpu0] heartbeat: t=70.092s alive=8/8 mask=0xff ran=184 gap=0.250s
[kernel 70.092 cpu0] i8042: line status=0x1c irqs=3271 bytes=3271 kbd gsi=1 rte=0x0000000000000024 aux gsi=12 rte=0x0000000000000024
[kernel 70.343 cpu0] heartbeat: t=70.343s alive=8/8 mask=0xff ran=177 gap=0.251s
[kernel 70.343 cpu0] i8042: line status=0x1c irqs=3271 bytes=3271 kbd gsi=1 rte=0x0000000000000024 aux gsi=12 rte=0x0000000000000024
compositor: frames=7 rects=7 damage_px=36608 damage_px_max=9472 composite_us_min=6 composite_us_max=74 composite_us_total=243 scanout_wr_bytes=146432 scanout_blits=7 back_rd_bytes=75768 cursor=0 windows=1
[kernel 70.593 cpu0] heartbeat: t=70.593s alive=8/8 mask=0xff ran=176 gap=0.250s
[kernel 70.593 cpu0] i8042: line status=0x1c irqs=3271 bytes=3271 kbd gsi=1 rte=0x0000000000000024 aux gsi=12 rte=0x0000000000000024
[kernel 70.844 cpu0] heartbeat: t=70.844s alive=8/8 mask=0xff ran=184 gap=0.251s
[kernel 70.844 cpu0] i8042: line status=0x1c irqs=3271 bytes=3271 kbd gsi=1 rte=0x0000000000000024 aux gsi=12 rte=0x0000000000000024
[kernel 71.094 cpu0] heartbeat: t=71.094s alive=8/8 mask=0xff ran=301 gap=0.250s
[kernel 71.094 cpu0] i8042: line status=0x1c irqs=3271 bytes=3271 kbd gsi=1 rte=0x0000000000000024 aux gsi=12 rte=0x0000000000000024
soundd: wakes=755 completions=721 submitted=729 underruns=0 drains=7 max_wake_lat_us=34586 max_batch=8 clients=1 deferred=0
[kernel 71.238 cpu0] PMM: 212/15962MB used (7875 pages free)
[kernel 71.238 cpu0]   kernel-heap  alloc=     6 free=     0 held=     6 (12MB) rate=0/s
[kernel 71.238 cpu0]   demand-page  alloc=    16 free=     9 held=     7 (14MB) rate=0/s
[kernel 71.238 cpu0]   mmap         alloc=    53 free=    24 held=    29 (58MB) rate=0/s
[kernel 71.238 cpu0]   shared-mem   alloc=    17 free=     7 held=    10 (20MB) rate=0/s
[kernel 71.238 cpu0]   pipe         alloc=    30 free=    21 held=     9 (18MB) rate=0/s
[kernel 71.238 cpu0]   elf          alloc=    15 free=     9 held=     6 (12MB) rate=0/s
[kernel 71.238 cpu0]   dma          alloc=     6 free=     0 held=     6 (12MB) rate=0/s
[kernel 71.238 cpu0]   framebuffer  alloc=     1 free=     0 held=     1 (2MB) rate=0/s
[kernel 71.238 cpu0]   stack        alloc=    60 free=    36 held=    24 (48MB) rate=0/s
[kernel 71.238 cpu0]   init-tls     alloc=    24 free=    16 held=     8 (16MB) rate=0/s
[kernel 71.300 cpu0] sched: cpu=0 ready=0 parked=2 current=None
[kernel 71.352 cpu7] heartbeat: t=71.352s alive=8/8 mask=0xff ran=191 gap=0.257s
[kernel 71.352 cpu7] i8042: line status=0x1c irqs=3271 bytes=3271 kbd gsi=1 rte=0x0000000000000024 aux gsi=12 rte=0x0000000000000024
[kernel 71.498 cpu4] sched: cpu=4 ready=0 parked=1 current=None
[kernel 71.498 cpu3] sched: cpu=3 ready=0 parked=1 current=None
[kernel 71.510 cpu6] sched: cpu=6 ready=0 parked=2 current=None
[kernel 71.524 cpu5] sched: cpu=5 ready=0 parked=1 current=None
[kernel 71.524 cpu1] sched: cpu=1 ready=0 parked=0 current=None
[kernel 71.577 cpu7] sched: cpu=7 ready=0 parked=1 current=None
[kernel 71.598 cpu2] sched: cpu=2 ready=0 parked=0 current=None
[kernel 71.602 cpu2] heartbeat: t=71.602s alive=8/8 mask=0xff ran=169 gap=0.250s
[kernel 71.602 cpu2] i8042: line status=0x1c irqs=3271 bytes=3271 kbd gsi=1 rte=0x0000000000000024 aux gsi=12 rte=0x0000000000000024
[kernel 71.854 cpu0] heartbeat: t=71.854s alive=8/8 mask=0xff ran=185 gap=0.252s
[kernel 71.854 cpu0] i8042: line status=0x1c irqs=3271 bytes=3271 kbd gsi=1 rte=0x0000000000000024 aux gsi=12 rte=0x0000000000000024
[kernel 72.105 cpu0] heartbeat: t=72.105s alive=8/8 mask=0xff ran=180 gap=0.250s
[kernel 72.105 cpu0] i8042: line status=0x1c irqs=3271 bytes=3271 kbd gsi=1 rte=0x0000000000000024 aux gsi=12 rte=0x0000000000000024
[kernel 72.356 cpu0] heartbeat: t=72.356s alive=8/8 mask=0xff ran=171 gap=0.250s
[kernel 72.356 cpu0] i8042: line status=0x1c irqs=3271 bytes=3271 kbd gsi=1 rte=0x0000000000000024 aux gsi=12 rte=0x0000000000000024
compositor: frames=2 rects=2 damage_px=18944 damage_px_max=9472 composite_us_min=62 composite_us_max=64 composite_us_total=127 scanout_wr_bytes=75776 scanout_blits=2 back_rd_bytes=75768 cursor=0 windows=1
[kernel 72.604 cpu0] i8042: 3271 interrupts, 3271 bytes, 126 keys, 1035 motion, 0 undecoded, 0 discarded, 0 overruns, 0 dropped, 0 lost edges — last byte at 69233ms
[kernel 72.625 cpu7] heartbeat: t=72.625s alive=8/8 mask=0xff ran=158 gap=0.268s
[kernel 72.625 cpu7] i8042: line status=0x1c irqs=3271 bytes=3271 kbd gsi=1 rte=0x0000000000000024 aux gsi=12 rte=0x0000000000000024
[kernel 72.875 cpu2] heartbeat: t=72.875s alive=8/8 mask=0xff ran=182 gap=0.250s
[kernel 72.875 cpu2] i8042: line status=0x1c irqs=3271 bytes=3271 kbd gsi=1 rte=0x0000000000000024 aux gsi=12 rte=0x0000000000000024
[kernel 73.126 cpu0] heartbeat: t=73.126s alive=8/8 mask=0xff ran=315 gap=0.250s
[kernel 73.126 cpu0] i8042: line status=0x1c irqs=3271 bytes=3271 kbd gsi=1 rte=0x0000000000000024 aux gsi=12 rte=0x0000000000000024
soundd: wakes=675 completions=690 submitted=690 underruns=19 drains=9 max_wake_lat_us=62051 max_batch=8 clients=1 deferred=0
[kernel 73.377 cpu0] heartbeat: t=73.377s alive=8/8 mask=0xff ran=176 gap=0.251s
[kernel 73.377 cpu0] i8042: line status=0x1c irqs=3271 bytes=3271 kbd gsi=1 rte=0x0000000000000024 aux gsi=12 rte=0x0000000000000024
[kernel 73.628 cpu0] heartbeat: t=73.628s alive=8/8 mask=0xff ran=300 gap=0.250s
[kernel 73.628 cpu0] i8042: line status=0x1c irqs=3271 bytes=3271 kbd gsi=1 rte=0x0000000000000024 aux gsi=12 rte=0x0000000000000024
[kernel 73.878 cpu0] heartbeat: t=73.878s alive=8/8 mask=0xff ran=319 gap=0.250s
[kernel 73.878 cpu0] i8042: line status=0x1c irqs=3271 bytes=3271 kbd gsi=1 rte=0x0000000000000024 aux gsi=12 rte=0x0000000000000024
[kernel 74.129 cpu0] heartbeat: t=74.129s alive=8/8 mask=0xff ran=190 gap=0.250s
[kernel 74.129 cpu0] i8042: line status=0x1c irqs=3271 bytes=3271 kbd gsi=1 rte=0x0000000000000024 aux gsi=12 rte=0x0000000000000024
[kernel 74.380 cpu0] heartbeat: t=74.380s alive=8/8 mask=0xff ran=313 gap=0.250s
[kernel 74.380 cpu0] i8042: line status=0x1c irqs=3271 bytes=3271 kbd gsi=1 rte=0x0000000000000024 aux gsi=12 rte=0x0000000000000024
compositor: frames=2 rects=2 damage_px=18944 damage_px_max=9472 composite_us_min=58 composite_us_max=62 composite_us_total=121 scanout_wr_bytes=75776 scanout_blits=2 back_rd_bytes=75768 cursor=0 windows=1
[kernel 74.630 cpu0] heartbeat: t=74.630s alive=8/8 mask=0xff ran=171 gap=0.250s
[kernel 74.630 cpu0] i8042: line status=0x1c irqs=3271 bytes=3271 kbd gsi=1 rte=0x0000000000000024 aux gsi=12 rte=0x0000000000000024
[kernel 74.881 cpu0] heartbeat: t=74.881s alive=8/8 mask=0xff ran=164 gap=0.250s
[kernel 74.881 cpu0] i8042: line status=0x1c irqs=3271 bytes=3271 kbd gsi=1 rte=0x0000000000000024 aux gsi=12 rte=0x0000000000000024
[kernel 75.132 cpu0] heartbeat: t=75.132s alive=8/8 mask=0xff ran=171 gap=0.250s
[kernel 75.132 cpu0] i8042: line status=0x1c irqs=3271 bytes=3271 kbd gsi=1 rte=0x0000000000000024 aux gsi=12 rte=0x0000000000000024
soundd: wakes=839 completions=707 submitted=707 underruns=0 drains=5 max_wake_lat_us=56342 max_batch=8 clients=1 deferred=0
[kernel 75.382 cpu0] heartbeat: t=75.382s alive=8/8 mask=0xff ran=134 gap=0.250s
[kernel 75.382 cpu0] i8042: line status=0x1c irqs=3271 bytes=3271 kbd gsi=1 rte=0x0000000000000024 aux gsi=12 rte=0x0000000000000024
[kernel 75.633 cpu0] heartbeat: t=75.633s alive=8/8 mask=0xff ran=177 gap=0.250s
[kernel 75.633 cpu0] i8042: line status=0x1c irqs=3271 bytes=3271 kbd gsi=1 rte=0x0000000000000024 aux gsi=12 rte=0x0000000000000024
[kernel 75.883 cpu6] heartbeat: t=75.883s alive=8/8 mask=0xff ran=171 gap=0.250s
[kernel 75.883 cpu6] i8042: line status=0x1c irqs=3271 bytes=3271 kbd gsi=1 rte=0x0000000000000024 aux gsi=12 rte=0x0000000000000024
[kernel 76.134 cpu0] heartbeat: t=76.134s alive=8/8 mask=0xff ran=309 gap=0.250s
[kernel 76.134 cpu0] i8042: line status=0x1c irqs=3271 bytes=3271 kbd gsi=1 rte=0x0000000000000024 aux gsi=12 rte=0x0000000000000024
[kernel 76.385 cpu0] heartbeat: t=76.385s alive=8/8 mask=0xff ran=184 gap=0.251s
[kernel 76.385 cpu0] i8042: line status=0x1c irqs=3271 bytes=3271 kbd gsi=1 rte=0x0000000000000024 aux gsi=12 rte=0x0000000000000024
compositor: frames=2 rects=2 damage_px=18944 damage_px_max=9472 composite_us_min=62 composite_us_max=62 composite_us_total=124 scanout_wr_bytes=75776 scanout_blits=2 back_rd_bytes=75768 cursor=0 windows=1
[kernel 76.636 cpu0] heartbeat: t=76.636s alive=8/8 mask=0xff ran=157 gap=0.250s
[kernel 76.636 cpu0] i8042: line status=0x1c irqs=3271 bytes=3271 kbd gsi=1 rte=0x0000000000000024 aux gsi=12 rte=0x0000000000000024
[kernel 76.887 cpu0] heartbeat: t=76.887s alive=8/8 mask=0xff ran=180 gap=0.250s
[kernel 76.887 cpu0] i8042: line status=0x1c irqs=3271 bytes=3271 kbd gsi=1 rte=0x0000000000000024 aux gsi=12 rte=0x0000000000000024
[kernel 77.137 cpu0] heartbeat: t=77.137s alive=8/8 mask=0xff ran=188 gap=0.250s
[kernel 77.137 cpu0] i8042: line status=0x1c irqs=3271 bytes=3271 kbd gsi=1 rte=0x0000000000000024 aux gsi=12 rte=0x0000000000000024
soundd: wakes=705 completions=711 submitted=711 underruns=0 drains=8 max_wake_lat_us=41704 max_batch=8 clients=1 deferred=0
[kernel 77.388 cpu0] heartbeat: t=77.388s alive=8/8 mask=0xff ran=174 gap=0.250s
[kernel 77.388 cpu0] i8042: line status=0x1c irqs=3271 bytes=3271 kbd gsi=1 rte=0x0000000000000024 aux gsi=12 rte=0x0000000000000024
[kernel 77.639 cpu0] heartbeat: t=77.639s alive=8/8 mask=0xff ran=241 gap=0.250s
[kernel 77.639 cpu0] i8042: line status=0x1c irqs=3271 bytes=3271 kbd gsi=1 rte=0x0000000000000024 aux gsi=12 rte=0x0000000000000024
[kernel 77.889 cpu0] heartbeat: t=77.889s alive=8/8 mask=0xff ran=353 gap=0.250s
[kernel 77.889 cpu0] i8042: line status=0x1c irqs=3271 bytes=3271 kbd gsi=1 rte=0x0000000000000024 aux gsi=12 rte=0x0000000000000024
[kernel 78.140 cpu0] heartbeat: t=78.140s alive=8/8 mask=0xff ran=252 gap=0.250s
[kernel 78.140 cpu0] i8042: line status=0x1c irqs=3271 bytes=3271 kbd gsi=1 rte=0x0000000000000024 aux gsi=12 rte=0x0000000000000024
[kernel 78.390 cpu0] heartbeat: t=78.390s alive=8/8 mask=0xff ran=275 gap=0.250s
[kernel 78.390 cpu0] i8042: line status=0x1c irqs=3271 bytes=3271 kbd gsi=1 rte=0x0000000000000024 aux gsi=12 rte=0x0000000000000024
compositor: frames=2 rects=2 damage_px=18944 damage_px_max=9472 composite_us_min=58 composite_us_max=68 composite_us_total=127 scanout_wr_bytes=75776 scanout_blits=2 back_rd_bytes=75768 cursor=0 windows=1
[kernel 78.641 cpu0] heartbeat: t=78.641s alive=8/8 mask=0xff ran=169 gap=0.250s
[kernel 78.641 cpu0] i8042: line status=0x1c irqs=3271 bytes=3271 kbd gsi=1 rte=0x0000000000000024 aux gsi=12 rte=0x0000000000000024
[kernel 78.892 cpu0] heartbeat: t=78.892s alive=8/8 mask=0xff ran=162 gap=0.250s
[kernel 78.892 cpu0] i8042: line status=0x1c irqs=3271 bytes=3271 kbd gsi=1 rte=0x0000000000000024 aux gsi=12 rte=0x0000000000000024
tone: done
[kernel 79.154 cpu7] heartbeat: t=79.154s alive=8/8 mask=0xff ran=141 gap=0.262s
[kernel 79.154 cpu7] i8042: line status=0x1c irqs=3271 bytes=3271 kbd gsi=1 rte=0x0000000000000024 aux gsi=12 rte=0x0000000000000024
[kernel 79.154 cpu7 tid=1] exit: tone tid=1 code=0 cpu=79ms
[kernel 79.154 cpu6 tid=0] syscalls: pid=14 total=31 syscall_wall=9932ms 0=12 1=2 6=1 8=1 38=1 40=1 41=1 49=1 58=1 59=2 63=2
[kernel 79.154 cpu6 tid=0] memory: pid=14 peak=6MB allocs=3 frees=0
[kernel 79.154 cpu6 tid=0] exit: tone pid=14 code=0 cpu=1ms
soundd: client 7 removed
soundd: wakes=804 completions=681 submitted=681 underruns=0 drains=6 max_wake_lat_us=57854 max_batch=8 clients=0 deferred=0
soundd: suspended
[kernel 79.408 cpu0] heartbeat: t=79.408s alive=8/8 mask=0xff ran=29 gap=0.253s
[kernel 79.408 cpu0] i8042: line status=0x1c irqs=3271 bytes=3271 kbd gsi=1 rte=0x0000000000000024 aux gsi=12 rte=0x0000000000000024
[kernel 79.673 cpu0] heartbeat: t=79.673s alive=8/8 mask=0xff ran=14 gap=0.265s
[kernel 79.673 cpu0] i8042: line status=0x1c irqs=3271 bytes=3271 kbd gsi=1 rte=0x0000000000000024 aux gsi=12 rte=0x0000000000000024
[kernel 79.931 cpu0] heartbeat: t=79.931s alive=8/8 mask=0xff ran=13 gap=0.257s
[kernel 79.931 cpu0] i8042: line status=0x1c irqs=3271 bytes=3271 kbd gsi=1 rte=0x0000000000000024 aux gsi=12 rte=0x0000000000000024
[kernel 80.191 cpu0] heartbeat: t=80.191s alive=8/8 mask=0xff ran=14 gap=0.260s
[kernel 80.191 cpu0] i8042: line status=0x1c irqs=3271 bytes=3271 kbd gsi=1 rte=0x0000000000000024 aux gsi=12 rte=0x0000000000000024
[kernel 80.445 cpu0] heartbeat: t=80.445s alive=8/8 mask=0xff ran=12 gap=0.254s
[kernel 80.445 cpu0] i8042: line status=0x1c irqs=3271 bytes=3271 kbd gsi=1 rte=0x0000000000000024 aux gsi=12 rte=0x0000000000000024
compositor: frames=4 rects=4 damage_px=23168 damage_px_max=9472 composite_us_min=17 composite_us_max=63 composite_us_total=175 scanout_wr_bytes=92672 scanout_blits=4 back_rd_bytes=75768 cursor=0 windows=1
[kernel 80.697 cpu0] heartbeat: t=80.697s alive=8/8 mask=0xff ran=13 gap=0.251s
[kernel 80.697 cpu0] i8042: line status=0x1c irqs=3271 bytes=3271 kbd gsi=1 rte=0x0000000000000024 aux gsi=12 rte=0x0000000000000024
[kernel 80.964 cpu0] heartbeat: t=80.964s alive=8/8 mask=0xff ran=15 gap=0.266s
[kernel 80.964 cpu0] i8042: line status=0x1c irqs=3271 bytes=3271 kbd gsi=1 rte=0x0000000000000024 aux gsi=12 rte=0x0000000000000024
[kernel 81.230 cpu0] heartbeat: t=81.230s alive=8/8 mask=0xff ran=15 gap=0.266s
[kernel 81.230 cpu0] i8042: line status=0x1c irqs=3271 bytes=3271 kbd gsi=1 rte=0x0000000000000024 aux gsi=12 rte=0x0000000000000024
[kernel 81.244 cpu0] PMM: 182/15962MB used (7890 pages free)
[kernel 81.244 cpu0]   kernel-heap  alloc=     6 free=     0 held=     6 (12MB) rate=0/s
[kernel 81.244 cpu0]   demand-page  alloc=    16 free=    10 held=     6 (12MB) rate=0/s
[kernel 81.244 cpu0]   mmap         alloc=    53 free=    27 held=    26 (52MB) rate=0/s
[kernel 81.244 cpu0]   shared-mem   alloc=    17 free=     8 held=     9 (18MB) rate=0/s
[kernel 81.244 cpu0]   pipe         alloc=    30 free=    24 held=     6 (12MB) rate=0/s
[kernel 81.244 cpu0]   elf          alloc=    15 free=    10 held=     5 (10MB) rate=0/s
[kernel 81.244 cpu0]   dma          alloc=     6 free=     0 held=     6 (12MB) rate=0/s
[kernel 81.244 cpu0]   framebuffer  alloc=     1 free=     0 held=     1 (2MB) rate=0/s
[kernel 81.244 cpu0]   stack        alloc=    60 free=    40 held=    20 (40MB) rate=0/s
[kernel 81.244 cpu0]   init-tls     alloc=    24 free=    18 held=     6 (12MB) rate=0/s
[kernel 81.306 cpu0] sched: cpu=0 ready=0 parked=2 current=None
[kernel 81.490 cpu0] heartbeat: t=81.490s alive=8/8 mask=0xff ran=10 gap=0.260s
[kernel 81.490 cpu0] i8042: line status=0x1c irqs=3271 bytes=3271 kbd gsi=1 rte=0x0000000000000024 aux gsi=12 rte=0x0000000000000024
[kernel 81.536 cpu4] sched: cpu=4 ready=0 parked=1 current=None
[kernel 81.537 cpu1] sched: cpu=1 ready=0 parked=0 current=None
[kernel 81.537 cpu6] sched: cpu=6 ready=0 parked=1 current=None
[kernel 81.537 cpu3] sched: cpu=3 ready=0 parked=1 current=None
[kernel 81.579 cpu5] sched: cpu=5 ready=0 parked=1 current=None
[kernel 81.643 cpu7] sched: cpu=7 ready=0 parked=0 current=None
[kernel 81.643 cpu2] sched: cpu=2 ready=0 parked=0 current=None
[kernel 81.741 cpu0] heartbeat: t=81.741s alive=8/8 mask=0xff ran=10 gap=0.250s
[kernel 81.741 cpu0] i8042: line status=0x1c irqs=3271 bytes=3271 kbd gsi=1 rte=0x0000000000000024 aux gsi=12 rte=0x0000000000000024
[kernel 81.994 cpu4] heartbeat: t=81.994s alive=8/8 mask=0xff ran=20 gap=0.252s
[kernel 81.994 cpu4] i8042: line status=0x1c irqs=3275 bytes=3275 kbd gsi=1 rte=0x0000000000000024 aux gsi=12 rte=0x0000000000000024
/home/root> tone 880 10 0.01
[kernel 82.072 cpu6 tid=0] ELF: 3554 relocations indexed (RELATIVE + GLOB_DAT + TPOFF)
[kernel 82.072 cpu6 tid=0] spawn: TLS 1 modules, total_memsz=144
[kernel 82.073 cpu6 tid=0] spawn: /bin/tone pid=15 tid=0 base=0x10000000000 entry=0x1000002d4f4 cr3=0x1fa8000 symbols=2048KiB (layout=0ms relocs=0ms deps=0ms tls=1ms total=1ms)
soundd: opening stream: 44100Hz 2ch fmt=0
tone: 880Hz for 10s at amplitude 327
soundd: client 0 connected (id=8)
soundd: resumed
[kernel 82.245 cpu0] heartbeat: t=82.245s alive=8/8 mask=0xff ran=101 gap=0.250s
[kernel 82.245 cpu0] i8042: line status=0x1c irqs=3277 bytes=3277 kbd gsi=1 rte=0x0000000000000024 aux gsi=12 rte=0x0000000000000024
compositor: frames=5 rects=5 damage_px=37760 damage_px_max=9472 composite_us_min=11 composite_us_max=73 composite_us_total=235 scanout_wr_bytes=151040 scanout_blits=5 back_rd_bytes=75768 cursor=0 windows=1
[kernel 82.504 cpu2] heartbeat: t=82.504s alive=8/8 mask=0xff ran=165 gap=0.259s
[kernel 82.504 cpu2] i8042: line status=0x1c irqs=3277 bytes=3277 kbd gsi=1 rte=0x0000000000000024 aux gsi=12 rte=0x0000000000000024
[kernel 82.605 cpu0] i8042: 3277 interrupts, 3277 bytes, 130 keys, 1035 motion, 0 undecoded, 0 discarded, 0 overruns, 0 dropped, 0 lost edges — last byte at 82095ms
[kernel 82.754 cpu0] heartbeat: t=82.754s alive=8/8 mask=0xff ran=188 gap=0.250s
[kernel 82.754 cpu0] i8042: line status=0x1c irqs=3277 bytes=3277 kbd gsi=1 rte=0x0000000000000024 aux gsi=12 rte=0x0000000000000024
[kernel 83.005 cpu0] heartbeat: t=83.005s alive=8/8 mask=0xff ran=182 gap=0.250s
[kernel 83.005 cpu0] i8042: line status=0x1c irqs=3277 bytes=3277 kbd gsi=1 rte=0x0000000000000024 aux gsi=12 rte=0x0000000000000024
[kernel 83.255 cpu0] heartbeat: t=83.255s alive=8/8 mask=0xff ran=289 gap=0.250s
[kernel 83.255 cpu0] i8042: line status=0x1c irqs=3277 bytes=3277 kbd gsi=1 rte=0x0000000000000024 aux gsi=12 rte=0x0000000000000024
[kernel 83.505 cpu0] heartbeat: t=83.505s alive=8/8 mask=0xff ran=319 gap=0.250s
[kernel 83.505 cpu0] i8042: line status=0x1c irqs=3277 bytes=3277 kbd gsi=1 rte=0x0000000000000024 aux gsi=12 rte=0x0000000000000024
[kernel 83.757 cpu0] heartbeat: t=83.757s alive=8/8 mask=0xff ran=252 gap=0.251s
[kernel 83.757 cpu0] i8042: line status=0x1c irqs=3277 bytes=3277 kbd gsi=1 rte=0x0000000000000024 aux gsi=12 rte=0x0000000000000024
[kernel 84.007 cpu0] heartbeat: t=84.007s alive=8/8 mask=0xff ran=188 gap=0.250s
[kernel 84.007 cpu0] i8042: line status=0x1c irqs=3277 bytes=3277 kbd gsi=1 rte=0x0000000000000024 aux gsi=12 rte=0x0000000000000024
soundd: wakes=843 completions=738 submitted=746 underruns=0 drains=5 max_wake_lat_us=32540 max_batch=8 clients=1 deferred=0
[kernel 84.257 cpu0] heartbeat: t=84.257s alive=8/8 mask=0xff ran=301 gap=0.250s
[kernel 84.257 cpu0] i8042: line status=0x1c irqs=3277 bytes=3277 kbd gsi=1 rte=0x0000000000000024 aux gsi=12 rte=0x0000000000000024
compositor: frames=2 rects=2 damage_px=18944 damage_px_max=9472 composite_us_min=58 composite_us_max=66 composite_us_total=124 scanout_wr_bytes=75776 scanout_blits=2 back_rd_bytes=75768 cursor=0 windows=1
[kernel 84.538 cpu2] heartbeat: t=84.538s alive=8/8 mask=0xff ran=152 gap=0.280s
[kernel 84.538 cpu2] i8042: line status=0x1c irqs=3277 bytes=3277 kbd gsi=1 rte=0x0000000000000024 aux gsi=12 rte=0x0000000000000024
[kernel 84.788 cpu0] heartbeat: t=84.788s alive=8/8 mask=0xff ran=193 gap=0.250s
[kernel 84.788 cpu0] i8042: line status=0x1c irqs=3277 bytes=3277 kbd gsi=1 rte=0x0000000000000024 aux gsi=12 rte=0x0000000000000024
[kernel 85.039 cpu0] heartbeat: t=85.039s alive=8/8 mask=0xff ran=164 gap=0.250s
[kernel 85.039 cpu0] i8042: line status=0x1c irqs=3277 bytes=3277 kbd gsi=1 rte=0x0000000000000024 aux gsi=12 rte=0x0000000000000024
[kernel 85.290 cpu0] heartbeat: t=85.290s alive=8/8 mask=0xff ran=168 gap=0.250s
[kernel 85.290 cpu0] i8042: line status=0x1c irqs=3277 bytes=3277 kbd gsi=1 rte=0x0000000000000024 aux gsi=12 rte=0x0000000000000024
[kernel 85.541 cpu0] heartbeat: t=85.541s alive=8/8 mask=0xff ran=169 gap=0.251s
[kernel 85.541 cpu0] i8042: line status=0x1c irqs=3277 bytes=3277 kbd gsi=1 rte=0x0000000000000024 aux gsi=12 rte=0x0000000000000024
[kernel 85.791 cpu0] heartbeat: t=85.791s alive=8/8 mask=0xff ran=179 gap=0.250s
[kernel 85.791 cpu0] i8042: line status=0x1c irqs=3277 bytes=3277 kbd gsi=1 rte=0x0000000000000024 aux gsi=12 rte=0x0000000000000024
[kernel 86.042 cpu0] heartbeat: t=86.042s alive=8/8 mask=0xff ran=173 gap=0.250s
[kernel 86.042 cpu0] i8042: line status=0x1c irqs=3277 bytes=3277 kbd gsi=1 rte=0x0000000000000024 aux gsi=12 rte=0x0000000000000024
soundd: wakes=667 completions=675 submitted=675 underruns=0 drains=8 max_wake_lat_us=59209 max_batch=8 clients=1 deferred=0
[kernel 86.293 cpu0] heartbeat: t=86.293s alive=8/8 mask=0xff ran=156 gap=0.250s
[kernel 86.293 cpu0] i8042: line status=0x1c irqs=3277 bytes=3277 kbd gsi=1 rte=0x0000000000000024 aux gsi=12 rte=0x0000000000000024
compositor: frames=2 rects=2 damage_px=18944 damage_px_max=9472 composite_us_min=57 composite_us_max=60 composite_us_total=118 scanout_wr_bytes=75776 scanout_blits=2 back_rd_bytes=75768 cursor=0 windows=1
[kernel 86.550 cpu1] heartbeat: t=86.550s alive=8/8 mask=0xff ran=169 gap=0.256s
[kernel 86.550 cpu1] i8042: line status=0x1c irqs=3277 bytes=3277 kbd gsi=1 rte=0x0000000000000024 aux gsi=12 rte=0x0000000000000024
[kernel 86.800 cpu0] heartbeat: t=86.800s alive=8/8 mask=0xff ran=195 gap=0.250s
[kernel 86.800 cpu0] i8042: line status=0x1c irqs=3277 bytes=3277 kbd gsi=1 rte=0x0000000000000024 aux gsi=12 rte=0x0000000000000024
[kernel 87.053 cpu0] heartbeat: t=87.053s alive=8/8 mask=0xff ran=182 gap=0.252s
[kernel 87.053 cpu0] i8042: line status=0x1c irqs=3277 bytes=3277 kbd gsi=1 rte=0x0000000000000024 aux gsi=12 rte=0x0000000000000024
[kernel 87.303 cpu0] heartbeat: t=87.303s alive=8/8 mask=0xff ran=295 gap=0.250s
[kernel 87.303 cpu0] i8042: line status=0x1c irqs=3277 bytes=3277 kbd gsi=1 rte=0x0000000000000024 aux gsi=12 rte=0x0000000000000024
[kernel 87.553 cpu0] heartbeat: t=87.553s alive=8/8 mask=0xff ran=315 gap=0.250s
[kernel 87.553 cpu0] i8042: line status=0x1c irqs=3277 bytes=3277 kbd gsi=1 rte=0x0000000000000024 aux gsi=12 rte=0x0000000000000024
[kernel 87.805 cpu0] heartbeat: t=87.805s alive=8/8 mask=0xff ran=258 gap=0.251s
[kernel 87.805 cpu0] i8042: line status=0x1c irqs=3277 bytes=3277 kbd gsi=1 rte=0x0000000000000024 aux gsi=12 rte=0x0000000000000024
[kernel 88.055 cpu0] heartbeat: t=88.055s alive=8/8 mask=0xff ran=265 gap=0.250s
[kernel 88.055 cpu0] i8042: line status=0x1c irqs=3277 bytes=3277 kbd gsi=1 rte=0x0000000000000024 aux gsi=12 rte=0x0000000000000024
soundd: wakes=866 completions=736 submitted=736 underruns=8 drains=5 max_wake_lat_us=30570 max_batch=8 clients=1 deferred=0
[kernel 88.306 cpu0] heartbeat: t=88.306s alive=8/8 mask=0xff ran=189 gap=0.250s
[kernel 88.306 cpu0] i8042: line status=0x1c irqs=3277 bytes=3277 kbd gsi=1 rte=0x0000000000000024 aux gsi=12 rte=0x0000000000000024
compositor: frames=2 rects=2 damage_px=18944 damage_px_max=9472 composite_us_min=58 composite_us_max=58 composite_us_total=116 scanout_wr_bytes=75776 scanout_blits=2 back_rd_bytes=75768 cursor=0 windows=1
[kernel 88.573 cpu1] heartbeat: t=88.573s alive=8/8 mask=0xff ran=142 gap=0.267s
[kernel 88.573 cpu1] i8042: line status=0x1c irqs=3277 bytes=3277 kbd gsi=1 rte=0x0000000000000024 aux gsi=12 rte=0x0000000000000024
[kernel 88.823 cpu0] heartbeat: t=88.823s alive=8/8 mask=0xff ran=182 gap=0.250s
[kernel 88.823 cpu0] i8042: line status=0x1c irqs=3277 bytes=3277 kbd gsi=1 rte=0x0000000000000024 aux gsi=12 rte=0x0000000000000024
[kernel 89.074 cpu0] heartbeat: t=89.074s alive=8/8 mask=0xff ran=163 gap=0.250s
[kernel 89.074 cpu0] i8042: line status=0x1c irqs=3277 bytes=3277 kbd gsi=1 rte=0x0000000000000024 aux gsi=12 rte=0x0000000000000024
[kernel 89.325 cpu0] heartbeat: t=89.325s alive=8/8 mask=0xff ran=169 gap=0.250s
[kernel 89.325 cpu0] i8042: line status=0x1c irqs=3277 bytes=3277 kbd gsi=1 rte=0x0000000000000024 aux gsi=12 rte=0x0000000000000024
[kernel 89.575 cpu0] heartbeat: t=89.575s alive=8/8 mask=0xff ran=176 gap=0.250s
[kernel 89.575 cpu0] i8042: line status=0x1c irqs=3277 bytes=3277 kbd gsi=1 rte=0x0000000000000024 aux gsi=12 rte=0x0000000000000024
[kernel 89.826 cpu0] heartbeat: t=89.826s alive=8/8 mask=0xff ran=172 gap=0.250s
[kernel 89.826 cpu0] i8042: line status=0x1c irqs=3277 bytes=3277 kbd gsi=1 rte=0x0000000000000024 aux gsi=12 rte=0x0000000000000024
[kernel 90.076 cpu0] heartbeat: t=90.076s alive=8/8 mask=0xff ran=171 gap=0.250s
[kernel 90.076 cpu0] i8042: line status=0x1c irqs=3277 bytes=3277 kbd gsi=1 rte=0x0000000000000024 aux gsi=12 rte=0x0000000000000024
soundd: wakes=629 completions=680 submitted=680 underruns=19 drains=8 max_wake_lat_us=55962 max_batch=8 clients=1 deferred=0
[kernel 90.327 cpu0] heartbeat: t=90.327s alive=8/8 mask=0xff ran=154 gap=0.250s
[kernel 90.327 cpu0] i8042: line status=0x1c irqs=3277 bytes=3277 kbd gsi=1 rte=0x0000000000000024 aux gsi=12 rte=0x0000000000000024
compositor: frames=2 rects=2 damage_px=18944 damage_px_max=9472 composite_us_min=58 composite_us_max=69 composite_us_total=127 scanout_wr_bytes=75776 scanout_blits=2 back_rd_bytes=75768 cursor=0 windows=1
[kernel 90.578 cpu4] heartbeat: t=90.578s alive=8/8 mask=0xff ran=167 gap=0.251s
[kernel 90.578 cpu4] i8042: line status=0x1c irqs=3277 bytes=3277 kbd gsi=1 rte=0x0000000000000024 aux gsi=12 rte=0x0000000000000024
[kernel 90.829 cpu0] heartbeat: t=90.829s alive=8/8 mask=0xff ran=199 gap=0.250s
[kernel 90.829 cpu0] i8042: line status=0x1c irqs=3277 bytes=3277 kbd gsi=1 rte=0x0000000000000024 aux gsi=12 rte=0x0000000000000024
[kernel 91.079 cpu0] heartbeat: t=91.079s alive=8/8 mask=0xff ran=189 gap=0.250s
[kernel 91.079 cpu0] i8042: line status=0x1c irqs=3277 bytes=3277 kbd gsi=1 rte=0x0000000000000024 aux gsi=12 rte=0x0000000000000024
[kernel 91.245 cpu0] PMM: 212/15962MB used (7875 pages free)
[kernel 91.245 cpu0]   kernel-heap  alloc=     6 free=     0 held=     6 (12MB) rate=0/s
[kernel 91.245 cpu0]   demand-page  alloc=    17 free=    10 held=     7 (14MB) rate=0/s
[kernel 91.245 cpu0]   mmap         alloc=    56 free=    27 held=    29 (58MB) rate=0/s
[kernel 91.245 cpu0]   shared-mem   alloc=    18 free=     8 held=    10 (20MB) rate=0/s
[kernel 91.245 cpu0]   pipe         alloc=    33 free=    24 held=     9 (18MB) rate=0/s
[kernel 91.245 cpu0]   elf          alloc=    16 free=    10 held=     6 (12MB) rate=0/s
[kernel 91.245 cpu0]   dma          alloc=     6 free=     0 held=     6 (12MB) rate=0/s
[kernel 91.245 cpu0]   framebuffer  alloc=     1 free=     0 held=     1 (2MB) rate=0/s
[kernel 91.245 cpu0]   stack        alloc=    64 free=    40 held=    24 (48MB) rate=0/s
[kernel 91.245 cpu0]   init-tls     alloc=    26 free=    18 held=     8 (16MB) rate=0/s
[kernel 91.306 cpu0] sched: cpu=0 ready=0 parked=3 current=None
[kernel 91.330 cpu0] heartbeat: t=91.330s alive=8/8 mask=0xff ran=172 gap=0.251s
[kernel 91.330 cpu0] i8042: line status=0x1c irqs=3277 bytes=3277 kbd gsi=1 rte=0x0000000000000024 aux gsi=12 rte=0x0000000000000024
[kernel 91.538 cpu1] sched: cpu=1 ready=0 parked=1 current=None
[kernel 91.580 cpu0] heartbeat: t=91.580s alive=8/8 mask=0xff ran=140 gap=0.250s
[kernel 91.580 cpu0] i8042: line status=0x1c irqs=3277 bytes=3277 kbd gsi=1 rte=0x0000000000000024 aux gsi=12 rte=0x0000000000000024
[kernel 91.584 cpu5] sched: cpu=5 ready=0 parked=1 current=None
[kernel 91.584 cpu4] sched: cpu=4 ready=0 parked=1 current=None
[kernel 91.598 cpu3] sched: cpu=3 ready=0 parked=1 current=None
[kernel 91.606 cpu6] sched: cpu=6 ready=0 parked=1 current=None
[kernel 91.654 cpu2] sched: cpu=2 ready=0 parked=0 current=None
[kernel 91.711 cpu7] sched: cpu=7 ready=0 parked=0 current=None
[kernel 91.830 cpu0] heartbeat: t=91.830s alive=8/8 mask=0xff ran=278 gap=0.250s
[kernel 91.831 cpu0] i8042: line status=0x1c irqs=3277 bytes=3277 kbd gsi=1 rte=0x0000000000000024 aux gsi=12 rte=0x0000000000000024
[kernel 92.082 cpu0] heartbeat: t=92.082s alive=8/8 mask=0xff ran=169 gap=0.251s
[kernel 92.082 cpu0] i8042: line status=0x1c irqs=3277 bytes=3277 kbd gsi=1 rte=0x0000000000000024 aux gsi=12 rte=0x0000000000000024
[kernel 92.127 cpu1 tid=1] exit: tone tid=1 code=0 cpu=77ms
tone: done
soundd: client 8 removed
soundd: wakes=687 completions=702 submitted=702 underruns=26 drains=9 max_wake_lat_us=56700 max_batch=8 clients=0 deferred=0
[kernel 92.159 cpu0 tid=0] syscalls: pid=15 total=31 syscall_wall=10045ms 0=12 1=2 6=1 8=1 38=1 40=1 41=1 49=1 58=1 59=2 63=2
[kernel 92.159 cpu0 tid=0] memory: pid=15 peak=6MB allocs=3 frees=0
[kernel 92.159 cpu0 tid=0] exit: tone pid=15 code=0 cpu=1ms
soundd: suspended
[kernel 92.335 cpu3] heartbeat: t=92.335s alive=8/8 mask=0xff ran=30 gap=0.253s
[kernel 92.335 cpu3] i8042: line status=0x1c irqs=3277 bytes=3277 kbd gsi=1 rte=0x0000000000000024 aux gsi=12 rte=0x0000000000000024
compositor: frames=4 rects=4 damage_px=23168 damage_px_max=9472 composite_us_min=14 composite_us_max=85 composite_us_total=194 scanout_wr_bytes=92672 scanout_blits=4 back_rd_bytes=75768 cursor=0 windows=1
[kernel 92.585 cpu0] heartbeat: t=92.585s alive=8/8 mask=0xff ran=13 gap=0.250s
[kernel 92.585 cpu0] i8042: line status=0x1c irqs=3277 bytes=3277 kbd gsi=1 rte=0x0000000000000024 aux gsi=12 rte=0x0000000000000024
[kernel 92.849 cpu3] heartbeat: t=92.849s alive=8/8 mask=0xff ran=15 gap=0.264s
[kernel 92.849 cpu3] i8042: line status=0x1c irqs=3277 bytes=3277 kbd gsi=1 rte=0x0000000000000024 aux gsi=12 rte=0x0000000000000024
[kernel 93.101 cpu4] heartbeat: t=93.101s alive=8/8 mask=0xff ran=14 gap=0.252s
[kernel 93.102 cpu4] i8042: line status=0x1c irqs=3277 bytes=3277 kbd gsi=1 rte=0x0000000000000024 aux gsi=12 rte=0x0000000000000024
[kernel 93.353 cpu2] heartbeat: t=93.353s alive=8/8 mask=0xff ran=15 gap=0.251s
[kernel 93.353 cpu2] i8042: line status=0x1c irqs=3277 bytes=3277 kbd gsi=1 rte=0x0000000000000024 aux gsi=12 rte=0x0000000000000024
[kernel 93.605 cpu3] heartbeat: t=93.605s alive=8/8 mask=0xff ran=15 gap=0.252s
[kernel 93.605 cpu3] i8042: line status=0x1c irqs=3277 bytes=3277 kbd gsi=1 rte=0x0000000000000024 aux gsi=12 rte=0x0000000000000024
[kernel 93.721 cpu0] i8042: 3278 interrupts, 3278 bytes, 131 keys, 1035 motion, 0 undecoded, 0 discarded, 0 overruns, 0 dropped, 0 lost edges — last byte at 93721ms
[kernel 93.869 cpu3] heartbeat: t=93.869s alive=8/8 mask=0xff ran=29 gap=0.263s
[kernel 93.869 cpu3] i8042: line status=0x1c irqs=3281 bytes=3281 kbd gsi=1 rte=0x0000000000000024 aux gsi=12 rte=0x0000000000000024
[kernel 94.122 cpu3] heartbeat: t=94.122s alive=8/8 mask=0xff ran=27 gap=0.253s
[kernel 94.122 cpu3] i8042: line status=0x1c irqs=3284 bytes=3284 kbd gsi=1 rte=0x0000000000000024 aux gsi=12 rte=0x0000000000000024
/home/root> doom
[kernel 94.277 cpu6 tid=0] ELF: 8482 relocations indexed (RELATIVE + GLOB_DAT + TPOFF)
[kernel 94.277 cpu6 tid=0] spawn: TLS 1 modules, total_memsz=144
[kernel 94.277 cpu6 tid=0] spawn: /bin/doom pid=16 tid=0 base=0x10000000000 entry=0x1000007d0a8 cr3=0x1fb5000 symbols=2048KiB (layout=0ms relocs=0ms deps=0ms tls=1ms total=1ms)
                           Doom Generic 0.1
Z_Init: Init zone memory allocation daemon. 
zone memory: 0xfffd800020, 600000 allocated for zone
Using . for configuration and saves
V_Init: allocate screens.
M_LoadDefaults: Load system defaults.
saving config in .default.cfg
[kernel 94.372 cpu0] heartbeat: t=94.372s alive=8/8 mask=0xff ran=32 gap=0.250s
[kernel 94.372 cpu0] i8042: line status=0x1c irqs=3287 bytes=3287 kbd gsi=1 rte=0x0000000000000024 aux gsi=12 rte=0x0000000000000024
W_Init: Init WADfiles.
 adding /share/doom1.wad
soundd: opening stream: 44100Hz 2ch fmt=0
soundd: client 0 connected (id=9)
Using ./.savegame/ for savegames
===========================================================================
                            DOOM Shareware
===========================================================================
soundd: resumed
 Doom Generic is free software, covered by the GNU General Public
 License.  There is NO warranty; not even for MERCHANTABILITY or FITNESS
 FOR A PARTICULAR PURPOSE. You are welcome to change and distribute
 copies under certain conditions. See the source for more information.
===========================================================================
I_Init: Setting up machine state.
[doom-sound] /share/soundfont.sf2: entity not found; playing without music
M_Init: Init miscellaneous info.
R_Init: Init DOOM refresh daemon - ...................
P_Init: Init Playloop state.
S_Init: Setting up sound.
D_CheckNetGame: Checking network game status.
startskill 2  deathmatch: 0  startmap: 1  startepisode: 1
player 1 of 1 (1 nodes)
Emulating the behavior of the 'Doom 1.9' executable.
HU_Init: Setting up heads up display.
ST_Init: Init status bar.
[kernel 94.622 cpu0] heartbeat: t=94.622s alive=8/8 mask=0xff ran=84 gap=0.250s
[kernel 94.622 cpu0] i8042: line status=0x1c irqs=3287 bytes=3287 kbd gsi=1 rte=0x0000000000000024 aux gsi=12 rte=0x0000000000000024
I_InitGraphics: framebuffer: x_res: 640, y_res: 400, x_virtual: 640, y_virtual: 400, bpp: 32
I_InitGraphics: framebuffer: RGBA: 8888, red_off: 16, green_off: 8, blue_off: 0, transp_off: 24
I_InitGraphics: DOOM screen size: w x h: 320 x 200
I_InitGraphics: Auto-scaling factor: 2
compositor: frames=14 rects=16 damage_px=2065152 damage_px_max=1842560 composite_us_min=7 composite_us_max=3919 composite_us_total=4855 scanout_wr_bytes=8260608 scanout_blits=16 back_rd_bytes=1037080 cursor=1 windows=2
[kernel 94.872 cpu3] heartbeat: t=94.872s alive=8/8 mask=0xff ran=246 gap=0.250s
[kernel 94.872 cpu3] i8042: line status=0x1c irqs=3287 bytes=3287 kbd gsi=1 rte=0x0000000000000024 aux gsi=12 rte=0x0000000000000024
[kernel 95.122 cpu0] heartbeat: t=95.122s alive=8/8 mask=0xff ran=348 gap=0.250s
[kernel 95.122 cpu0] i8042: line status=0x1c irqs=3287 bytes=3287 kbd gsi=1 rte=0x0000000000000024 aux gsi=12 rte=0x0000000000000024
[kernel 95.373 cpu0] heartbeat: t=95.373s alive=8/8 mask=0xff ran=399 gap=0.251s
[kernel 95.373 cpu0] i8042: line status=0x1c irqs=3287 bytes=3287 kbd gsi=1 rte=0x0000000000000024 aux gsi=12 rte=0x0000000000000024
[kernel 95.624 cpu0] heartbeat: t=95.624s alive=8/8 mask=0xff ran=252 gap=0.250s
[kernel 95.624 cpu0] i8042: line status=0x1c irqs=3289 bytes=3289 kbd gsi=1 rte=0x0000000000000024 aux gsi=12 rte=0x0000000000000024
[kernel 95.874 cpu0] heartbeat: t=95.874s alive=8/8 mask=0xff ran=375 gap=0.250s
[kernel 95.874 cpu0] i8042: line status=0x1c irqs=3290 bytes=3290 kbd gsi=1 rte=0x0000000000000024 aux gsi=12 rte=0x0000000000000024
[kernel 96.125 cpu0] heartbeat: t=96.125s alive=8/8 mask=0xff ran=393 gap=0.251s
[kernel 96.125 cpu0] i8042: line status=0x1c irqs=3291 bytes=3291 kbd gsi=1 rte=0x0000000000000024 aux gsi=12 rte=0x0000000000000024
[kernel 96.376 cpu0] heartbeat: t=96.376s alive=8/8 mask=0xff ran=328 gap=0.250s
[kernel 96.376 cpu0] i8042: line status=0x1c irqs=3291 bytes=3291 kbd gsi=1 rte=0x0000000000000024 aux gsi=12 rte=0x0000000000000024
soundd: wakes=972 completions=734 submitted=742 underruns=8 drains=3 max_wake_lat_us=40542 max_batch=8 clients=1 deferred=0
[kernel 96.627 cpu0] heartbeat: t=96.627s alive=8/8 mask=0xff ran=346 gap=0.250s
[kernel 96.627 cpu0] i8042: line status=0x1c irqs=3291 bytes=3291 kbd gsi=1 rte=0x0000000000000024 aux gsi=12 rte=0x0000000000000024
compositor: frames=276 rects=277 damage_px=159114752 damage_px_max=705280 composite_us_min=1247 composite_us_max=2076 composite_us_total=380600 scanout_wr_bytes=636459008 scanout_blits=277 back_rd_bytes=384464 cursor=275 windows=2
[kernel 96.878 cpu0] heartbeat: t=96.878s alive=8/8 mask=0xff ran=219 gap=0.250s
[kernel 96.878 cpu0] i8042: line status=0x1c irqs=3293 bytes=3293 kbd gsi=1 rte=0x0000000000000024 aux gsi=12 rte=0x0000000000000024
[kernel 97.128 cpu3] heartbeat: t=97.128s alive=8/8 mask=0xff ran=224 gap=0.250s
[kernel 97.128 cpu3] i8042: line status=0x1c irqs=3295 bytes=3295 kbd gsi=1 rte=0x0000000000000024 aux gsi=12 rte=0x0000000000000024
[kernel 97.379 cpu0] heartbeat: t=97.379s alive=8/8 mask=0xff ran=235 gap=0.250s
[kernel 97.379 cpu0] i8042: line status=0x1c irqs=3299 bytes=3299 kbd gsi=1 rte=0x0000000000000024 aux gsi=12 rte=0x0000000000000024
[kernel 97.630 cpu0] heartbeat: t=97.630s alive=8/8 mask=0xff ran=230 gap=0.250s
[kernel 97.630 cpu0] i8042: line status=0x1c irqs=3303 bytes=3303 kbd gsi=1 rte=0x0000000000000024 aux gsi=12 rte=0x0000000000000024
[kernel 97.880 cpu0] heartbeat: t=97.880s alive=8/8 mask=0xff ran=237 gap=0.250s
[kernel 97.880 cpu0] i8042: line status=0x1c irqs=3307 bytes=3307 kbd gsi=1 rte=0x0000000000000024 aux gsi=12 rte=0x0000000000000024
[kernel 98.131 cpu2] heartbeat: t=98.131s alive=8/8 mask=0xff ran=241 gap=0.250s
[kernel 98.131 cpu2] i8042: line status=0x1c irqs=3315 bytes=3315 kbd gsi=1 rte=0x0000000000000024 aux gsi=12 rte=0x0000000000000024
[kernel 98.381 cpu0] heartbeat: t=98.381s alive=8/8 mask=0xff ran=214 gap=0.250s
[kernel 98.381 cpu0] i8042: line status=0x1c irqs=3315 bytes=3315 kbd gsi=1 rte=0x0000000000000024 aux gsi=12 rte=0x0000000000000024
soundd: wakes=645 completions=679 submitted=679 underruns=16 drains=8 max_wake_lat_us=58340 max_batch=8 clients=1 deferred=0
[kernel 98.632 cpu0] heartbeat: t=98.632s alive=8/8 mask=0xff ran=224 gap=0.250s
[kernel 98.632 cpu0] i8042: line status=0x1c irqs=3317 bytes=3317 kbd gsi=1 rte=0x0000000000000024 aux gsi=12 rte=0x0000000000000024
compositor: frames=274 rects=276 damage_px=157842944 damage_px_max=585472 composite_us_min=1238 composite_us_max=1627 composite_us_total=377194 scanout_wr_bytes=631371776 scanout_blits=276 back_rd_bytes=189752 cursor=274 windows=2
[kernel 98.883 cpu0] heartbeat: t=98.883s alive=8/8 mask=0xff ran=233 gap=0.250s
[kernel 98.883 cpu0] i8042: line status=0x1c irqs=3317 bytes=3317 kbd gsi=1 rte=0x0000000000000024 aux gsi=12 rte=0x0000000000000024
[kernel 99.134 cpu2] heartbeat: t=99.134s alive=8/8 mask=0xff ran=256 gap=0.250s
[kernel 99.134 cpu2] i8042: line status=0x1c irqs=3321 bytes=3321 kbd gsi=1 rte=0x0000000000000024 aux gsi=12 rte=0x0000000000000024
[kernel 99.384 cpu3] heartbeat: t=99.384s alive=8/8 mask=0xff ran=365 gap=0.250s
[kernel 99.384 cpu3] i8042: line status=0x1c irqs=3325 bytes=3325 kbd gsi=1 rte=0x0000000000000024 aux gsi=12 rte=0x0000000000000024
[kernel 99.634 cpu2] heartbeat: t=99.634s alive=8/8 mask=0xff ran=427 gap=0.250s
[kernel 99.634 cpu2] i8042: line status=0x1c irqs=3331 bytes=3331 kbd gsi=1 rte=0x0000000000000024 aux gsi=12 rte=0x0000000000000024
[kernel 99.885 cpu3] heartbeat: t=99.885s alive=8/8 mask=0xff ran=418 gap=0.250s
[kernel 99.885 cpu3] i8042: line status=0x1c irqs=3337 bytes=3337 kbd gsi=1 rte=0x0000000000000024 aux gsi=12 rte=0x0000000000000024
[kernel 100.135 cpu2] heartbeat: t=100.135s alive=8/8 mask=0xff ran=433 gap=0.250s
[kernel 100.135 cpu2] i8042: line status=0x1c irqs=3337 bytes=3337 kbd gsi=1 rte=0x0000000000000024 aux gsi=12 rte=0x0000000000000024
[kernel 100.385 cpu6] heartbeat: t=100.385s alive=8/8 mask=0xff ran=424 gap=0.250s
[kernel 100.385 cpu6] i8042: line status=0x1c irqs=3343 bytes=3343 kbd gsi=1 rte=0x0000000000000024 aux gsi=12 rte=0x0000000000000024
soundd: wakes=969 completions=742 submitted=742 underruns=19 drains=3 max_wake_lat_us=30280 max_batch=8 clients=1 deferred=0
[kernel 100.636 cpu2] heartbeat: t=100.636s alive=8/8 mask=0xff ran=420 gap=0.250s
[kernel 100.636 cpu2] i8042: line status=0x1c irqs=3349 bytes=3349 kbd gsi=1 rte=0x0000000000000024 aux gsi=12 rte=0x0000000000000024
compositor: frames=119 rects=120 damage_px=67420416 damage_px_max=585472 composite_us_min=62 composite_us_max=1600 composite_us_total=161482 scanout_wr_bytes=269681664 scanout_blits=120 back_rd_bytes=162324 cursor=117 windows=2
[kernel 100.888 cpu0] heartbeat: t=100.888s alive=8/8 mask=0xff ran=343 gap=0.251s
[kernel 100.888 cpu0] i8042: line status=0x1c irqs=3353 bytes=3353 kbd gsi=1 rte=0x0000000000000024 aux gsi=12 rte=0x0000000000000024
[kernel 101.139 cpu0] heartbeat: t=101.139s alive=8/8 mask=0xff ran=229 gap=0.250s
[kernel 101.139 cpu0] i8042: line status=0x1c irqs=3353 bytes=3353 kbd gsi=1 rte=0x0000000000000024 aux gsi=12 rte=0x0000000000000024
[kernel 101.245 cpu2] PMM: 240/15962MB used (7861 pages free)
[kernel 101.245 cpu2]   kernel-heap  alloc=     6 free=     0 held=     6 (12MB) rate=0/s
[kernel 101.245 cpu2]   demand-page  alloc=    19 free=    11 held=     8 (16MB) rate=0/s
[kernel 101.245 cpu2]   mmap         alloc=    67 free=    30 held=    37 (74MB) rate=1/s
[kernel 101.245 cpu2]   shared-mem   alloc=    22 free=     9 held=    13 (26MB) rate=0/s
[kernel 101.245 cpu2]   pipe         alloc=    38 free=    27 held=    11 (22MB) rate=0/s
[kernel 101.245 cpu2]   elf          alloc=    17 free=    11 held=     6 (12MB) rate=0/s
[kernel 101.245 cpu2]   dma          alloc=     6 free=     0 held=     6 (12MB) rate=0/s
[kernel 101.245 cpu2]   framebuffer  alloc=     1 free=     0 held=     1 (2MB) rate=0/s
[kernel 101.245 cpu2]   stack        alloc=    68 free=    44 held=    24 (48MB) rate=0/s
[kernel 101.245 cpu2]   init-tls     alloc=    28 free=    20 held=     8 (16MB) rate=0/s
[kernel 101.307 cpu0] sched: cpu=0 ready=0 parked=1 current=None
[kernel 101.389 cpu2] heartbeat: t=101.389s alive=8/8 mask=0xff ran=196 gap=0.250s
[kernel 101.389 cpu2] i8042: line status=0x3c irqs=3380 bytes=3380 kbd gsi=1 rte=0x0000000000000024 aux gsi=12 rte=0x0000000000000024
[kernel 101.539 cpu1] sched: cpu=1 ready=0 parked=0 current=None
[kernel 101.586 cpu4] sched: cpu=4 ready=0 parked=1 current=None
[kernel 101.600 cpu3] sched: cpu=3 ready=0 parked=3 current=None
[kernel 101.613 cpu5] sched: cpu=5 ready=0 parked=1 current=None
[kernel 101.639 cpu5] heartbeat: t=101.639s alive=8/8 mask=0xff ran=247 gap=0.250s
[kernel 101.639 cpu5] i8042: line status=0x3c irqs=3380 bytes=3380 kbd gsi=1 rte=0x0000000000000024 aux gsi=12 rte=0x0000000000000024
[kernel 101.673 cpu2] sched: cpu=2 ready=0 parked=1 current=None
[kernel 101.691 cpu6] sched: cpu=6 ready=0 parked=1 current=None
[kernel 101.786 cpu7] sched: cpu=7 ready=0 parked=0 current=None
[kernel 101.891 cpu3] heartbeat: t=101.891s alive=8/8 mask=0xff ran=222 gap=0.251s
[kernel 101.891 cpu3] i8042: line status=0x3c irqs=3380 bytes=3380 kbd gsi=1 rte=0x0000000000000024 aux gsi=12 rte=0x0000000000000024
[kernel 102.141 cpu0] heartbeat: t=102.141s alive=8/8 mask=0xff ran=321 gap=0.250s
[kernel 102.141 cpu0] i8042: line status=0x1c irqs=3388 bytes=3388 kbd gsi=1 rte=0x0000000000000024 aux gsi=12 rte=0x0000000000000024
[kernel 102.392 cpu0] heartbeat: t=102.392s alive=8/8 mask=0xff ran=424 gap=0.251s
[kernel 102.392 cpu0] i8042: line status=0x1c irqs=3392 bytes=3392 kbd gsi=1 rte=0x0000000000000024 aux gsi=12 rte=0x0000000000000024
soundd: wakes=836 completions=721 submitted=721 underruns=18 drains=5 max_wake_lat_us=50512 max_batch=8 clients=1 deferred=0
[kernel 102.642 cpu3] heartbeat: t=102.642s alive=8/8 mask=0xff ran=303 gap=0.250s
[kernel 102.642 cpu3] i8042: line status=0x1c irqs=3396 bytes=3396 kbd gsi=1 rte=0x0000000000000024 aux gsi=12 rte=0x0000000000000024
compositor: frames=269 rects=272 damage_px=150925988 damage_px_max=585472 composite_us_min=18 composite_us_max=1623 composite_us_total=362838 scanout_wr_bytes=603703952 scanout_blits=272 back_rd_bytes=835288 cursor=269 windows=2
[kernel 102.893 cpu0] heartbeat: t=102.893s alive=8/8 mask=0xff ran=344 gap=0.251s
[kernel 102.894 cpu0] i8042: line status=0x1c irqs=3396 bytes=3396 kbd gsi=1 rte=0x0000000000000024 aux gsi=12 rte=0x0000000000000024
[kernel 103.144 cpu0] heartbeat: t=103.144s alive=8/8 mask=0xff ran=263 gap=0.250s
[kernel 103.144 cpu0] i8042: line status=0x1c irqs=3398 bytes=3398 kbd gsi=1 rte=0x0000000000000024 aux gsi=12 rte=0x0000000000000024
[kernel 103.395 cpu0] heartbeat: t=103.395s alive=8/8 mask=0xff ran=329 gap=0.250s
[kernel 103.395 cpu0] i8042: line status=0x1c irqs=3398 bytes=3398 kbd gsi=1 rte=0x0000000000000024 aux gsi=12 rte=0x0000000000000024
[kernel 103.645 cpu2] heartbeat: t=103.645s alive=8/8 mask=0xff ran=327 gap=0.250s
[kernel 103.645 cpu2] i8042: line status=0x1c irqs=3398 bytes=3398 kbd gsi=1 rte=0x0000000000000024 aux gsi=12 rte=0x0000000000000024
[kernel 103.722 cpu2] i8042: 3398 interrupts, 3398 bytes, 186 keys, 1044 motion, 0 undecoded, 0 discarded, 0 overruns, 0 dropped, 0 lost edges — last byte at 103038ms
[kernel 103.895 cpu0] heartbeat: t=103.895s alive=8/8 mask=0xff ran=377 gap=0.250s
[kernel 103.895 cpu0] i8042: line status=0x3c irqs=3401 bytes=3401 kbd gsi=1 rte=0x0000000000000024 aux gsi=12 rte=0x0000000000000024
[kernel 104.146 cpu2] heartbeat: t=104.146s alive=8/8 mask=0xff ran=338 gap=0.250s
[kernel 104.146 cpu2] i8042: line status=0x3c irqs=3458 bytes=3458 kbd gsi=1 rte=0x0000000000000024 aux gsi=12 rte=0x0000000000000024
[kernel 104.397 cpu0] heartbeat: t=104.397s alive=8/8 mask=0xff ran=392 gap=0.251s
[kernel 104.397 cpu0] i8042: line status=0x3c irqs=3506 bytes=3506 kbd gsi=1 rte=0x0000000000000024 aux gsi=12 rte=0x0000000000000024
soundd: wakes=822 completions=702 submitted=702 underruns=0 drains=5 max_wake_lat_us=58836 max_batch=8 clients=1 deferred=0
[kernel 104.648 cpu2] heartbeat: t=104.648s alive=8/8 mask=0xff ran=220 gap=0.250s
[kernel 104.648 cpu2] i8042: line status=0x3c irqs=3506 bytes=3506 kbd gsi=1 rte=0x0000000000000024 aux gsi=12 rte=0x0000000000000024
compositor: frames=149 rects=155 damage_px=64556063 damage_px_max=585472 composite_us_min=9 composite_us_max=1599 composite_us_total=156194 scanout_wr_bytes=258224252 scanout_blits=155 back_rd_bytes=2422336 cursor=148 windows=2
[kernel 104.899 cpu0] heartbeat: t=104.899s alive=8/8 mask=0xff ran=240 gap=0.250s
[kernel 104.899 cpu0] i8042: line status=0x3c irqs=3542 bytes=3542 kbd gsi=1 rte=0x0000000000000024 aux gsi=12 rte=0x0000000000000024
[kernel 105.150 cpu0] heartbeat: t=105.150s alive=8/8 mask=0xff ran=254 gap=0.251s
[kernel 105.150 cpu0] i8042: line status=0x3c irqs=3542 bytes=3542 kbd gsi=1 rte=0x0000000000000024 aux gsi=12 rte=0x0000000000000024
[kernel 105.400 cpu0] heartbeat: t=105.400s alive=8/8 mask=0xff ran=240 gap=0.250s
[kernel 105.400 cpu0] i8042: line status=0x3c irqs=3542 bytes=3542 kbd gsi=1 rte=0x0000000000000024 aux gsi=12 rte=0x0000000000000024
[kernel 105.651 cpu0] heartbeat: t=105.651s alive=8/8 mask=0xff ran=269 gap=0.251s
[kernel 105.651 cpu0] i8042: line status=0x3c irqs=3575 bytes=3575 kbd gsi=1 rte=0x0000000000000024 aux gsi=12 rte=0x0000000000000024
[kernel 105.902 cpu0] heartbeat: t=105.902s alive=8/8 mask=0xff ran=372 gap=0.250s
[kernel 105.902 cpu0] i8042: line status=0x3c irqs=3594 bytes=3594 kbd gsi=1 rte=0x0000000000000024 aux gsi=12 rte=0x0000000000000024
[kernel 106.152 cpu0] heartbeat: t=106.152s alive=8/8 mask=0xff ran=259 gap=0.250s
[kernel 106.152 cpu0] i8042: line status=0x3c irqs=3626 bytes=3626 kbd gsi=1 rte=0x0000000000000024 aux gsi=12 rte=0x0000000000000024
[kernel 106.403 cpu0] heartbeat: t=106.403s alive=8/8 mask=0xff ran=380 gap=0.250s
[kernel 106.403 cpu0] i8042: line status=0x3c irqs=3626 bytes=3626 kbd gsi=1 rte=0x0000000000000024 aux gsi=12 rte=0x0000000000000024
soundd: wakes=826 completions=732 submitted=732 underruns=0 drains=6 max_wake_lat_us=30959 max_batch=8 clients=1 deferred=0
[kernel 106.653 cpu0] heartbeat: t=106.653s alive=8/8 mask=0xff ran=406 gap=0.250s
[kernel 106.653 cpu0] i8042: line status=0x3c irqs=3629 bytes=3629 kbd gsi=1 rte=0x0000000000000024 aux gsi=12 rte=0x0000000000000024
compositor: frames=315 rects=318 damage_px=179002222 damage_px_max=2073600 composite_us_min=11 composite_us_max=5160 composite_us_total=428425 scanout_wr_bytes=716008888 scanout_blits=318 back_rd_bytes=13973056 cursor=219 windows=2
[kernel 106.904 cpu2] heartbeat: t=106.904s alive=8/8 mask=0xff ran=250 gap=0.250s
[kernel 106.904 cpu2] i8042: line status=0x3c irqs=3632 bytes=3632 kbd gsi=1 rte=0x0000000000000024 aux gsi=12 rte=0x0000000000000024
[kernel 107.155 cpu2] heartbeat: t=107.155s alive=8/8 mask=0xff ran=222 gap=0.250s
[kernel 107.155 cpu2] i8042: line status=0x3c irqs=3632 bytes=3632 kbd gsi=1 rte=0x0000000000000024 aux gsi=12 rte=0x0000000000000024
[kernel 107.405 cpu0] heartbeat: t=107.405s alive=8/8 mask=0xff ran=245 gap=0.250s
[kernel 107.405 cpu0] i8042: line status=0x3c irqs=3632 bytes=3632 kbd gsi=1 rte=0x0000000000000024 aux gsi=12 rte=0x0000000000000024
[kernel 107.656 cpu3] heartbeat: t=107.656s alive=8/8 mask=0xff ran=250 gap=0.250s
[kernel 107.656 cpu3] i8042: line status=0x1c irqs=3633 bytes=3633 kbd gsi=1 rte=0x0000000000000024 aux gsi=12 rte=0x0000000000000024
[kernel 107.906 cpu2] heartbeat: t=107.906s alive=8/8 mask=0xff ran=238 gap=0.250s
[kernel 107.906 cpu2] i8042: line status=0x1c irqs=3634 bytes=3634 kbd gsi=1 rte=0x0000000000000024 aux gsi=12 rte=0x0000000000000024
[kernel 108.157 cpu2] heartbeat: t=108.157s alive=8/8 mask=0xff ran=396 gap=0.250s
[kernel 108.157 cpu2] i8042: line status=0x1c irqs=3634 bytes=3634 kbd gsi=1 rte=0x0000000000000024 aux gsi=12 rte=0x0000000000000024
[kernel 108.408 cpu7] heartbeat: t=108.408s alive=8/8 mask=0xff ran=429 gap=0.251s
[kernel 108.408 cpu7] i8042: line status=0x1c irqs=3636 bytes=3636 kbd gsi=1 rte=0x0000000000000024 aux gsi=12 rte=0x0000000000000024
soundd: wakes=809 completions=691 submitted=691 underruns=18 drains=5 max_wake_lat_us=59081 max_batch=8 clients=1 deferred=0
[kernel 108.659 cpu0] heartbeat: t=108.659s alive=8/8 mask=0xff ran=284 gap=0.251s
[kernel 108.659 cpu0] i8042: line status=0x1c irqs=3638 bytes=3638 kbd gsi=1 rte=0x0000000000000024 aux gsi=12 rte=0x0000000000000024
compositor: frames=193 rects=195 damage_px=376856076 damage_px_max=1961996 composite_us_min=3978 composite_us_max=6167 composite_us_total=866029 scanout_wr_bytes=1507424304 scanout_blits=195 back_rd_bytes=85758504 cursor=193 windows=2
[kernel 108.909 cpu0] heartbeat: t=108.909s alive=8/8 mask=0xff ran=253 gap=0.250s
[kernel 108.909 cpu0] i8042: line status=0x1c irqs=3640 bytes=3640 kbd gsi=1 rte=0x0000000000000024 aux gsi=12 rte=0x0000000000000024
[kernel 109.160 cpu2] heartbeat: t=109.160s alive=8/8 mask=0xff ran=279 gap=0.250s
[kernel 109.160 cpu2] i8042: line status=0x1c irqs=3641 bytes=3641 kbd gsi=1 rte=0x0000000000000024 aux gsi=12 rte=0x0000000000000024
[kernel 109.410 cpu2] heartbeat: t=109.410s alive=8/8 mask=0xff ran=425 gap=0.250s
[kernel 109.410 cpu2] i8042: line status=0x1c irqs=3644 bytes=3644 kbd gsi=1 rte=0x0000000000000024 aux gsi=12 rte=0x0000000000000024
[kernel 109.661 cpu3] heartbeat: t=109.661s alive=8/8 mask=0xff ran=432 gap=0.251s
[kernel 109.661 cpu3] i8042: line status=0x1c irqs=3645 bytes=3645 kbd gsi=1 rte=0x0000000000000024 aux gsi=12 rte=0x0000000000000024
[kernel 109.912 cpu0] heartbeat: t=109.912s alive=8/8 mask=0xff ran=259 gap=0.251s
[kernel 109.912 cpu0] i8042: line status=0x1c irqs=3646 bytes=3646 kbd gsi=1 rte=0x0000000000000024 aux gsi=12 rte=0x0000000000000024
[kernel 110.163 cpu2] heartbeat: t=110.163s alive=8/8 mask=0xff ran=414 gap=0.250s
[kernel 110.163 cpu2] i8042: line status=0x1c irqs=3648 bytes=3648 kbd gsi=1 rte=0x0000000000000024 aux gsi=12 rte=0x0000000000000024
[kernel 110.413 cpu0] heartbeat: t=110.413s alive=8/8 mask=0xff ran=439 gap=0.250s
[kernel 110.413 cpu0] i8042: line status=0x1c irqs=3648 bytes=3648 kbd gsi=1 rte=0x0000000000000024 aux gsi=12 rte=0x0000000000000024
soundd: wakes=942 completions=742 submitted=742 underruns=4 drains=4 max_wake_lat_us=37022 max_batch=8 clients=1 deferred=0
[kernel 110.664 cpu0] heartbeat: t=110.664s alive=8/8 mask=0xff ran=361 gap=0.250s
[kernel 110.664 cpu0] i8042: line status=0x1c irqs=3652 bytes=3652 kbd gsi=1 rte=0x0000000000000024 aux gsi=12 rte=0x0000000000000024
compositor: frames=207 rects=208 damage_px=402238888 damage_px_max=1961996 composite_us_min=101 composite_us_max=5711 composite_us_total=916585 scanout_wr_bytes=1608955552 scanout_blits=208 back_rd_bytes=91529880 cursor=206 windows=2
[kernel 110.915 cpu0] heartbeat: t=110.915s alive=8/8 mask=0xff ran=359 gap=0.250s
[kernel 110.915 cpu0] i8042: line status=0x1c irqs=3655 bytes=3655 kbd gsi=1 rte=0x0000000000000024 aux gsi=12 rte=0x0000000000000024
[kernel 111.165 cpu0] heartbeat: t=111.165s alive=8/8 mask=0xff ran=252 gap=0.250s
[kernel 111.165 cpu0] i8042: line status=0x1c irqs=3658 bytes=3658 kbd gsi=1 rte=0x0000000000000024 aux gsi=12 rte=0x0000000000000024
[kernel 111.245 cpu0] PMM: 264/15962MB used (7849 pages free)
[kernel 111.245 cpu0]   kernel-heap  alloc=     6 free=     0 held=     6 (12MB) rate=0/s
[kernel 111.245 cpu0]   demand-page  alloc=    19 free=    11 held=     8 (16MB) rate=0/s
[kernel 111.245 cpu0]   mmap         alloc=    77 free=    30 held=    47 (94MB) rate=0/s
[kernel 111.245 cpu0]   shared-mem   alloc=    26 free=    11 held=    15 (30MB) rate=0/s
[kernel 111.245 cpu0]   pipe         alloc=    38 free=    27 held=    11 (22MB) rate=0/s
[kernel 111.245 cpu0]   elf          alloc=    17 free=    11 held=     6 (12MB) rate=0/s
[kernel 111.245 cpu0]   dma          alloc=     6 free=     0 held=     6 (12MB) rate=0/s
[kernel 111.245 cpu0]   framebuffer  alloc=     1 free=     0 held=     1 (2MB) rate=0/s
[kernel 111.245 cpu0]   stack        alloc=    68 free=    44 held=    24 (48MB) rate=0/s
[kernel 111.245 cpu0]   init-tls     alloc=    28 free=    20 held=     8 (16MB) rate=0/s
[kernel 111.307 cpu0] sched: cpu=0 ready=0 parked=1 current=None
[kernel 111.416 cpu2] heartbeat: t=111.416s alive=8/8 mask=0xff ran=194 gap=0.250s
[kernel 111.416 cpu2] i8042: line status=0x1c irqs=3660 bytes=3660 kbd gsi=1 rte=0x0000000000000024 aux gsi=12 rte=0x0000000000000024
[kernel 111.553 cpu1] sched: cpu=1 ready=0 parked=0 current=None
[kernel 111.600 cpu3] sched: cpu=3 ready=0 parked=3 current=None
[kernel 111.653 cpu4] sched: cpu=4 ready=0 parked=1 current=None
[kernel 111.666 cpu0] heartbeat: t=111.666s alive=8/8 mask=0xff ran=251 gap=0.250s
[kernel 111.666 cpu0] i8042: line status=0x1c irqs=3664 bytes=3664 kbd gsi=1 rte=0x0000000000000024 aux gsi=12 rte=0x0000000000000024
[kernel 111.679 cpu5] sched: cpu=5 ready=0 parked=1 current=None
[kernel 111.695 cpu2] sched: cpu=2 ready=0 parked=1 current=None
[kernel 111.753 cpu6] sched: cpu=6 ready=0 parked=1 current=None
[kernel 111.853 cpu7] sched: cpu=7 ready=0 parked=0 current=None
[kernel 111.917 cpu0] heartbeat: t=111.917s alive=8/8 mask=0xff ran=258 gap=0.251s
[kernel 111.917 cpu0] i8042: line status=0x1c irqs=3666 bytes=3666 kbd gsi=1 rte=0x0000000000000024 aux gsi=12 rte=0x0000000000000024
[kernel 112.168 cpu0] heartbeat: t=112.168s alive=8/8 mask=0xff ran=279 gap=0.251s
[kernel 112.168 cpu0] i8042: line status=0x1c irqs=3668 bytes=3668 kbd gsi=1 rte=0x0000000000000024 aux gsi=12 rte=0x0000000000000024
[kernel 112.419 cpu3] heartbeat: t=112.419s alive=8/8 mask=0xff ran=261 gap=0.250s
[kernel 112.419 cpu3] i8042: line status=0x1c irqs=3668 bytes=3668 kbd gsi=1 rte=0x0000000000000024 aux gsi=12 rte=0x0000000000000024
soundd: wakes=687 completions=698 submitted=698 underruns=25 drains=9 max_wake_lat_us=51680 max_batch=8 clients=1 deferred=0
[kernel 112.669 cpu0] heartbeat: t=112.669s alive=8/8 mask=0xff ran=257 gap=0.250s
[kernel 112.669 cpu0] i8042: line status=0x1c irqs=3668 bytes=3668 kbd gsi=1 rte=0x0000000000000024 aux gsi=12 rte=0x0000000000000024
compositor: frames=201 rects=203 damage_px=392476268 damage_px_max=1961996 composite_us_min=4016 composite_us_max=5518 composite_us_total=900296 scanout_wr_bytes=1569905072 scanout_blits=203 back_rd_bytes=89310120 cursor=201 windows=2
[kernel 112.919 cpu0] heartbeat: t=112.919s alive=8/8 mask=0xff ran=399 gap=0.250s
[kernel 112.919 cpu0] i8042: line status=0x1c irqs=3670 bytes=3670 kbd gsi=1 rte=0x0000000000000024 aux gsi=12 rte=0x0000000000000024
[kernel 113.171 cpu0] heartbeat: t=113.171s alive=8/8 mask=0xff ran=458 gap=0.251s
[kernel 113.171 cpu0] i8042: line status=0x1c irqs=3672 bytes=3672 kbd gsi=1 rte=0x0000000000000024 aux gsi=12 rte=0x0000000000000024
[kernel 113.421 cpu0] heartbeat: t=113.421s alive=8/8 mask=0xff ran=250 gap=0.250s
[kernel 113.421 cpu0] i8042: line status=0x1c irqs=3674 bytes=3674 kbd gsi=1 rte=0x0000000000000024 aux gsi=12 rte=0x0000000000000024
[kernel 113.672 cpu0] heartbeat: t=113.672s alive=8/8 mask=0xff ran=246 gap=0.250s
[kernel 113.672 cpu0] i8042: line status=0x1c irqs=3674 bytes=3674 kbd gsi=1 rte=0x0000000000000024 aux gsi=12 rte=0x0000000000000024
[kernel 113.723 cpu0] i8042: 3674 interrupts, 3674 bytes, 212 keys, 1122 motion, 0 undecoded, 0 discarded, 0 overruns, 0 dropped, 0 lost edges — last byte at 113284ms
[kernel 113.923 cpu0] heartbeat: t=113.923s alive=8/8 mask=0xff ran=214 gap=0.250s
[kernel 113.923 cpu0] i8042: line status=0x1c irqs=3678 bytes=3678 kbd gsi=1 rte=0x0000000000000024 aux gsi=12 rte=0x0000000000000024
[kernel 114.174 cpu0] heartbeat: t=114.174s alive=8/8 mask=0xff ran=257 gap=0.250s
[kernel 114.174 cpu0] i8042: line status=0x1c irqs=3682 bytes=3682 kbd gsi=1 rte=0x0000000000000024 aux gsi=12 rte=0x0000000000000024
[kernel 114.424 cpu0] heartbeat: t=114.424s alive=8/8 mask=0xff ran=244 gap=0.250s
[kernel 114.424 cpu0] i8042: line status=0x1c irqs=3686 bytes=3686 kbd gsi=1 rte=0x0000000000000024 aux gsi=12 rte=0x0000000000000024
soundd: wakes=737 completions=679 submitted=679 underruns=0 drains=7 max_wake_lat_us=57911 max_batch=8 clients=1 deferred=0
[kernel 114.674 cpu2] heartbeat: t=114.674s alive=8/8 mask=0xff ran=244 gap=0.250s
[kernel 114.674 cpu2] i8042: line status=0x1c irqs=3688 bytes=3688 kbd gsi=1 rte=0x0000000000000024 aux gsi=12 rte=0x0000000000000024
compositor: frames=204 rects=206 damage_px=398333840 damage_px_max=1961996 composite_us_min=4006 composite_us_max=4939 composite_us_total=902879 scanout_wr_bytes=1593335360 scanout_blits=206 back_rd_bytes=90641976 cursor=204 windows=2
[kernel 114.925 cpu2] heartbeat: t=114.925s alive=8/8 mask=0xff ran=243 gap=0.250s
[kernel 114.925 cpu2] i8042: line status=0x1c irqs=3692 bytes=3692 kbd gsi=1 rte=0x0000000000000024 aux gsi=12 rte=0x0000000000000024
[kernel 115.176 cpu0] heartbeat: t=115.176s alive=8/8 mask=0xff ran=246 gap=0.250s
[kernel 115.176 cpu0] i8042: line status=0x1c irqs=3694 bytes=3694 kbd gsi=1 rte=0x0000000000000024 aux gsi=12 rte=0x0000000000000024
[kernel 115.427 cpu0] heartbeat: t=115.427s alive=8/8 mask=0xff ran=261 gap=0.251s
[kernel 115.427 cpu0] i8042: line status=0x1c irqs=3698 bytes=3698 kbd gsi=1 rte=0x0000000000000024 aux gsi=12 rte=0x0000000000000024
[kernel 115.678 cpu0] heartbeat: t=115.678s alive=8/8 mask=0xff ran=283 gap=0.250s
[kernel 115.678 cpu0] i8042: line status=0x1c irqs=3700 bytes=3700 kbd gsi=1 rte=0x0000000000000024 aux gsi=12 rte=0x0000000000000024
[kernel 115.928 cpu0] heartbeat: t=115.928s alive=8/8 mask=0xff ran=419 gap=0.250s
[kernel 115.928 cpu0] i8042: line status=0x1c irqs=3702 bytes=3702 kbd gsi=1 rte=0x0000000000000024 aux gsi=12 rte=0x0000000000000024
[kernel 116.179 cpu0] heartbeat: t=116.179s alive=8/8 mask=0xff ran=268 gap=0.250s
[kernel 116.179 cpu0] i8042: line status=0x1c irqs=3706 bytes=3706 kbd gsi=1 rte=0x0000000000000024 aux gsi=12 rte=0x0000000000000024
[kernel 116.429 cpu0] heartbeat: t=116.429s alive=8/8 mask=0xff ran=413 gap=0.250s
[kernel 116.429 cpu0] i8042: line status=0x1c irqs=3708 bytes=3708 kbd gsi=1 rte=0x0000000000000024 aux gsi=12 rte=0x0000000000000024
soundd: wakes=815 completions=731 submitted=731 underruns=5 drains=6 max_wake_lat_us=33178 max_batch=8 clients=1 deferred=0
[kernel 116.680 cpu0] heartbeat: t=116.680s alive=8/8 mask=0xff ran=426 gap=0.250s
[kernel 116.680 cpu0] i8042: line status=0x1c irqs=3710 bytes=3710 kbd gsi=1 rte=0x0000000000000024 aux gsi=12 rte=0x0000000000000024
compositor: frames=213 rects=214 damage_px=413954032 damage_px_max=1961996 composite_us_min=86 composite_us_max=4924 composite_us_total=939021 scanout_wr_bytes=1655816128 scanout_blits=214 back_rd_bytes=94193592 cursor=212 windows=2
[kernel 116.930 cpu2] heartbeat: t=116.930s alive=8/8 mask=0xff ran=361 gap=0.250s
[kernel 116.930 cpu2] i8042: line status=0x1c irqs=3716 bytes=3716 kbd gsi=1 rte=0x0000000000000024 aux gsi=12 rte=0x0000000000000024
[kernel 117.181 cpu0] heartbeat: t=117.181s alive=8/8 mask=0xff ran=235 gap=0.250s
[kernel 117.181 cpu0] i8042: line status=0x1c irqs=3718 bytes=3718 kbd gsi=1 rte=0x0000000000000024 aux gsi=12 rte=0x0000000000000024
[kernel 117.432 cpu0] heartbeat: t=117.432s alive=8/8 mask=0xff ran=246 gap=0.250s
[kernel 117.432 cpu0] i8042: line status=0x1c irqs=3722 bytes=3722 kbd gsi=1 rte=0x0000000000000024 aux gsi=12 rte=0x0000000000000024
[kernel 117.682 cpu0] heartbeat: t=117.682s alive=8/8 mask=0xff ran=254 gap=0.250s
[kernel 117.682 cpu0] i8042: line status=0x1c irqs=3724 bytes=3724 kbd gsi=1 rte=0x0000000000000024 aux gsi=12 rte=0x0000000000000024
[kernel 117.933 cpu0] heartbeat: t=117.933s alive=8/8 mask=0xff ran=261 gap=0.250s
[kernel 117.933 cpu0] i8042: line status=0x1c irqs=3728 bytes=3728 kbd gsi=1 rte=0x0000000000000024 aux gsi=12 rte=0x0000000000000024
[kernel 118.184 cpu2] heartbeat: t=118.184s alive=8/8 mask=0xff ran=254 gap=0.250s
[kernel 118.184 cpu2] i8042: line status=0x1c irqs=3732 bytes=3732 kbd gsi=1 rte=0x0000000000000024 aux gsi=12 rte=0x0000000000000024
[kernel 118.434 cpu0] heartbeat: t=118.434s alive=8/8 mask=0xff ran=262 gap=0.250s
[kernel 118.434 cpu0] i8042: line status=0x1c irqs=3732 bytes=3732 kbd gsi=1 rte=0x0000000000000024 aux gsi=12 rte=0x0000000000000024
soundd: wakes=691 completions=680 submitted=680 underruns=0 drains=7 max_wake_lat_us=59723 max_batch=8 clients=1 deferred=0
[kernel 118.685 cpu0] heartbeat: t=118.685s alive=8/8 mask=0xff ran=222 gap=0.250s
[kernel 118.685 cpu0] i8042: line status=0x1c irqs=3734 bytes=3734 kbd gsi=1 rte=0x0000000000000024 aux gsi=12 rte=0x0000000000000024
compositor: frames=210 rects=212 damage_px=410048984 damage_px_max=1961996 composite_us_min=3978 composite_us_max=5499 composite_us_total=934369 scanout_wr_bytes=1640195936 scanout_blits=212 back_rd_bytes=93305688 cursor=210 windows=2
[kernel 118.936 cpu0] heartbeat: t=118.936s alive=8/8 mask=0xff ran=244 gap=0.251s
[kernel 118.936 cpu0] i8042: line status=0x1c irqs=3736 bytes=3736 kbd gsi=1 rte=0x0000000000000024 aux gsi=12 rte=0x0000000000000024
[kernel 119.186 cpu0] heartbeat: t=119.186s alive=8/8 mask=0xff ran=269 gap=0.250s
[kernel 119.186 cpu0] i8042: line status=0x1c irqs=3737 bytes=3737 kbd gsi=1 rte=0x0000000000000024 aux gsi=12 rte=0x0000000000000024
[kernel 119.437 cpu0] heartbeat: t=119.437s alive=8/8 mask=0xff ran=277 gap=0.250s
[kernel 119.437 cpu0] i8042: line status=0x1c irqs=3738 bytes=3738 kbd gsi=1 rte=0x0000000000000024 aux gsi=12 rte=0x0000000000000024
[kernel 119.688 cpu0] heartbeat: t=119.688s alive=8/8 mask=0xff ran=274 gap=0.250s
[kernel 119.688 cpu0] i8042: line status=0x1c irqs=3740 bytes=3740 kbd gsi=1 rte=0x0000000000000024 aux gsi=12 rte=0x0000000000000024
[kernel 119.938 cpu0] heartbeat: t=119.938s alive=8/8 mask=0xff ran=398 gap=0.250s
[kernel 119.938 cpu0] i8042: line status=0x1c irqs=3740 bytes=3740 kbd gsi=1 rte=0x0000000000000024 aux gsi=12 rte=0x0000000000000024
[kernel 120.188 cpu2] heartbeat: t=120.188s alive=8/8 mask=0xff ran=443 gap=0.250s
[kernel 120.188 cpu2] i8042: line status=0x1c irqs=3744 bytes=3744 kbd gsi=1 rte=0x0000000000000024 aux gsi=12 rte=0x0000000000000024
[kernel 120.440 cpu0] heartbeat: t=120.440s alive=8/8 mask=0xff ran=364 gap=0.251s
[kernel 120.440 cpu0] i8042: line status=0x1c irqs=3746 bytes=3746 kbd gsi=1 rte=0x0000000000000024 aux gsi=12 rte=0x0000000000000024
soundd: wakes=830 completions=727 submitted=727 underruns=0 drains=6 max_wake_lat_us=35114 max_batch=8 clients=1 deferred=0
[kernel 120.691 cpu0] heartbeat: t=120.691s alive=8/8 mask=0xff ran=358 gap=0.250s
[kernel 120.691 cpu0] i8042: line status=0x1c irqs=3748 bytes=3748 kbd gsi=1 rte=0x0000000000000024 aux gsi=12 rte=0x0000000000000024
compositor: frames=209 rects=211 damage_px=408096460 damage_px_max=1961996 composite_us_min=4015 composite_us_max=4937 composite_us_total=928017 scanout_wr_bytes=1632385840 scanout_blits=211 back_rd_bytes=92861736 cursor=209 windows=2
[kernel 120.941 cpu0] heartbeat: t=120.941s alive=8/8 mask=0xff ran=359 gap=0.250s
[kernel 120.941 cpu0] i8042: line status=0x1c irqs=3748 bytes=3748 kbd gsi=1 rte=0x0000000000000024 aux gsi=12 rte=0x0000000000000024
[kernel 121.192 cpu0] heartbeat: t=121.192s alive=8/8 mask=0xff ran=244 gap=0.250s
[kernel 121.192 cpu0] i8042: line status=0x1c irqs=3750 bytes=3750 kbd gsi=1 rte=0x0000000000000024 aux gsi=12 rte=0x0000000000000024
[kernel 121.246 cpu0] PMM: 264/15962MB used (7849 pages free)
[kernel 121.246 cpu0]   kernel-heap  alloc=     6 free=     0 held=     6 (12MB) rate=0/s
[kernel 121.246 cpu0]   demand-page  alloc=    19 free=    11 held=     8 (16MB) rate=0/s
[kernel 121.246 cpu0]   mmap         alloc=    77 free=    30 held=    47 (94MB) rate=0/s
[kernel 121.246 cpu0]   shared-mem   alloc=    26 free=    11 held=    15 (30MB) rate=0/s
[kernel 121.246 cpu0]   pipe         alloc=    38 free=    27 held=    11 (22MB) rate=0/s
[kernel 121.246 cpu0]   elf          alloc=    17 free=    11 held=     6 (12MB) rate=0/s
[kernel 121.246 cpu0]   dma          alloc=     6 free=     0 held=     6 (12MB) rate=0/s
[kernel 121.246 cpu0]   framebuffer  alloc=     1 free=     0 held=     1 (2MB) rate=0/s
[kernel 121.246 cpu0]   stack        alloc=    68 free=    44 held=    24 (48MB) rate=0/s
[kernel 121.246 cpu0]   init-tls     alloc=    28 free=    20 held=     8 (16MB) rate=0/s
[kernel 121.309 cpu0] sched: cpu=0 ready=0 parked=1 current=None
[kernel 121.443 cpu0] heartbeat: t=121.443s alive=8/8 mask=0xff ran=178 gap=0.250s
[kernel 121.443 cpu0] i8042: line status=0x1c irqs=3752 bytes=3752 kbd gsi=1 rte=0x0000000000000024 aux gsi=12 rte=0x0000000000000024
[kernel 121.602 cpu3] sched: cpu=3 ready=0 parked=3 current=None
[kernel 121.627 cpu1] sched: cpu=1 ready=0 parked=0 current=None
[kernel 121.658 cpu4] sched: cpu=4 ready=0 parked=1 current=None
[kernel 121.693 cpu0] heartbeat: t=121.693s alive=8/8 mask=0xff ran=207 gap=0.250s
[kernel 121.693 cpu0] i8042: line status=0x1c irqs=3754 bytes=3754 kbd gsi=1 rte=0x0000000000000024 aux gsi=12 rte=0x0000000000000024
[kernel 121.724 cpu2] sched: cpu=2 ready=0 parked=1 current=None
[kernel 121.731 cpu5] sched: cpu=5 ready=0 parked=1 current=None
[kernel 121.851 cpu6] sched: cpu=6 ready=0 parked=1 current=None
[kernel 121.944 cpu0] heartbeat: t=121.944s alive=8/8 mask=0xff ran=266 gap=0.251s
[kernel 121.944 cpu0] i8042: line status=0x1c irqs=3756 bytes=3756 kbd gsi=1 rte=0x0000000000000024 aux gsi=12 rte=0x0000000000000024
[kernel 121.951 cpu7] sched: cpu=7 ready=0 parked=0 current=None
[kernel 122.195 cpu0] heartbeat: t=122.195s alive=8/8 mask=0xff ran=279 gap=0.250s
[kernel 122.195 cpu0] i8042: line status=0x1c irqs=3758 bytes=3758 kbd gsi=1 rte=0x0000000000000024 aux gsi=12 rte=0x0000000000000024
[kernel 122.446 cpu0] heartbeat: t=122.446s alive=8/8 mask=0xff ran=271 gap=0.250s
[kernel 122.446 cpu0] i8042: line status=0x1c irqs=3760 bytes=3760 kbd gsi=1 rte=0x0000000000000024 aux gsi=12 rte=0x0000000000000024
soundd: wakes=694 completions=694 submitted=694 underruns=22 drains=8 max_wake_lat_us=51954 max_batch=8 clients=1 deferred=0
[kernel 122.696 cpu0] heartbeat: t=122.696s alive=8/8 mask=0xff ran=385 gap=0.250s
[kernel 122.696 cpu0] i8042: line status=0x1c irqs=3762 bytes=3762 kbd gsi=1 rte=0x0000000000000024 aux gsi=12 rte=0x0000000000000024
compositor: frames=200 rects=201 damage_px=388571220 damage_px_max=1961996 composite_us_min=81 composite_us_max=5868 composite_us_total=892507 scanout_wr_bytes=1554284880 scanout_blits=201 back_rd_bytes=88422216 cursor=199 windows=2
[kernel 122.946 cpu3] heartbeat: t=122.946s alive=8/8 mask=0xff ran=434 gap=0.250s
[kernel 122.946 cpu3] i8042: line status=0x1c irqs=3764 bytes=3764 kbd gsi=1 rte=0x0000000000000024 aux gsi=12 rte=0x0000000000000024
[kernel 123.197 cpu0] heartbeat: t=123.197s alive=8/8 mask=0xff ran=373 gap=0.250s
[kernel 123.197 cpu0] i8042: line status=0x1c irqs=3766 bytes=3766 kbd gsi=1 rte=0x0000000000000024 aux gsi=12 rte=0x0000000000000024
[kernel 123.447 cpu2] heartbeat: t=123.447s alive=8/8 mask=0xff ran=382 gap=0.250s
[kernel 123.447 cpu2] i8042: line status=0x1c irqs=3768 bytes=3768 kbd gsi=1 rte=0x0000000000000024 aux gsi=12 rte=0x0000000000000024
[kernel 123.698 cpu3] heartbeat: t=123.698s alive=8/8 mask=0xff ran=365 gap=0.250s
[kernel 123.698 cpu3] i8042: line status=0x1c irqs=3770 bytes=3770 kbd gsi=1 rte=0x0000000000000024 aux gsi=12 rte=0x0000000000000024
[kernel 123.723 cpu0] i8042: 3770 interrupts, 3770 bytes, 273 keys, 1122 motion, 2 undecoded, 0 discarded, 0 overruns, 0 dropped, 0 lost edges — last byte at 123571ms
[kernel 123.948 cpu3] heartbeat: t=123.948s alive=8/8 mask=0xff ran=345 gap=0.250s
[kernel 123.948 cpu3] i8042: line status=0x1c irqs=3772 bytes=3772 kbd gsi=1 rte=0x0000000000000024 aux gsi=12 rte=0x0000000000000024
[kernel 124.200 cpu0] heartbeat: t=124.200s alive=8/8 mask=0xff ran=350 gap=0.252s
[kernel 124.200 cpu0] i8042: line status=0x1c irqs=3774 bytes=3774 kbd gsi=1 rte=0x0000000000000024 aux gsi=12 rte=0x0000000000000024
[kernel 124.451 cpu0] heartbeat: t=124.451s alive=8/8 mask=0xff ran=248 gap=0.250s
[kernel 124.451 cpu0] i8042: line status=0x1c irqs=3776 bytes=3776 kbd gsi=1 rte=0x0000000000000024 aux gsi=12 rte=0x0000000000000024
soundd: wakes=999 completions=731 submitted=731 underruns=29 drains=2 max_wake_lat_us=47555 max_batch=8 clients=1 deferred=0
[kernel 124.702 cpu2] heartbeat: t=124.702s alive=8/8 mask=0xff ran=236 gap=0.250s
[kernel 124.702 cpu2] i8042: line status=0x1c irqs=3778 bytes=3778 kbd gsi=1 rte=0x0000000000000024 aux gsi=12 rte=0x0000000000000024
compositor: frames=195 rects=196 damage_px=378808600 damage_px_max=1961996 composite_us_min=82 composite_us_max=5443 composite_us_total=866204 scanout_wr_bytes=1515234400 scanout_blits=196 back_rd_bytes=86202456 cursor=194 windows=2
[kernel 124.952 cpu0] heartbeat: t=124.952s alive=8/8 mask=0xff ran=215 gap=0.250s
[kernel 124.952 cpu0] i8042: line status=0x1c irqs=3778 bytes=3778 kbd gsi=1 rte=0x0000000000000024 aux gsi=12 rte=0x0000000000000024
[kernel 125.202 cpu0] heartbeat: t=125.202s alive=8/8 mask=0xff ran=269 gap=0.250s
[kernel 125.202 cpu0] i8042: line status=0x1c irqs=3781 bytes=3781 kbd gsi=1 rte=0x0000000000000024 aux gsi=12 rte=0x0000000000000024
[kernel 125.454 cpu0] heartbeat: t=125.454s alive=8/8 mask=0xff ran=272 gap=0.251s
[kernel 125.454 cpu0] i8042: line status=0x1c irqs=3784 bytes=3784 kbd gsi=1 rte=0x0000000000000024 aux gsi=12 rte=0x0000000000000024
[kernel 125.704 cpu0] heartbeat: t=125.704s alive=8/8 mask=0xff ran=273 gap=0.250s
[kernel 125.704 cpu0] i8042: line status=0x1c irqs=3786 bytes=3786 kbd gsi=1 rte=0x0000000000000024 aux gsi=12 rte=0x0000000000000024
[kernel 125.955 cpu2] heartbeat: t=125.955s alive=8/8 mask=0xff ran=269 gap=0.250s
[kernel 125.955 cpu2] i8042: line status=0x1c irqs=3790 bytes=3790 kbd gsi=1 rte=0x0000000000000024 aux gsi=12 rte=0x0000000000000024
[kernel 126.206 cpu0] heartbeat: t=126.206s alive=8/8 mask=0xff ran=403 gap=0.250s
[kernel 126.206 cpu0] i8042: line status=0x1c irqs=3792 bytes=3792 kbd gsi=1 rte=0x0000000000000024 aux gsi=12 rte=0x0000000000000024
[kernel 126.456 cpu0] heartbeat: t=126.456s alive=8/8 mask=0xff ran=447 gap=0.250s
[kernel 126.456 cpu0] i8042: line status=0x1c irqs=3796 bytes=3796 kbd gsi=1 rte=0x0000000000000024 aux gsi=12 rte=0x0000000000000024
soundd: wakes=772 completions=719 submitted=719 underruns=16 drains=8 max_wake_lat_us=34472 max_batch=8 clients=1 deferred=0
[kernel 126.706 cpu2] heartbeat: t=126.706s alive=8/8 mask=0xff ran=280 gap=0.250s
[kernel 126.706 cpu2] i8042: line status=0x1c irqs=3802 bytes=3802 kbd gsi=1 rte=0x0000000000000024 aux gsi=12 rte=0x0000000000000024
compositor: frames=208 rects=210 damage_px=406143936 damage_px_max=1961996 composite_us_min=3968 composite_us_max=5628 composite_us_total=925619 scanout_wr_bytes=1624575744 scanout_blits=210 back_rd_bytes=92417784 cursor=208 windows=2
[kernel 126.957 cpu0] heartbeat: t=126.957s alive=8/8 mask=0xff ran=421 gap=0.250s
[kernel 126.957 cpu0] i8042: line status=0x1c irqs=3804 bytes=3804 kbd gsi=1 rte=0x0000000000000024 aux gsi=12 rte=0x0000000000000024
[kernel 127.208 cpu0] heartbeat: t=127.208s alive=8/8 mask=0xff ran=443 gap=0.251s
[kernel 127.208 cpu0] i8042: line status=0x1c irqs=3807 bytes=3807 kbd gsi=1 rte=0x0000000000000024 aux gsi=12 rte=0x0000000000000024
[kernel 127.459 cpu0] heartbeat: t=127.459s alive=8/8 mask=0xff ran=248 gap=0.250s
[kernel 127.459 cpu0] i8042: line status=0x1c irqs=3810 bytes=3810 kbd gsi=1 rte=0x0000000000000024 aux gsi=12 rte=0x0000000000000024
[kernel 127.709 cpu0] heartbeat: t=127.709s alive=8/8 mask=0xff ran=248 gap=0.250s
[kernel 127.709 cpu0] i8042: line status=0x1c irqs=3813 bytes=3813 kbd gsi=1 rte=0x0000000000000024 aux gsi=12 rte=0x0000000000000024
[kernel 127.960 cpu0] heartbeat: t=127.960s alive=8/8 mask=0xff ran=258 gap=0.250s
[kernel 127.960 cpu0] i8042: line status=0x1c irqs=3816 bytes=3816 kbd gsi=1 rte=0x0000000000000024 aux gsi=12 rte=0x0000000000000024
[kernel 128.210 cpu0] heartbeat: t=128.210s alive=8/8 mask=0xff ran=264 gap=0.250s
[kernel 128.210 cpu0] i8042: line status=0x1c irqs=3816 bytes=3816 kbd gsi=1 rte=0x0000000000000024 aux gsi=12 rte=0x0000000000000024
[kernel 128.461 cpu0] heartbeat: t=128.461s alive=8/8 mask=0xff ran=253 gap=0.250s
[kernel 128.461 cpu0] i8042: line status=0x1c irqs=3818 bytes=3818 kbd gsi=1 rte=0x0000000000000024 aux gsi=12 rte=0x0000000000000024
soundd: wakes=759 completions=686 submitted=686 underruns=0 drains=6 max_wake_lat_us=59144 max_batch=8 clients=1 deferred=0
[kernel 128.712 cpu0] heartbeat: t=128.712s alive=8/8 mask=0xff ran=245 gap=0.250s
[kernel 128.712 cpu0] i8042: line status=0x1c irqs=3820 bytes=3820 kbd gsi=1 rte=0x0000000000000024 aux gsi=12 rte=0x0000000000000024
compositor: frames=211 rects=212 damage_px=410048984 damage_px_max=1961996 composite_us_min=80 composite_us_max=4915 composite_us_total=932092 scanout_wr_bytes=1640195936 scanout_blits=212 back_rd_bytes=93305688 cursor=210 windows=2
[kernel 128.962 cpu0] heartbeat: t=128.962s alive=8/8 mask=0xff ran=236 gap=0.250s
[kernel 128.962 cpu0] i8042: line status=0x1c irqs=3824 bytes=3824 kbd gsi=1 rte=0x0000000000000024 aux gsi=12 rte=0x0000000000000024
[kernel 129.213 cpu2] heartbeat: t=129.213s alive=8/8 mask=0xff ran=267 gap=0.250s
[kernel 129.213 cpu2] i8042: line status=0x1c irqs=3826 bytes=3826 kbd gsi=1 rte=0x0000000000000024 aux gsi=12 rte=0x0000000000000024
[kernel 129.464 cpu0] heartbeat: t=129.464s alive=8/8 mask=0xff ran=258 gap=0.250s
[kernel 129.464 cpu0] i8042: line status=0x1c irqs=3826 bytes=3826 kbd gsi=1 rte=0x0000000000000024 aux gsi=12 rte=0x0000000000000024
[kernel 129.714 cpu0] heartbeat: t=129.714s alive=8/8 mask=0xff ran=273 gap=0.250s
[kernel 129.714 cpu0] i8042: line status=0x1c irqs=3826 bytes=3826 kbd gsi=1 rte=0x0000000000000024 aux gsi=12 rte=0x0000000000000024
[kernel 129.965 cpu0] heartbeat: t=129.965s alive=8/8 mask=0xff ran=289 gap=0.250s
[kernel 129.965 cpu0] i8042: line status=0x1c irqs=3826 bytes=3826 kbd gsi=1 rte=0x0000000000000024 aux gsi=12 rte=0x0000000000000024
[kernel 130.216 cpu0] heartbeat: t=130.216s alive=8/8 mask=0xff ran=273 gap=0.251s
[kernel 130.216 cpu0] i8042: line status=0x1c irqs=3828 bytes=3828 kbd gsi=1 rte=0x0000000000000024 aux gsi=12 rte=0x0000000000000024
[kernel 130.467 cpu0] heartbeat: t=130.467s alive=8/8 mask=0xff ran=406 gap=0.250s
[kernel 130.467 cpu0] i8042: line status=0x1c irqs=3828 bytes=3828 kbd gsi=1 rte=0x0000000000000024 aux gsi=12 rte=0x0000000000000024
soundd: wakes=729 completions=721 submitted=721 underruns=1 drains=9 max_wake_lat_us=36878 max_batch=8 clients=1 deferred=0
[kernel 130.717 cpu0] heartbeat: t=130.717s alive=8/8 mask=0xff ran=443 gap=0.250s
[kernel 130.717 cpu0] i8042: line status=0x3c irqs=3873 bytes=3873 kbd gsi=1 rte=0x0000000000000024 aux gsi=12 rte=0x0000000000000024
compositor: frames=224 rects=234 damage_px=412010808 damage_px_max=1961996 composite_us_min=18 composite_us_max=4916 composite_us_total=935220 scanout_wr_bytes=1648043232 scanout_blits=234 back_rd_bytes=93754632 cursor=223 windows=2
[kernel 130.968 cpu0] heartbeat: t=130.968s alive=8/8 mask=0xff ran=370 gap=0.250s
[kernel 130.968 cpu0] i8042: line status=0x3c irqs=3873 bytes=3873 kbd gsi=1 rte=0x0000000000000024 aux gsi=12 rte=0x0000000000000024
[kernel 131.219 cpu0] heartbeat: t=131.219s alive=8/8 mask=0xff ran=252 gap=0.250s
[kernel 131.219 cpu0] i8042: line status=0x3c irqs=3886 bytes=3885 kbd gsi=1 rte=0x0000000000000024 aux gsi=12 rte=0x0000000000000024
[kernel 131.246 cpu3] PMM: 264/15962MB used (7849 pages free)
[kernel 131.246 cpu3]   kernel-heap  alloc=     6 free=     0 held=     6 (12MB) rate=0/s
[kernel 131.246 cpu3]   demand-page  alloc=    19 free=    11 held=     8 (16MB) rate=0/s
[kernel 131.246 cpu3]   mmap         alloc=    77 free=    30 held=    47 (94MB) rate=0/s
[kernel 131.246 cpu3]   shared-mem   alloc=    26 free=    11 held=    15 (30MB) rate=0/s
[kernel 131.246 cpu3]   pipe         alloc=    38 free=    27 held=    11 (22MB) rate=0/s
[kernel 131.246 cpu3]   elf          alloc=    17 free=    11 held=     6 (12MB) rate=0/s
[kernel 131.246 cpu3]   dma          alloc=     6 free=     0 held=     6 (12MB) rate=0/s
[kernel 131.246 cpu3]   framebuffer  alloc=     1 free=     0 held=     1 (2MB) rate=0/s
[kernel 131.246 cpu3]   stack        alloc=    68 free=    44 held=    24 (48MB) rate=0/s
[kernel 131.246 cpu3]   init-tls     alloc=    28 free=    20 held=     8 (16MB) rate=0/s
[kernel 131.311 cpu0] sched: cpu=0 ready=0 parked=1 current=None
[kernel 131.469 cpu2] heartbeat: t=131.469s alive=8/8 mask=0xff ran=203 gap=0.250s
[kernel 131.469 cpu2] i8042: line status=0x3c irqs=3921 bytes=3921 kbd gsi=1 rte=0x0000000000000024 aux gsi=12 rte=0x0000000000000024
[kernel 131.603 cpu3] sched: cpu=3 ready=0 parked=3 current=None
[kernel 131.701 cpu1] sched: cpu=1 ready=0 parked=0 current=None
[kernel 131.719 cpu0] heartbeat: t=131.719s alive=8/8 mask=0xff ran=254 gap=0.250s
[kernel 131.719 cpu0] i8042: line status=0x3c irqs=3933 bytes=3933 kbd gsi=1 rte=0x0000000000000024 aux gsi=12 rte=0x0000000000000024
[kernel 131.742 cpu4] sched: cpu=4 ready=0 parked=1 current=None
[kernel 131.752 cpu2] sched: cpu=2 ready=0 parked=1 current=None
[kernel 131.801 cpu5] sched: cpu=5 ready=0 parked=1 current=None
[kernel 131.901 cpu6] sched: cpu=6 ready=0 parked=1 current=None
[kernel 131.970 cpu0] heartbeat: t=131.970s alive=8/8 mask=0xff ran=414 gap=0.250s
[kernel 131.970 cpu0] i8042: line status=0x1c irqs=3937 bytes=3937 kbd gsi=1 rte=0x0000000000000024 aux gsi=12 rte=0x0000000000000024
[kernel 132.001 cpu7] sched: cpu=7 ready=0 parked=0 current=None
[kernel 132.221 cpu0] heartbeat: t=132.221s alive=8/8 mask=0xff ran=288 gap=0.251s
[kernel 132.221 cpu0] i8042: line status=0x1c irqs=3937 bytes=3937 kbd gsi=1 rte=0x0000000000000024 aux gsi=12 rte=0x0000000000000024
[kernel 132.472 cpu0] heartbeat: t=132.472s alive=8/8 mask=0xff ran=279 gap=0.250s
[kernel 132.472 cpu0] i8042: line status=0x1c irqs=3937 bytes=3937 kbd gsi=1 rte=0x0000000000000024 aux gsi=12 rte=0x0000000000000024
soundd: wakes=791 completions=714 submitted=714 underruns=8 drains=6 max_wake_lat_us=56563 max_batch=8 clients=1 deferred=0
[kernel 132.723 cpu0] heartbeat: t=132.723s alive=8/8 mask=0xff ran=261 gap=0.250s
[kernel 132.723 cpu0] i8042: line status=0x3c irqs=3970 bytes=3970 kbd gsi=1 rte=0x0000000000000024 aux gsi=12 rte=0x0000000000000024
compositor: frames=223 rects=241 damage_px=388710601 damage_px_max=2073600 composite_us_min=11 composite_us_max=5647 composite_us_total=888040 scanout_wr_bytes=1554842404 scanout_blits=241 back_rd_bytes=89173880 cursor=223 windows=2
[kernel 132.973 cpu0] heartbeat: t=132.973s alive=8/8 mask=0xff ran=361 gap=0.250s
[kernel 132.973 cpu0] i8042: line status=0x3c irqs=3970 bytes=3970 kbd gsi=1 rte=0x0000000000000024 aux gsi=12 rte=0x0000000000000024
[kernel 133.224 cpu0] heartbeat: t=133.224s alive=8/8 mask=0xff ran=471 gap=0.250s
[kernel 133.224 cpu0] i8042: line status=0x3c irqs=3970 bytes=3970 kbd gsi=1 rte=0x0000000000000024 aux gsi=12 rte=0x0000000000000024
[kernel 133.474 cpu0] heartbeat: t=133.474s alive=8/8 mask=0xff ran=367 gap=0.250s
[kernel 133.474 cpu0] i8042: line status=0x3c irqs=3973 bytes=3973 kbd gsi=1 rte=0x0000000000000024 aux gsi=12 rte=0x0000000000000024
[kernel 133.725 cpu0] heartbeat: t=133.725s alive=8/8 mask=0xff ran=387 gap=0.250s
[kernel 133.725 cpu0] i8042: line status=0x3c irqs=3976 bytes=3976 kbd gsi=1 rte=0x0000000000000024 aux gsi=12 rte=0x0000000000000024
[kernel 133.726 cpu2 tid=0] i8042: 3976 interrupts, 3976 bytes, 316 keys, 1170 motion, 4 undecoded, 0 discarded, 0 overruns, 0 dropped, 0 lost edges — last byte at 133484ms
[kernel 133.976 cpu0] heartbeat: t=133.976s alive=8/8 mask=0xff ran=235 gap=0.250s
[kernel 133.976 cpu0] i8042: line status=0x1c irqs=3977 bytes=3977 kbd gsi=1 rte=0x0000000000000024 aux gsi=12 rte=0x0000000000000024
[kernel 134.070 cpu3 tid=0] ELF: 3609 relocations indexed (RELATIVE + GLOB_DAT + TPOFF)
[kernel 134.070 cpu3 tid=0] spawn: TLS 1 modules, total_memsz=144
[kernel 134.071 cpu3 tid=0] spawn: /bin/terminal pid=17 tid=0 base=0x10000000000 entry=0x1000001ec28 cr3=0x608d000 symbols=2048KiB (layout=0ms relocs=0ms deps=0ms tls=0ms total=1ms)
[kernel 134.120 cpu4 tid=0] ELF: 2771 relocations indexed (RELATIVE + GLOB_DAT + TPOFF)
[kernel 134.120 cpu4 tid=0] spawn: TLS 1 modules, total_memsz=144
[kernel 134.121 cpu4 tid=0] spawn: /bin/shell pid=18 tid=0 base=0x10000000000 entry=0x1000001d93c cr3=0x60cd000 symbols=2048KiB (layout=0ms relocs=0ms deps=0ms tls=1ms total=2ms)
terminal: ready
[kernel 134.226 cpu0] heartbeat: t=134.226s alive=8/8 mask=0xff ran=263 gap=0.250s
[kernel 134.226 cpu0] i8042: line status=0x1c irqs=3979 bytes=3979 kbd gsi=1 rte=0x0000000000000024 aux gsi=12 rte=0x0000000000000024
[kernel 134.477 cpu0] heartbeat: t=134.477s alive=8/8 mask=0xff ran=271 gap=0.251s
[kernel 134.477 cpu0] i8042: line status=0x1c irqs=3980 bytes=3980 kbd gsi=1 rte=0x0000000000000024 aux gsi=12 rte=0x0000000000000024
soundd: wakes=840 completions=710 submitted=710 underruns=0 drains=5 max_wake_lat_us=58566 max_batch=8 clients=1 deferred=0
[kernel 134.728 cpu2] heartbeat: t=134.728s alive=8/8 mask=0xff ran=237 gap=0.250s
[kernel 134.728 cpu2] i8042: line status=0x1c irqs=3980 bytes=3980 kbd gsi=1 rte=0x0000000000000024 aux gsi=12 rte=0x0000000000000024
compositor: frames=212 rects=215 damage_px=410211308 damage_px_max=2073600 composite_us_min=22 composite_us_max=6855 composite_us_total=1014152 scanout_wr_bytes=1640845232 scanout_blits=215 back_rd_bytes=124606736 cursor=212 windows=3
[kernel 134.978 cpu0] heartbeat: t=134.978s alive=8/8 mask=0xff ran=271 gap=0.250s
[kernel 134.978 cpu0] i8042: line status=0x1c irqs=3983 bytes=3983 kbd gsi=1 rte=0x0000000000000024 aux gsi=12 rte=0x0000000000000024
/home/root> ps
[kernel 135.137 cpu5 tid=0] ELF: 3554 relocations indexed (RELATIVE + GLOB_DAT + TPOFF)
[kernel 135.137 cpu5 tid=0] spawn: TLS 1 modules, total_memsz=144
[kernel 135.138 cpu5 tid=0] spawn: /bin/ps pid=19 tid=0 base=0x10000000000 entry=0x1000002d4f4 cr3=0x609b000 symbols=2048KiB (layout=0ms relocs=0ms deps=0ms tls=1ms total=2ms)
[kernel 135.158 cpu6 tid=0] syscalls: pid=19 total=19 syscall_wall=0ms 0=12 6=1 45=1 63=1
[kernel 135.158 cpu6 tid=0] memory: pid=19 peak=2MB allocs=2 frees=0
[kernel 135.158 cpu6 tid=0] exit: ps pid=19 code=0 cpu=0ms
  PID TID  PPID  S      CPU  %CPU   MEM  NAME
    0   0     0  R   15.357   11%   32M  compositor
    1   0     0  S    0.562    0%    8M  soundd
    1   1     0  S    0.004    0%    8M  soundd-ctrl (thread)
    3   0     0  S    0.000    0%    4M  filepicker
    4   0     0  S    0.104    0%   16M  terminal
    5   0     4  S    0.280    0%    4M  shell
   16   0     5  R   31.890   23%   46M  doom
   16   1     5  S    0.208    0%   46M  cpal-toyos-audio (thread)
   17   0     0  S    0.059    0%   16M  terminal
   18   0    17  S    0.037    0%    4M  shell
   19   0    18  R    0.000    0%    4M  ps
[kernel 135.230 cpu0] heartbeat: t=135.230s alive=8/8 mask=0xff ran=251 gap=0.251s
[kernel 135.230 cpu0] i8042: line status=0x1c irqs=3986 bytes=3986 kbd gsi=1 rte=0x0000000000000024 aux gsi=12 rte=0x0000000000000024
[kernel 135.480 cpu0] heartbeat: t=135.480s alive=8/8 mask=0xff ran=433 gap=0.250s
[kernel 135.480 cpu0] i8042: line status=0x1c irqs=3986 bytes=3986 kbd gsi=1 rte=0x0000000000000024 aux gsi=12 rte=0x0000000000000024
[kernel 135.731 cpu0] heartbeat: t=135.731s alive=8/8 mask=0xff ran=246 gap=0.250s
[kernel 135.731 cpu0] i8042: line status=0x1c irqs=3986 bytes=3986 kbd gsi=1 rte=0x0000000000000024 aux gsi=12 rte=0x0000000000000024
[kernel 135.981 cpu0] heartbeat: t=135.981s alive=8/8 mask=0xff ran=266 gap=0.250s
[kernel 135.981 cpu0] i8042: line status=0x1c irqs=3986 bytes=3986 kbd gsi=1 rte=0x0000000000000024 aux gsi=12 rte=0x0000000000000024
[kernel 136.232 cpu3] heartbeat: t=136.232s alive=8/8 mask=0xff ran=265 gap=0.250s
[kernel 136.232 cpu3] i8042: line status=0x1c irqs=3986 bytes=3986 kbd gsi=1 rte=0x0000000000000024 aux gsi=12 rte=0x0000000000000024
[kernel 136.482 cpu0] heartbeat: t=136.482s alive=8/8 mask=0xff ran=247 gap=0.250s
[kernel 136.482 cpu0] i8042: line status=0x1c irqs=3986 bytes=3986 kbd gsi=1 rte=0x0000000000000024 aux gsi=12 rte=0x0000000000000024
soundd: wakes=665 completions=681 submitted=681 underruns=4 drains=9 max_wake_lat_us=59295 max_batch=8 clients=1 deferred=0
[kernel 136.733 cpu2] heartbeat: t=136.733s alive=8/8 mask=0xff ran=238 gap=0.250s
[kernel 136.733 cpu2] i8042: line status=0x1c irqs=3986 bytes=3986 kbd gsi=1 rte=0x0000000000000024 aux gsi=12 rte=0x0000000000000024
compositor: frames=212 rects=214 damage_px=404306356 damage_px_max=1961996 composite_us_min=14 composite_us_max=7025 composite_us_total=1133486 scanout_wr_bytes=1617225424 scanout_blits=214 back_rd_bytes=180111824 cursor=207 windows=3
[kernel 136.983 cpu5] heartbeat: t=136.983s alive=8/8 mask=0xff ran=207 gap=0.250s
[kernel 136.983 cpu5] i8042: line status=0x1c irqs=3986 bytes=3986 kbd gsi=1 rte=0x0000000000000024 aux gsi=12 rte=0x0000000000000024
[kernel 137.233 cpu3] heartbeat: t=137.233s alive=8/8 mask=0xff ran=363 gap=0.250s
[kernel 137.233 cpu3] i8042: line status=0x3c irqs=4022 bytes=4022 kbd gsi=1 rte=0x0000000000000024 aux gsi=12 rte=0x0000000000000024
[kernel 137.485 cpu0] heartbeat: t=137.485s alive=8/8 mask=0xff ran=499 gap=0.251s
[kernel 137.485 cpu0] i8042: line status=0x3c irqs=4064 bytes=4064 kbd gsi=1 rte=0x0000000000000024 aux gsi=12 rte=0x0000000000000024
[kernel 137.736 cpu0] heartbeat: t=137.736s alive=8/8 mask=0xff ran=268 gap=0.250s
[kernel 137.736 cpu0] i8042: line status=0x3c irqs=4085 bytes=4085 kbd gsi=1 rte=0x0000000000000024 aux gsi=12 rte=0x0000000000000024
[kernel 137.987 cpu2] heartbeat: t=137.987s alive=8/8 mask=0xff ran=290 gap=0.250s
[kernel 137.987 cpu2] i8042: line status=0x3c irqs=4103 bytes=4103 kbd gsi=1 rte=0x0000000000000024 aux gsi=12 rte=0x0000000000000024
[kernel 138.237 cpu0] heartbeat: t=138.237s alive=8/8 mask=0xff ran=286 gap=0.250s
[kernel 138.237 cpu0] i8042: line status=0x3c irqs=4103 bytes=4103 kbd gsi=1 rte=0x0000000000000024 aux gsi=12 rte=0x0000000000000024
[kernel 138.487 cpu0] heartbeat: t=138.487s alive=8/8 mask=0xff ran=420 gap=0.250s
[kernel 138.487 cpu0] i8042: line status=0x3c irqs=4109 bytes=4109 kbd gsi=1 rte=0x0000000000000024 aux gsi=12 rte=0x0000000000000024
soundd: wakes=834 completions=717 submitted=717 underruns=14 drains=6 max_wake_lat_us=41454 max_batch=8 clients=1 deferred=0
[kernel 138.738 cpu4] heartbeat: t=138.738s alive=8/8 mask=0xff ran=302 gap=0.250s
[kernel 138.738 cpu4] i8042: line status=0x3c irqs=4109 bytes=4109 kbd gsi=1 rte=0x0000000000000024 aux gsi=12 rte=0x0000000000000024
compositor: frames=232 rects=238 damage_px=410299453 damage_px_max=2073600 composite_us_min=21 composite_us_max=6681 composite_us_total=1148632 scanout_wr_bytes=1641197812 scanout_blits=238 back_rd_bytes=194900092 cursor=215 windows=3
[kernel 138.988 cpu0] heartbeat: t=138.988s alive=8/8 mask=0xff ran=380 gap=0.250s
[kernel 138.988 cpu0] i8042: line status=0x3c irqs=4112 bytes=4112 kbd gsi=1 rte=0x0000000000000024 aux gsi=12 rte=0x0000000000000024
[kernel 139.239 cpu2] heartbeat: t=139.239s alive=8/8 mask=0xff ran=484 gap=0.250s
[kernel 139.239 cpu2] i8042: line status=0x3c irqs=4136 bytes=4136 kbd gsi=1 rte=0x0000000000000024 aux gsi=12 rte=0x0000000000000024
[kernel 139.491 cpu0] heartbeat: t=139.491s alive=8/8 mask=0xff ran=380 gap=0.251s
[kernel 139.491 cpu0] i8042: line status=0x3c irqs=4136 bytes=4136 kbd gsi=1 rte=0x0000000000000024 aux gsi=12 rte=0x0000000000000024
[kernel 139.741 cpu0] heartbeat: t=139.741s alive=8/8 mask=0xff ran=245 gap=0.250s
[kernel 139.741 cpu0] i8042: line status=0x3c irqs=4136 bytes=4136 kbd gsi=1 rte=0x0000000000000024 aux gsi=12 rte=0x0000000000000024
[kernel 139.992 cpu0] heartbeat: t=139.992s alive=8/8 mask=0xff ran=263 gap=0.250s
[kernel 139.992 cpu0] i8042: line status=0x3c irqs=4136 bytes=4136 kbd gsi=1 rte=0x0000000000000024 aux gsi=12 rte=0x0000000000000024
[kernel 140.243 cpu0] heartbeat: t=140.243s alive=8/8 mask=0xff ran=250 gap=0.250s
[kernel 140.243 cpu0] i8042: line status=0x3c irqs=4136 bytes=4136 kbd gsi=1 rte=0x0000000000000024 aux gsi=12 rte=0x0000000000000024
[kernel 140.494 cpu0] heartbeat: t=140.494s alive=8/8 mask=0xff ran=261 gap=0.250s
[kernel 140.494 cpu0] i8042: line status=0x3c irqs=4136 bytes=4136 kbd gsi=1 rte=0x0000000000000024 aux gsi=12 rte=0x0000000000000024
soundd: wakes=785 completions=691 submitted=691 underruns=0 drains=6 max_wake_lat_us=59209 max_batch=8 clients=1 deferred=0
[kernel 140.744 cpu0] heartbeat: t=140.744s alive=8/8 mask=0xff ran=235 gap=0.250s
[kernel 140.744 cpu0] i8042: line status=0x3c irqs=4136 bytes=4136 kbd gsi=1 rte=0x0000000000000024 aux gsi=12 rte=0x0000000000000024
compositor: frames=214 rects=217 damage_px=408148120 damage_px_max=1988966 composite_us_min=15 composite_us_max=6154 composite_us_total=1146330 scanout_wr_bytes=1632592480 scanout_blits=217 back_rd_bytes=183622816 cursor=214 windows=3
[kernel 140.995 cpu0] heartbeat: t=140.995s alive=8/8 mask=0xff ran=248 gap=0.250s
[kernel 140.995 cpu0] i8042: line status=0x3c irqs=4136 bytes=4136 kbd gsi=1 rte=0x0000000000000024 aux gsi=12 rte=0x0000000000000024
[kernel 141.245 cpu2] heartbeat: t=141.245s alive=8/8 mask=0xff ran=276 gap=0.250s
[kernel 141.245 cpu2] i8042: line status=0x1c irqs=4137 bytes=4137 kbd gsi=1 rte=0x0000000000000024 aux gsi=12 rte=0x0000000000000024
[kernel 141.246 cpu2] PMM: 328/15962MB used (7817 pages free)
[kernel 141.246 cpu2]   kernel-heap  alloc=     6 free=     0 held=     6 (12MB) rate=0/s
[kernel 141.246 cpu2]   demand-page  alloc=    22 free=    12 held=    10 (20MB) rate=0/s
[kernel 141.246 cpu2]   mmap         alloc=    86 free=    31 held=    55 (110MB) rate=0/s
[kernel 141.246 cpu2]   shared-mem   alloc=    32 free=    11 held=    21 (42MB) rate=0/s
[kernel 141.246 cpu2]   pipe         alloc=    42 free=    27 held=    15 (30MB) rate=0/s
[kernel 141.246 cpu2]   elf          alloc=    20 free=    12 held=     8 (16MB) rate=0/s
[kernel 141.246 cpu2]   dma          alloc=     6 free=     0 held=     6 (12MB) rate=0/s
[kernel 141.246 cpu2]   framebuffer  alloc=     1 free=     0 held=     1 (2MB) rate=0/s
[kernel 141.246 cpu2]   stack        alloc=    80 free=    48 held=    32 (64MB) rate=1/s
[kernel 141.246 cpu2]   init-tls     alloc=    31 free=    21 held=    10 (20MB) rate=0/s
[kernel 141.312 cpu0] sched: cpu=0 ready=0 parked=1 current=None
[kernel 141.496 cpu0] heartbeat: t=141.496s alive=8/8 mask=0xff ran=265 gap=0.251s
[kernel 141.496 cpu0] i8042: line status=0x1c irqs=4138 bytes=4138 kbd gsi=1 rte=0x0000000000000024 aux gsi=12 rte=0x0000000000000024
[kernel 141.603 cpu3] sched: cpu=3 ready=0 parked=3 current=None
[kernel 141.746 cpu0] heartbeat: t=141.746s alive=8/8 mask=0xff ran=412 gap=0.250s
[kernel 141.746 cpu0] i8042: line status=0x1c irqs=4138 bytes=4138 kbd gsi=1 rte=0x0000000000000024 aux gsi=12 rte=0x0000000000000024
[kernel 141.752 cpu2] sched: cpu=2 ready=0 parked=1 current=None
[kernel 141.783 cpu1] sched: cpu=1 ready=0 parked=0 current=None
[kernel 141.805 cpu4] sched: cpu=4 ready=0 parked=2 current=None
[kernel 141.824 cpu5] sched: cpu=5 ready=0 parked=2 current=None
[kernel 141.930 cpu6] sched: cpu=6 ready=0 parked=1 current=None
[kernel 141.997 cpu0] heartbeat: t=141.997s alive=8/8 mask=0xff ran=288 gap=0.250s
[kernel 141.997 cpu0] i8042: line status=0x1c irqs=4142 bytes=4142 kbd gsi=1 rte=0x0000000000000024 aux gsi=12 rte=0x0000000000000024
[kernel 142.083 cpu7] sched: cpu=7 ready=0 parked=0 current=None
[kernel 142.248 cpu3] heartbeat: t=142.248s alive=8/8 mask=0xff ran=431 gap=0.250s
[kernel 142.248 cpu3] i8042: line status=0x1c irqs=4142 bytes=4142 kbd gsi=1 rte=0x0000000000000024 aux gsi=12 rte=0x0000000000000024
[kernel 142.498 cpu2] heartbeat: t=142.498s alive=8/8 mask=0xff ran=256 gap=0.250s
[kernel 142.498 cpu2] i8042: line status=0x1c irqs=4145 bytes=4145 kbd gsi=1 rte=0x0000000000000024 aux gsi=12 rte=0x0000000000000024
soundd: wakes=762 completions=713 submitted=713 underruns=7 drains=6 max_wake_lat_us=52237 max_batch=8 clients=1 deferred=0
[kernel 142.749 cpu0] heartbeat: t=142.749s alive=8/8 mask=0xff ran=242 gap=0.251s
[kernel 142.749 cpu0] i8042: line status=0x1c irqs=4145 bytes=4145 kbd gsi=1 rte=0x0000000000000024 aux gsi=12 rte=0x0000000000000024
compositor: frames=202 rects=204 damage_px=394549868 damage_px_max=2073600 composite_us_min=4949 composite_us_max=6854 composite_us_total=1116151 scanout_wr_bytes=1578199472 scanout_blits=204 back_rd_bytes=176527380 cursor=202 windows=3
[kernel 143.000 cpu0] heartbeat: t=143.000s alive=8/8 mask=0xff ran=242 gap=0.250s
[kernel 143.000 cpu0] i8042: line status=0x1c irqs=4146 bytes=4146 kbd gsi=1 rte=0x0000000000000024 aux gsi=12 rte=0x0000000000000024
[kernel 143.251 cpu0] heartbeat: t=143.251s alive=8/8 mask=0xff ran=271 gap=0.250s
[kernel 143.251 cpu0] i8042: line status=0x1c irqs=4146 bytes=4146 kbd gsi=1 rte=0x0000000000000024 aux gsi=12 rte=0x0000000000000024
[kernel 143.501 cpu0] heartbeat: t=143.501s alive=8/8 mask=0xff ran=468 gap=0.250s
[kernel 143.501 cpu0] i8042: line status=0x1c irqs=4147 bytes=4147 kbd gsi=1 rte=0x0000000000000024 aux gsi=12 rte=0x0000000000000024
/home/root> ps
[kernel 143.660 cpu5 tid=0] ELF: 3554 relocations indexed (RELATIVE + GLOB_DAT + TPOFF)
[kernel 143.660 cpu5 tid=0] spawn: TLS 1 modules, total_memsz=144
[kernel 143.661 cpu5 tid=0] spawn: /bin/ps pid=20 tid=0 base=0x10000000000 entry=0x1000002d4f4 cr3=0x609f000 symbols=2048KiB (layout=0ms relocs=0ms deps=0ms tls=0ms total=1ms)
[kernel 143.686 cpu7 tid=0] syscalls: pid=20 total=19 syscall_wall=0ms 0=12 6=1 45=1 63=1
[kernel 143.686 cpu7 tid=0] memory: pid=20 peak=2MB allocs=2 frees=0
[kernel 143.686 cpu7 tid=0] exit: ps pid=20 code=0 cpu=0ms
  PID TID  PPID  S      CPU  %CPU   MEM  NAME
    0   0     0  S   20.189   14%   32M  compositor
    1   0     0  S    0.621    0%    8M  soundd
    1   1     0  S    0.004    0%    8M  soundd-ctrl (thread)
    3   0     0  S    0.000    0%    4M  filepicker
    4   0     0  S    0.104    0%   16M  terminal
    5   0     4  S    0.280    0%    4M  shell
   16   0     5  R   38.699   26%   46M  doom
   16   1     5  S    0.242    0%   46M  cpal-toyos-audio (thread)
   17   0     0  S    0.062    0%   16M  terminal
   18   0    17  S    0.076    0%    4M  shell
   20   0    18  R    0.000    0%    4M  ps
[kernel 143.726 cpu0] i8042: 4152 interrupts, 4152 bytes, 340 keys, 1216 motion, 16 undecoded, 0 discarded, 0 overruns, 0 dropped, 0 lost edges — last byte at 143701ms
[kernel 143.751 cpu0] heartbeat: t=143.751s alive=8/8 mask=0xff ran=268 gap=0.250s
[kernel 143.751 cpu0] i8042: line status=0x1c irqs=4152 bytes=4152 kbd gsi=1 rte=0x0000000000000024 aux gsi=12 rte=0x0000000000000024
[kernel 144.002 cpu3] heartbeat: t=144.002s alive=8/8 mask=0xff ran=284 gap=0.250s
[kernel 144.002 cpu3] i8042: line status=0x1c irqs=4152 bytes=4152 kbd gsi=1 rte=0x0000000000000024 aux gsi=12 rte=0x0000000000000024
[kernel 144.252 cpu0] heartbeat: t=144.252s alive=8/8 mask=0xff ran=450 gap=0.250s
[kernel 144.252 cpu0] i8042: line status=0x1c irqs=4152 bytes=4152 kbd gsi=1 rte=0x0000000000000024 aux gsi=12 rte=0x0000000000000024
[kernel 144.504 cpu0] heartbeat: t=144.504s alive=8/8 mask=0xff ran=448 gap=0.251s
[kernel 144.504 cpu0] i8042: line status=0x1c irqs=4152 bytes=4152 kbd gsi=1 rte=0x0000000000000024 aux gsi=12 rte=0x0000000000000024
soundd: wakes=865 completions=723 submitted=723 underruns=13 drains=5 max_wake_lat_us=43647 max_batch=8 clients=1 deferred=0
[kernel 144.754 cpu0] heartbeat: t=144.754s alive=8/8 mask=0xff ran=382 gap=0.250s
[kernel 144.754 cpu0] i8042: line status=0x1c irqs=4155 bytes=4155 kbd gsi=1 rte=0x0000000000000024 aux gsi=12 rte=0x0000000000000024
compositor: frames=204 rects=206 damage_px=392601696 damage_px_max=2073600 composite_us_min=14 composite_us_max=6847 composite_us_total=1106513 scanout_wr_bytes=1570406784 scanout_blits=206 back_rd_bytes=175657652 cursor=201 windows=3
[kernel 145.005 cpu0] heartbeat: t=145.005s alive=8/8 mask=0xff ran=207 gap=0.250s
[kernel 145.005 cpu0] i8042: line status=0x1c irqs=4158 bytes=4158 kbd gsi=1 rte=0x0000000000000024 aux gsi=12 rte=0x0000000000000024
[kernel 145.256 cpu0] heartbeat: t=145.256s alive=8/8 mask=0xff ran=238 gap=0.250s
[kernel 145.256 cpu0] i8042: line status=0x1c irqs=4160 bytes=4160 kbd gsi=1 rte=0x0000000000000024 aux gsi=12 rte=0x0000000000000024
[kernel 145.506 cpu2] heartbeat: t=145.506s alive=8/8 mask=0xff ran=283 gap=0.250s
[kernel 145.506 cpu2] i8042: line status=0x1c irqs=4164 bytes=4164 kbd gsi=1 rte=0x0000000000000024 aux gsi=12 rte=0x0000000000000024
[kernel 145.756 cpu0] heartbeat: t=145.756s alive=8/8 mask=0xff ran=430 gap=0.250s
[kernel 145.756 cpu0] i8042: line status=0x1c irqs=4166 bytes=4166 kbd gsi=1 rte=0x0000000000000024 aux gsi=12 rte=0x0000000000000024
[kernel 146.008 cpu0] heartbeat: t=146.008s alive=8/8 mask=0xff ran=266 gap=0.251s
[kernel 146.008 cpu0] i8042: line status=0x1c irqs=4168 bytes=4168 kbd gsi=1 rte=0x0000000000000024 aux gsi=12 rte=0x0000000000000024
[kernel 146.258 cpu0] heartbeat: t=146.258s alive=8/8 mask=0xff ran=268 gap=0.250s
[kernel 146.258 cpu0] i8042: line status=0x1c irqs=4170 bytes=4170 kbd gsi=1 rte=0x0000000000000024 aux gsi=12 rte=0x0000000000000024
[kernel 146.509 cpu0] heartbeat: t=146.509s alive=8/8 mask=0xff ran=273 gap=0.250s
[kernel 146.509 cpu0] i8042: line status=0x1c irqs=4172 bytes=4172 kbd gsi=1 rte=0x0000000000000024 aux gsi=12 rte=0x0000000000000024
soundd: wakes=704 completions=674 submitted=674 underruns=0 drains=8 max_wake_lat_us=64647 max_batch=8 clients=1 deferred=0
[kernel 146.760 cpu0] heartbeat: t=146.760s alive=8/8 mask=0xff ran=250 gap=0.251s
[kernel 146.760 cpu0] i8042: line status=0x1c irqs=4174 bytes=4174 kbd gsi=1 rte=0x0000000000000024 aux gsi=12 rte=0x0000000000000024
compositor: frames=208 rects=209 damage_px=404312488 damage_px_max=2073600 composite_us_min=80 composite_us_max=6021 composite_us_total=1130695 scanout_wr_bytes=1617249952 scanout_blits=209 back_rd_bytes=180876020 cursor=207 windows=3
[kernel 147.010 cpu0] heartbeat: t=147.010s alive=8/8 mask=0xff ran=256 gap=0.250s
[kernel 147.010 cpu0] i8042: line status=0x1c irqs=4176 bytes=4176 kbd gsi=1 rte=0x0000000000000024 aux gsi=12 rte=0x0000000000000024
[kernel 147.261 cpu3] heartbeat: t=147.261s alive=8/8 mask=0xff ran=291 gap=0.250s
[kernel 147.261 cpu3] i8042: line status=0x1c irqs=4178 bytes=4178 kbd gsi=1 rte=0x0000000000000024 aux gsi=12 rte=0x0000000000000024
[kernel 147.511 cpu0] heartbeat: t=147.511s alive=8/8 mask=0xff ran=426 gap=0.250s
[kernel 147.511 cpu0] i8042: line status=0x1c irqs=4182 bytes=4182 kbd gsi=1 rte=0x0000000000000024 aux gsi=12 rte=0x0000000000000024
[kernel 147.761 cpu2] heartbeat: t=147.761s alive=8/8 mask=0xff ran=450 gap=0.250s
[kernel 147.761 cpu2] i8042: line status=0x1c irqs=4182 bytes=4182 kbd gsi=1 rte=0x0000000000000024 aux gsi=12 rte=0x0000000000000024
[kernel 148.013 cpu0] heartbeat: t=148.013s alive=8/8 mask=0xff ran=383 gap=0.251s
[kernel 148.013 cpu0] i8042: line status=0x1c irqs=4186 bytes=4186 kbd gsi=1 rte=0x0000000000000024 aux gsi=12 rte=0x0000000000000024
[kernel 148.264 cpu0] heartbeat: t=148.264s alive=8/8 mask=0xff ran=379 gap=0.250s
[kernel 148.264 cpu0] i8042: line status=0x1c irqs=4186 bytes=4186 kbd gsi=1 rte=0x0000000000000024 aux gsi=12 rte=0x0000000000000024
[kernel 148.514 cpu0] heartbeat: t=148.514s alive=8/8 mask=0xff ran=388 gap=0.250s
[kernel 148.514 cpu0] i8042: line status=0x1c irqs=4186 bytes=4186 kbd gsi=1 rte=0x0000000000000024 aux gsi=12 rte=0x0000000000000024
soundd: wakes=926 completions=743 submitted=743 underruns=0 drains=3 max_wake_lat_us=34479 max_batch=8 clients=1 deferred=0
[kernel 148.765 cpu0] heartbeat: t=148.765s alive=8/8 mask=0xff ran=249 gap=0.250s
[kernel 148.765 cpu0] i8042: line status=0x1c irqs=4186 bytes=4186 kbd gsi=1 rte=0x0000000000000024 aux gsi=12 rte=0x0000000000000024
compositor: frames=208 rects=210 damage_px=406143936 damage_px_max=1961996 composite_us_min=4918 composite_us_max=6071 composite_us_total=1141442 scanout_wr_bytes=1624575744 scanout_blits=210 back_rd_bytes=180981552 cursor=208 windows=3
[kernel 149.016 cpu2] heartbeat: t=149.016s alive=8/8 mask=0xff ran=212 gap=0.250s
[kernel 149.016 cpu2] i8042: line status=0x1c irqs=4192 bytes=4192 kbd gsi=1 rte=0x0000000000000024 aux gsi=12 rte=0x0000000000000024
[kernel 149.267 cpu2] heartbeat: t=149.267s alive=8/8 mask=0xff ran=221 gap=0.250s
[kernel 149.267 cpu2] i8042: line status=0x1c irqs=4192 bytes=4192 kbd gsi=1 rte=0x0000000000000024 aux gsi=12 rte=0x0000000000000024
[kernel 149.517 cpu0] heartbeat: t=149.517s alive=8/8 mask=0xff ran=265 gap=0.250s
[kernel 149.517 cpu0] i8042: line status=0x1c irqs=4194 bytes=4194 kbd gsi=1 rte=0x0000000000000024 aux gsi=12 rte=0x0000000000000024
[kernel 149.768 cpu0] heartbeat: t=149.768s alive=8/8 mask=0xff ran=251 gap=0.250s
[kernel 149.768 cpu0] i8042: line status=0x1c irqs=4198 bytes=4198 kbd gsi=1 rte=0x0000000000000024 aux gsi=12 rte=0x0000000000000024
[kernel 150.018 cpu2] heartbeat: t=150.018s alive=8/8 mask=0xff ran=282 gap=0.250s
[kernel 150.018 cpu2] i8042: line status=0x1c irqs=4202 bytes=4202 kbd gsi=1 rte=0x0000000000000024 aux gsi=12 rte=0x0000000000000024
[kernel 150.268 cpu2] heartbeat: t=150.268s alive=8/8 mask=0xff ran=422 gap=0.250s
[kernel 150.268 cpu2] i8042: line status=0x1c irqs=4206 bytes=4206 kbd gsi=1 rte=0x0000000000000024 aux gsi=12 rte=0x0000000000000024
[kernel 150.519 cpu3] heartbeat: t=150.519s alive=8/8 mask=0xff ran=450 gap=0.250s
[kernel 150.519 cpu3] i8042: line status=0x1c irqs=4210 bytes=4210 kbd gsi=1 rte=0x0000000000000024 aux gsi=12 rte=0x0000000000000024
soundd: wakes=757 completions=681 submitted=681 underruns=3 drains=7 max_wake_lat_us=51596 max_batch=8 clients=1 deferred=0
[kernel 150.770 cpu0] heartbeat: t=150.770s alive=8/8 mask=0xff ran=275 gap=0.251s
[kernel 150.770 cpu0] i8042: line status=0x1c irqs=4214 bytes=4214 kbd gsi=1 rte=0x0000000000000024 aux gsi=12 rte=0x0000000000000024
compositor: frames=199 rects=201 damage_px=388571220 damage_px_max=1961996 composite_us_min=4946 composite_us_max=6757 composite_us_total=1095179 scanout_wr_bytes=1554284880 scanout_blits=201 back_rd_bytes=173154000 cursor=199 windows=3
[kernel 151.021 cpu0] heartbeat: t=151.021s alive=8/8 mask=0xff ran=263 gap=0.250s
[kernel 151.021 cpu0] i8042: line status=0x1c irqs=4214 bytes=4214 kbd gsi=1 rte=0x0000000000000024 aux gsi=12 rte=0x0000000000000024
[kernel 151.247 cpu3] PMM: 328/15962MB used (7817 pages free)
[kernel 151.247 cpu3]   kernel-heap  alloc=     6 free=     0 held=     6 (12MB) rate=0/s
[kernel 151.247 cpu3]   demand-page  alloc=    23 free=    13 held=    10 (20MB) rate=0/s
[kernel 151.247 cpu3]   mmap         alloc=    87 free=    32 held=    55 (110MB) rate=0/s
[kernel 151.247 cpu3]   shared-mem   alloc=    32 free=    11 held=    21 (42MB) rate=0/s
[kernel 151.247 cpu3]   pipe         alloc=    42 free=    27 held=    15 (30MB) rate=0/s
[kernel 151.247 cpu3]   elf          alloc=    21 free=    13 held=     8 (16MB) rate=0/s
[kernel 151.247 cpu3]   dma          alloc=     6 free=     0 held=     6 (12MB) rate=0/s
[kernel 151.247 cpu3]   framebuffer  alloc=     1 free=     0 held=     1 (2MB) rate=0/s
[kernel 151.247 cpu3]   stack        alloc=    84 free=    52 held=    32 (64MB) rate=0/s
[kernel 151.247 cpu3]   init-tls     alloc=    32 free=    22 held=    10 (20MB) rate=0/s
[kernel 151.272 cpu0] heartbeat: t=151.272s alive=8/8 mask=0xff ran=274 gap=0.250s
[kernel 151.272 cpu0] i8042: line status=0x1c irqs=4216 bytes=4216 kbd gsi=1 rte=0x0000000000000024 aux gsi=12 rte=0x0000000000000024
[kernel 151.315 cpu0] sched: cpu=0 ready=0 parked=1 current=None
[kernel 151.522 cpu0] heartbeat: t=151.522s alive=8/8 mask=0xff ran=434 gap=0.250s
[kernel 151.522 cpu0] i8042: line status=0x1c irqs=4222 bytes=4222 kbd gsi=1 rte=0x0000000000000024 aux gsi=12 rte=0x0000000000000024
[kernel 151.605 cpu3] sched: cpu=3 ready=0 parked=3 current=None
[kernel 151.773 cpu0] heartbeat: t=151.773s alive=8/8 mask=0xff ran=217 gap=0.251s
[kernel 151.773 cpu0] i8042: line status=0x1c irqs=4226 bytes=4226 kbd gsi=1 rte=0x0000000000000024 aux gsi=12 rte=0x0000000000000024
[kernel 151.779 cpu2] sched: cpu=2 ready=0 parked=1 current=None
[kernel 151.804 cpu1] sched: cpu=1 ready=0 parked=0 current=None
[kernel 151.805 cpu4] sched: cpu=4 ready=0 parked=2 current=None
[kernel 151.824 cpu5] sched: cpu=5 ready=0 parked=2 current=None
[kernel 151.952 cpu6] sched: cpu=6 ready=0 parked=1 current=None
[kernel 152.024 cpu0] heartbeat: t=152.024s alive=8/8 mask=0xff ran=262 gap=0.251s
[kernel 152.024 cpu0] i8042: line status=0x1c irqs=4226 bytes=4226 kbd gsi=1 rte=0x0000000000000024 aux gsi=12 rte=0x0000000000000024
[kernel 152.126 cpu7] sched: cpu=7 ready=0 parked=0 current=None
[kernel 152.274 cpu0] heartbeat: t=152.274s alive=8/8 mask=0xff ran=254 gap=0.250s
[kernel 152.274 cpu0] i8042: line status=0x1c irqs=4228 bytes=4228 kbd gsi=1 rte=0x0000000000000024 aux gsi=12 rte=0x0000000000000024
[kernel 152.525 cpu2] heartbeat: t=152.525s alive=8/8 mask=0xff ran=265 gap=0.250s
[kernel 152.525 cpu2] i8042: line status=0x1c irqs=4230 bytes=4230 kbd gsi=1 rte=0x0000000000000024 aux gsi=12 rte=0x0000000000000024
soundd: wakes=693 completions=694 submitted=694 underruns=12 drains=8 max_wake_lat_us=59252 max_batch=8 clients=1 deferred=0
[kernel 152.776 cpu0] heartbeat: t=152.776s alive=8/8 mask=0xff ran=247 gap=0.250s
[kernel 152.776 cpu0] i8042: line status=0x1c irqs=4230 bytes=4230 kbd gsi=1 rte=0x0000000000000024 aux gsi=12 rte=0x0000000000000024
compositor: frames=197 rects=199 damage_px=384666172 damage_px_max=1961996 composite_us_min=4916 composite_us_max=6840 composite_us_total=1093477 scanout_wr_bytes=1538664688 scanout_blits=199 back_rd_bytes=171414544 cursor=197 windows=3
[kernel 153.027 cpu0] heartbeat: t=153.027s alive=8/8 mask=0xff ran=258 gap=0.250s
[kernel 153.027 cpu0] i8042: line status=0x1c irqs=4236 bytes=4236 kbd gsi=1 rte=0x0000000000000024 aux gsi=12 rte=0x0000000000000024
[kernel 153.277 cpu0] heartbeat: t=153.277s alive=8/8 mask=0xff ran=292 gap=0.250s
[kernel 153.277 cpu0] i8042: line status=0x1c irqs=4236 bytes=4236 kbd gsi=1 rte=0x0000000000000024 aux gsi=12 rte=0x0000000000000024
[kernel 153.528 cpu0] heartbeat: t=153.528s alive=8/8 mask=0xff ran=273 gap=0.250s
[kernel 153.528 cpu0] i8042: line status=0x1c irqs=4239 bytes=4239 kbd gsi=1 rte=0x0000000000000024 aux gsi=12 rte=0x0000000000000024
[kernel 153.726 cpu2] i8042: 4240 interrupts, 4240 bytes, 384 keys, 1216 motion, 26 undecoded, 0 discarded, 0 overruns, 0 dropped, 0 lost edges — last byte at 153613ms
[kernel 153.778 cpu0] heartbeat: t=153.778s alive=8/8 mask=0xff ran=275 gap=0.250s
[kernel 153.778 cpu0] i8042: line status=0x1c irqs=4242 bytes=4242 kbd gsi=1 rte=0x0000000000000024 aux gsi=12 rte=0x0000000000000024
[kernel 154.029 cpu0] heartbeat: t=154.029s alive=8/8 mask=0xff ran=278 gap=0.251s
[kernel 154.029 cpu0] i8042: line status=0x1c irqs=4244 bytes=4244 kbd gsi=1 rte=0x0000000000000024 aux gsi=12 rte=0x0000000000000024
[kernel 154.280 cpu0] heartbeat: t=154.280s alive=8/8 mask=0xff ran=424 gap=0.250s
[kernel 154.280 cpu0] i8042: line status=0x1c irqs=4244 bytes=4244 kbd gsi=1 rte=0x0000000000000024 aux gsi=12 rte=0x0000000000000024
[kernel 154.530 cpu2] heartbeat: t=154.530s alive=8/8 mask=0xff ran=453 gap=0.250s
[kernel 154.530 cpu2] i8042: line status=0x1c irqs=4250 bytes=4250 kbd gsi=1 rte=0x0000000000000024 aux gsi=12 rte=0x0000000000000024
soundd: wakes=819 completions=738 submitted=738 underruns=13 drains=5 max_wake_lat_us=30127 max_batch=8 clients=1 deferred=0
[kernel 154.781 cpu0] heartbeat: t=154.781s alive=8/8 mask=0xff ran=384 gap=0.251s
[kernel 154.781 cpu0] i8042: line status=0x1c irqs=4253 bytes=4253 kbd gsi=1 rte=0x0000000000000024 aux gsi=12 rte=0x0000000000000024
compositor: frames=209 rects=210 damage_px=406143936 damage_px_max=1961996 composite_us_min=94 composite_us_max=6156 composite_us_total=1143563 scanout_wr_bytes=1624575744 scanout_blits=210 back_rd_bytes=180981552 cursor=208 windows=3
[kernel 155.032 cpu0] heartbeat: t=155.032s alive=8/8 mask=0xff ran=214 gap=0.250s
[kernel 155.032 cpu0] i8042: line status=0x1c irqs=4254 bytes=4254 kbd gsi=1 rte=0x0000000000000024 aux gsi=12 rte=0x0000000000000024
[kernel 155.283 cpu0] heartbeat: t=155.283s alive=8/8 mask=0xff ran=261 gap=0.250s
[kernel 155.283 cpu0] i8042: line status=0x1c irqs=4254 bytes=4254 kbd gsi=1 rte=0x0000000000000024 aux gsi=12 rte=0x0000000000000024
[kernel 155.533 cpu0] heartbeat: t=155.533s alive=8/8 mask=0xff ran=249 gap=0.250s
[kernel 155.533 cpu0] i8042: line status=0x1c irqs=4261 bytes=4261 kbd gsi=1 rte=0x0000000000000024 aux gsi=12 rte=0x0000000000000024
[kernel 155.784 cpu2] heartbeat: t=155.784s alive=8/8 mask=0xff ran=273 gap=0.250s
[kernel 155.784 cpu2] i8042: line status=0x1c irqs=4266 bytes=4266 kbd gsi=1 rte=0x0000000000000024 aux gsi=12 rte=0x0000000000000024
[kernel 156.035 cpu0] heartbeat: t=156.035s alive=8/8 mask=0xff ran=258 gap=0.251s
[kernel 156.035 cpu0] i8042: line status=0x1c irqs=4271 bytes=4271 kbd gsi=1 rte=0x0000000000000024 aux gsi=12 rte=0x0000000000000024
[kernel 156.285 cpu0] heartbeat: t=156.285s alive=8/8 mask=0xff ran=252 gap=0.250s
[kernel 156.285 cpu0] i8042: line status=0x1c irqs=4274 bytes=4274 kbd gsi=1 rte=0x0000000000000024 aux gsi=12 rte=0x0000000000000024
[kernel 156.535 cpu0] heartbeat: t=156.535s alive=8/8 mask=0xff ran=273 gap=0.250s
[kernel 156.535 cpu0] i8042: line status=0x1c irqs=4279 bytes=4279 kbd gsi=1 rte=0x0000000000000024 aux gsi=12 rte=0x0000000000000024
soundd: wakes=650 completions=673 submitted=673 underruns=11 drains=8 max_wake_lat_us=59347 max_batch=8 clients=1 deferred=0
[kernel 156.786 cpu3] heartbeat: t=156.786s alive=8/8 mask=0xff ran=252 gap=0.250s
[kernel 156.786 cpu3] i8042: line status=0x1c irqs=4280 bytes=4280 kbd gsi=1 rte=0x0000000000000024 aux gsi=12 rte=0x0000000000000024
compositor: frames=203 rects=205 damage_px=396381316 damage_px_max=1961996 composite_us_min=4950 composite_us_max=6194 composite_us_total=1118181 scanout_wr_bytes=1585525264 scanout_blits=205 back_rd_bytes=176632912 cursor=203 windows=3
[kernel 157.036 cpu0] heartbeat: t=157.036s alive=8/8 mask=0xff ran=383 gap=0.250s
[kernel 157.036 cpu0] i8042: line status=0x1c irqs=4285 bytes=4285 kbd gsi=1 rte=0x0000000000000024 aux gsi=12 rte=0x0000000000000024
[kernel 157.288 cpu0] heartbeat: t=157.288s alive=8/8 mask=0xff ran=291 gap=0.251s
[kernel 157.288 cpu0] i8042: line status=0x1c irqs=4290 bytes=4290 kbd gsi=1 rte=0x0000000000000024 aux gsi=12 rte=0x0000000000000024
[kernel 157.538 cpu0] heartbeat: t=157.538s alive=8/8 mask=0xff ran=428 gap=0.250s
[kernel 157.538 cpu0] i8042: line status=0x1c irqs=4295 bytes=4295 kbd gsi=1 rte=0x0000000000000024 aux gsi=12 rte=0x0000000000000024
[kernel 157.788 cpu2] heartbeat: t=157.788s alive=8/8 mask=0xff ran=284 gap=0.250s
[kernel 157.788 cpu2] i8042: line status=0x1c irqs=4298 bytes=4298 kbd gsi=1 rte=0x0000000000000024 aux gsi=12 rte=0x0000000000000024
[kernel 158.038 cpu2] heartbeat: t=158.038s alive=8/8 mask=0xff ran=437 gap=0.250s
[kernel 158.038 cpu2] i8042: line status=0x1c irqs=4301 bytes=4301 kbd gsi=1 rte=0x0000000000000024 aux gsi=12 rte=0x0000000000000024
[kernel 158.289 cpu3] heartbeat: t=158.289s alive=8/8 mask=0xff ran=458 gap=0.250s
[kernel 158.289 cpu3] i8042: line status=0x1c irqs=4304 bytes=4304 kbd gsi=1 rte=0x0000000000000024 aux gsi=12 rte=0x0000000000000024
[kernel 158.541 cpu0] heartbeat: t=158.541s alive=8/8 mask=0xff ran=390 gap=0.252s
[kernel 158.541 cpu0] i8042: line status=0x1c irqs=4307 bytes=4307 kbd gsi=1 rte=0x0000000000000024 aux gsi=12 rte=0x0000000000000024
soundd: wakes=977 completions=744 submitted=744 underruns=6 drains=3 max_wake_lat_us=33505 max_batch=8 clients=1 deferred=0
[kernel 158.791 cpu2] heartbeat: t=158.791s alive=8/8 mask=0xff ran=385 gap=0.250s
[kernel 158.791 cpu2] i8042: line status=0x1c irqs=4310 bytes=4310 kbd gsi=1 rte=0x0000000000000024 aux gsi=12 rte=0x0000000000000024
compositor: frames=202 rects=204 damage_px=394428792 damage_px_max=1961996 composite_us_min=4964 composite_us_max=6328 composite_us_total=1114897 scanout_wr_bytes=1577715168 scanout_blits=204 back_rd_bytes=175763184 cursor=202 windows=3
[kernel 159.042 cpu2] heartbeat: t=159.042s alive=8/8 mask=0xff ran=238 gap=0.250s
[kernel 159.042 cpu2] i8042: line status=0x1c irqs=4314 bytes=4314 kbd gsi=1 rte=0x0000000000000024 aux gsi=12 rte=0x0000000000000024
[kernel 159.293 cpu0] heartbeat: t=159.293s alive=8/8 mask=0xff ran=259 gap=0.251s
[kernel 159.293 cpu0] i8042: line status=0x1c irqs=4317 bytes=4317 kbd gsi=1 rte=0x0000000000000024 aux gsi=12 rte=0x0000000000000024
[kernel 159.544 cpu0] heartbeat: t=159.544s alive=8/8 mask=0xff ran=261 gap=0.250s
[kernel 159.544 cpu0] i8042: line status=0x1c irqs=4320 bytes=4320 kbd gsi=1 rte=0x0000000000000024 aux gsi=12 rte=0x0000000000000024
[kernel 159.794 cpu0] heartbeat: t=159.794s alive=8/8 mask=0xff ran=281 gap=0.250s
[kernel 159.794 cpu0] i8042: line status=0x1c irqs=4322 bytes=4322 kbd gsi=1 rte=0x0000000000000024 aux gsi=12 rte=0x0000000000000024
[kernel 160.045 cpu0] heartbeat: t=160.045s alive=8/8 mask=0xff ran=259 gap=0.250s
[kernel 160.045 cpu0] i8042: line status=0x1c irqs=4322 bytes=4322 kbd gsi=1 rte=0x0000000000000024 aux gsi=12 rte=0x0000000000000024
[kernel 160.296 cpu0] heartbeat: t=160.296s alive=8/8 mask=0xff ran=265 gap=0.250s
[kernel 160.296 cpu0] i8042: line status=0x1c irqs=4324 bytes=4324 kbd gsi=1 rte=0x0000000000000024 aux gsi=12 rte=0x0000000000000024
[kernel 160.546 cpu3] heartbeat: t=160.546s alive=8/8 mask=0xff ran=279 gap=0.250s
[kernel 160.546 cpu3] i8042: line status=0x1c irqs=4330 bytes=4330 kbd gsi=1 rte=0x0000000000000024 aux gsi=12 rte=0x0000000000000024
soundd: wakes=673 completions=687 submitted=687 underruns=3 drains=7 max_wake_lat_us=51650 max_batch=8 clients=1 deferred=0
[kernel 160.797 cpu0] heartbeat: t=160.797s alive=8/8 mask=0xff ran=254 gap=0.250s
[kernel 160.797 cpu0] i8042: line status=0x1c irqs=4332 bytes=4332 kbd gsi=1 rte=0x0000000000000024 aux gsi=12 rte=0x0000000000000024
compositor: frames=208 rects=210 damage_px=406143936 damage_px_max=1961996 composite_us_min=4924 composite_us_max=6946 composite_us_total=1150975 scanout_wr_bytes=1624575744 scanout_blits=210 back_rd_bytes=180981552 cursor=208 windows=3
[kernel 161.047 cpu2] heartbeat: t=161.047s alive=8/8 mask=0xff ran=269 gap=0.250s
[kernel 161.047 cpu2] i8042: line status=0x1c irqs=4337 bytes=4337 kbd gsi=1 rte=0x0000000000000024 aux gsi=12 rte=0x0000000000000024
[kernel 161.248 cpu0] PMM: 328/15962MB used (7817 pages free)
[kernel 161.248 cpu0]   kernel-heap  alloc=     6 free=     0 held=     6 (12MB) rate=0/s
[kernel 161.248 cpu0]   demand-page  alloc=    23 free=    13 held=    10 (20MB) rate=0/s
[kernel 161.248 cpu0]   mmap         alloc=    87 free=    32 held=    55 (110MB) rate=0/s
[kernel 161.248 cpu0]   shared-mem   alloc=    32 free=    11 held=    21 (42MB) rate=0/s
[kernel 161.248 cpu0]   pipe         alloc=    42 free=    27 held=    15 (30MB) rate=0/s
[kernel 161.248 cpu0]   elf          alloc=    21 free=    13 held=     8 (16MB) rate=0/s
[kernel 161.248 cpu0]   dma          alloc=     6 free=     0 held=     6 (12MB) rate=0/s
[kernel 161.248 cpu0]   framebuffer  alloc=     1 free=     0 held=     1 (2MB) rate=0/s
[kernel 161.248 cpu0]   stack        alloc=    84 free=    52 held=    32 (64MB) rate=0/s
[kernel 161.248 cpu0]   init-tls     alloc=    32 free=    22 held=    10 (20MB) rate=0/s
[kernel 161.298 cpu0] heartbeat: t=161.298s alive=8/8 mask=0xff ran=243 gap=0.250s
[kernel 161.298 cpu0] i8042: line status=0x1c irqs=4339 bytes=4339 kbd gsi=1 rte=0x0000000000000024 aux gsi=12 rte=0x0000000000000024
[kernel 161.317 cpu0] sched: cpu=0 ready=0 parked=1 current=None
[kernel 161.548 cpu0] heartbeat: t=161.548s alive=8/8 mask=0xff ran=403 gap=0.250s
[kernel 161.548 cpu0] i8042: line status=0x1c irqs=4342 bytes=4342 kbd gsi=1 rte=0x0000000000000024 aux gsi=12 rte=0x0000000000000024
[kernel 161.606 cpu3] sched: cpu=3 ready=0 parked=3 current=None
[kernel 161.780 cpu2] sched: cpu=2 ready=0 parked=1 current=None
[kernel 161.798 cpu0] heartbeat: t=161.798s alive=8/8 mask=0xff ran=192 gap=0.250s
[kernel 161.798 cpu0] i8042: line status=0x1c irqs=4342 bytes=4342 kbd gsi=1 rte=0x0000000000000024 aux gsi=12 rte=0x0000000000000024
[kernel 161.832 cpu4] sched: cpu=4 ready=0 parked=2 current=None
[kernel 161.895 cpu1] sched: cpu=1 ready=0 parked=0 current=None
[kernel 161.895 cpu5] sched: cpu=5 ready=0 parked=2 current=None
[kernel 161.995 cpu6] sched: cpu=6 ready=0 parked=1 current=None
[kernel 162.049 cpu3] heartbeat: t=162.049s alive=8/8 mask=0xff ran=364 gap=0.250s
[kernel 162.049 cpu3] i8042: line status=0x1c irqs=4348 bytes=4348 kbd gsi=1 rte=0x0000000000000024 aux gsi=12 rte=0x0000000000000024
[kernel 162.146 cpu7] sched: cpu=7 ready=0 parked=0 current=None
[kernel 162.299 cpu2] heartbeat: t=162.299s alive=8/8 mask=0xff ran=470 gap=0.250s
[kernel 162.299 cpu2] i8042: line status=0x1c irqs=4354 bytes=4354 kbd gsi=1 rte=0x0000000000000024 aux gsi=12 rte=0x0000000000000024
[kernel 162.551 cpu0] heartbeat: t=162.551s alive=8/8 mask=0xff ran=365 gap=0.252s
[kernel 162.551 cpu0] i8042: line status=0x1c irqs=4360 bytes=4360 kbd gsi=1 rte=0x0000000000000024 aux gsi=12 rte=0x0000000000000024
soundd: wakes=848 completions=711 submitted=711 underruns=13 drains=6 max_wake_lat_us=80133 max_batch=8 clients=1 deferred=0
[kernel 162.802 cpu0] heartbeat: t=162.802s alive=8/8 mask=0xff ran=206 gap=0.250s
[kernel 162.802 cpu0] i8042: line status=0x1c irqs=4362 bytes=4362 kbd gsi=1 rte=0x0000000000000024 aux gsi=12 rte=0x0000000000000024
compositor: frames=192 rects=194 damage_px=374903552 damage_px_max=1961996 composite_us_min=4939 composite_us_max=6912 composite_us_total=1063284 scanout_wr_bytes=1499614208 scanout_blits=194 back_rd_bytes=167065904 cursor=192 windows=3
[kernel 163.053 cpu0] heartbeat: t=163.053s alive=8/8 mask=0xff ran=258 gap=0.250s
[kernel 163.053 cpu0] i8042: line status=0x1c irqs=4362 bytes=4362 kbd gsi=1 rte=0x0000000000000024 aux gsi=12 rte=0x0000000000000024
[kernel 163.303 cpu2] heartbeat: t=163.303s alive=8/8 mask=0xff ran=290 gap=0.250s
[kernel 163.303 cpu2] i8042: line status=0x1c irqs=4364 bytes=4364 kbd gsi=1 rte=0x0000000000000024 aux gsi=12 rte=0x0000000000000024
[kernel 163.553 cpu2] heartbeat: t=163.553s alive=8/8 mask=0xff ran=436 gap=0.250s
[kernel 163.553 cpu2] i8042: line status=0x1c irqs=4364 bytes=4364 kbd gsi=1 rte=0x0000000000000024 aux gsi=12 rte=0x0000000000000024
[kernel 163.727 cpu2] i8042: 4370 interrupts, 4370 bytes, 469 keys, 1216 motion, 46 undecoded, 0 discarded, 0 overruns, 0 dropped, 0 lost edges — last byte at 163654ms
[kernel 163.805 cpu0] heartbeat: t=163.805s alive=8/8 mask=0xff ran=439 gap=0.251s
[kernel 163.805 cpu0] i8042: line status=0x1c irqs=4370 bytes=4370 kbd gsi=1 rte=0x0000000000000024 aux gsi=12 rte=0x0000000000000024
[kernel 164.055 cpu0] heartbeat: t=164.055s alive=8/8 mask=0xff ran=278 gap=0.250s
[kernel 164.055 cpu0] i8042: line status=0x1c irqs=4370 bytes=4370 kbd gsi=1 rte=0x0000000000000024 aux gsi=12 rte=0x0000000000000024
[kernel 164.306 cpu0] heartbeat: t=164.306s alive=8/8 mask=0xff ran=435 gap=0.250s
[kernel 164.306 cpu0] i8042: line status=0x1c irqs=4374 bytes=4374 kbd gsi=1 rte=0x0000000000000024 aux gsi=12 rte=0x0000000000000024
[kernel 164.557 cpu0] heartbeat: t=164.557s alive=8/8 mask=0xff ran=447 gap=0.251s
[kernel 164.557 cpu0] i8042: line status=0x1c irqs=4380 bytes=4380 kbd gsi=1 rte=0x0000000000000024 aux gsi=12 rte=0x0000000000000024
soundd: wakes=955 completions=743 submitted=743 underruns=21 drains=3 max_wake_lat_us=26799 max_batch=8 clients=1 deferred=0
[kernel 164.808 cpu0] heartbeat: t=164.808s alive=8/8 mask=0xff ran=369 gap=0.250s
[kernel 164.808 cpu0] i8042: line status=0x1c irqs=4382 bytes=4382 kbd gsi=1 rte=0x0000000000000024 aux gsi=12 rte=0x0000000000000024
compositor: frames=206 rects=208 damage_px=402238888 damage_px_max=1961996 composite_us_min=4938 composite_us_max=6070 composite_us_total=1130899 scanout_wr_bytes=1608955552 scanout_blits=208 back_rd_bytes=179242096 cursor=206 windows=3
[kernel 165.058 cpu0] heartbeat: t=165.058s alive=8/8 mask=0xff ran=358 gap=0.250s
[kernel 165.058 cpu0] i8042: line status=0x1c irqs=4384 bytes=4384 kbd gsi=1 rte=0x0000000000000024 aux gsi=12 rte=0x0000000000000024
[kernel 165.309 cpu0] heartbeat: t=165.309s alive=8/8 mask=0xff ran=247 gap=0.250s
[kernel 165.309 cpu0] i8042: line status=0x1c irqs=4388 bytes=4388 kbd gsi=1 rte=0x0000000000000024 aux gsi=12 rte=0x0000000000000024
[kernel 165.559 cpu0] heartbeat: t=165.559s alive=8/8 mask=0xff ran=260 gap=0.250s
[kernel 165.559 cpu0] i8042: line status=0x1c irqs=4390 bytes=4390 kbd gsi=1 rte=0x0000000000000024 aux gsi=12 rte=0x0000000000000024
[kernel 165.810 cpu2] heartbeat: t=165.810s alive=8/8 mask=0xff ran=410 gap=0.250s
[kernel 165.810 cpu2] i8042: line status=0x1c irqs=4392 bytes=4392 kbd gsi=1 rte=0x0000000000000024 aux gsi=12 rte=0x0000000000000024
[kernel 166.061 cpu3] heartbeat: t=166.061s alive=8/8 mask=0xff ran=267 gap=0.251s
[kernel 166.061 cpu3] i8042: line status=0x1c irqs=4394 bytes=4394 kbd gsi=1 rte=0x0000000000000024 aux gsi=12 rte=0x0000000000000024
[kernel 166.312 cpu0] heartbeat: t=166.312s alive=8/8 mask=0xff ran=256 gap=0.250s
[kernel 166.312 cpu0] i8042: line status=0x1c irqs=4402 bytes=4402 kbd gsi=1 rte=0x0000000000000024 aux gsi=12 rte=0x0000000000000024
[kernel 166.562 cpu0] heartbeat: t=166.562s alive=8/8 mask=0xff ran=273 gap=0.250s
[kernel 166.562 cpu0] i8042: line status=0x1c irqs=4404 bytes=4404 kbd gsi=1 rte=0x0000000000000024 aux gsi=12 rte=0x0000000000000024
soundd: wakes=760 completions=690 submitted=690 underruns=17 drains=6 max_wake_lat_us=55111 max_batch=8 clients=1 deferred=0
[kernel 166.813 cpu0] heartbeat: t=166.813s alive=8/8 mask=0xff ran=214 gap=0.250s
[kernel 166.813 cpu0] i8042: line status=0x1c irqs=4404 bytes=4404 kbd gsi=1 rte=0x0000000000000024 aux gsi=12 rte=0x0000000000000024
compositor: frames=196 rects=198 damage_px=382713648 damage_px_max=1961996 composite_us_min=4897 composite_us_max=6908 composite_us_total=1089666 scanout_wr_bytes=1530854592 scanout_blits=198 back_rd_bytes=170544816 cursor=196 windows=3
[kernel 167.063 cpu0] heartbeat: t=167.063s alive=8/8 mask=0xff ran=252 gap=0.250s
[kernel 167.063 cpu0] i8042: line status=0x1c irqs=4412 bytes=4412 kbd gsi=1 rte=0x0000000000000024 aux gsi=12 rte=0x0000000000000024
[kernel 167.314 cpu0] heartbeat: t=167.314s alive=8/8 mask=0xff ran=274 gap=0.251s
[kernel 167.314 cpu0] i8042: line status=0x1c irqs=4414 bytes=4414 kbd gsi=1 rte=0x0000000000000024 aux gsi=12 rte=0x0000000000000024
[kernel 167.565 cpu0] heartbeat: t=167.565s alive=8/8 mask=0xff ran=291 gap=0.250s
[kernel 167.565 cpu0] i8042: line status=0x1c irqs=4416 bytes=4416 kbd gsi=1 rte=0x0000000000000024 aux gsi=12 rte=0x0000000000000024
[kernel 167.815 cpu0] heartbeat: t=167.815s alive=8/8 mask=0xff ran=277 gap=0.250s
[kernel 167.815 cpu0] i8042: line status=0x1c irqs=4418 bytes=4418 kbd gsi=1 rte=0x0000000000000024 aux gsi=12 rte=0x0000000000000024
[kernel 168.066 cpu0] heartbeat: t=168.066s alive=8/8 mask=0xff ran=420 gap=0.250s
[kernel 168.066 cpu0] i8042: line status=0x1c irqs=4420 bytes=4420 kbd gsi=1 rte=0x0000000000000024 aux gsi=12 rte=0x0000000000000024
[kernel 168.317 cpu0] heartbeat: t=168.317s alive=8/8 mask=0xff ran=460 gap=0.251s
[kernel 168.317 cpu0] i8042: line status=0x1c irqs=4422 bytes=4422 kbd gsi=1 rte=0x0000000000000024 aux gsi=12 rte=0x0000000000000024
[kernel 168.568 cpu0] heartbeat: t=168.568s alive=8/8 mask=0xff ran=412 gap=0.250s
[kernel 168.568 cpu0] i8042: line status=0x1c irqs=4422 bytes=4422 kbd gsi=1 rte=0x0000000000000024 aux gsi=12 rte=0x0000000000000024
soundd: wakes=842 completions=736 submitted=736 underruns=10 drains=5 max_wake_lat_us=33303 max_batch=8 clients=1 deferred=0
[kernel 168.818 cpu2] heartbeat: t=168.818s alive=8/8 mask=0xff ran=424 gap=0.250s
[kernel 168.818 cpu2] i8042: line status=0x1c irqs=4422 bytes=4422 kbd gsi=1 rte=0x0000000000000024 aux gsi=12 rte=0x0000000000000024
[kernel 169.068 cpu2] heartbeat: t=169.068s alive=8/8 mask=0xff ran=418 gap=0.250s
[kernel 169.068 cpu2] i8042: line status=0x1c irqs=4422 bytes=4422 kbd gsi=1 rte=0x0000000000000024 aux gsi=12 rte=0x0000000000000024
compositor: frames=136 rects=139 damage_px=265571680 damage_px_max=1961996 composite_us_min=4944 composite_us_max=6025 composite_us_total=744668 scanout_wr_bytes=1062286720 scanout_blits=139 back_rd_bytes=118400200 cursor=136 windows=3
[kernel 169.318 cpu3] heartbeat: t=169.318s alive=8/8 mask=0xff ran=246 gap=0.250s
[kernel 169.318 cpu3] i8042: line status=0x1c irqs=4422 bytes=4422 kbd gsi=1 rte=0x0000000000000024 aux gsi=12 rte=0x0000000000000024
[kernel 169.570 cpu0] heartbeat: t=169.570s alive=8/8 mask=0xff ran=314 gap=0.252s
[kernel 169.570 cpu0] i8042: line status=0x1c irqs=4422 bytes=4422 kbd gsi=1 rte=0x0000000000000024 aux gsi=12 rte=0x0000000000000024
[kernel 169.821 cpu0] heartbeat: t=169.821s alive=8/8 mask=0xff ran=268 gap=0.251s
[kernel 169.821 cpu0] i8042: line status=0x1c irqs=4422 bytes=4422 kbd gsi=1 rte=0x0000000000000024 aux gsi=12 rte=0x0000000000000024
[kernel 170.071 cpu0] heartbeat: t=170.071s alive=8/8 mask=0xff ran=256 gap=0.250s
[kernel 170.071 cpu0] i8042: line status=0x1c irqs=4426 bytes=4426 kbd gsi=1 rte=0x0000000000000024 aux gsi=12 rte=0x0000000000000024
[kernel 170.323 cpu0] heartbeat: t=170.323s alive=8/8 mask=0xff ran=267 gap=0.251s
[kernel 170.323 cpu0] i8042: line status=0x1c irqs=4426 bytes=4426 kbd gsi=1 rte=0x0000000000000024 aux gsi=12 rte=0x0000000000000024
[kernel 170.573 cpu0] heartbeat: t=170.573s alive=8/8 mask=0xff ran=269 gap=0.250s
[kernel 170.573 cpu0] i8042: line status=0x1c irqs=4426 bytes=4426 kbd gsi=1 rte=0x0000000000000024 aux gsi=12 rte=0x0000000000000024
soundd: wakes=746 completions=700 submitted=700 underruns=11 drains=6 max_wake_lat_us=52038 max_batch=8 clients=1 deferred=0
[kernel 170.823 cpu0] heartbeat: t=170.823s alive=8/8 mask=0xff ran=243 gap=0.250s
[kernel 170.823 cpu0] i8042: line status=0x1c irqs=4426 bytes=4426 kbd gsi=1 rte=0x0000000000000024 aux gsi=12 rte=0x0000000000000024
[kernel 171.073 cpu2] heartbeat: t=171.073s alive=8/8 mask=0xff ran=286 gap=0.250s
[kernel 171.074 cpu2] i8042: line status=0x1c irqs=4426 bytes=4426 kbd gsi=1 rte=0x0000000000000024 aux gsi=12 rte=0x0000000000000024
compositor: frames=203 rects=204 damage_px=396371844 damage_px_max=1961996 composite_us_min=4895 composite_us_max=6225 composite_us_total=1110481 scanout_wr_bytes=1585487376 scanout_blits=204 back_rd_bytes=176593848 cursor=203 windows=3
[kernel 171.251 cpu0] PMM: 328/15962MB used (7817 pages free)
[kernel 171.251 cpu0]   kernel-heap  alloc=     6 free=     0 held=     6 (12MB) rate=0/s
[kernel 171.251 cpu0]   demand-page  alloc=    23 free=    13 held=    10 (20MB) rate=0/s
[kernel 171.251 cpu0]   mmap         alloc=    87 free=    32 held=    55 (110MB) rate=0/s
[kernel 171.251 cpu0]   shared-mem   alloc=    32 free=    11 held=    21 (42MB) rate=0/s
[kernel 171.251 cpu0]   pipe         alloc=    42 free=    27 held=    15 (30MB) rate=0/s
[kernel 171.251 cpu0]   elf          alloc=    21 free=    13 held=     8 (16MB) rate=0/s
[kernel 171.251 cpu0]   dma          alloc=     6 free=     0 held=     6 (12MB) rate=0/s
[kernel 171.251 cpu0]   framebuffer  alloc=     1 free=     0 held=     1 (2MB) rate=0/s
[kernel 171.251 cpu0]   stack        alloc=    84 free=    52 held=    32 (64MB) rate=0/s
[kernel 171.251 cpu0]   init-tls     alloc=    32 free=    22 held=    10 (20MB) rate=0/s
[kernel 171.319 cpu0] sched: cpu=0 ready=0 parked=1 current=None
[kernel 171.324 cpu2] heartbeat: t=171.324s alive=8/8 mask=0xff ran=246 gap=0.250s
[kernel 171.324 cpu2] i8042: line status=0x1c irqs=4426 bytes=4426 kbd gsi=1 rte=0x0000000000000024 aux gsi=12 rte=0x0000000000000024
[kernel 171.575 cpu3] heartbeat: t=171.575s alive=8/8 mask=0xff ran=293 gap=0.250s
[kernel 171.575 cpu3] i8042: line status=0x1c irqs=4426 bytes=4426 kbd gsi=1 rte=0x0000000000000024 aux gsi=12 rte=0x0000000000000024
[kernel 171.616 cpu3] sched: cpu=3 ready=0 parked=3 current=None
[kernel 171.781 cpu2] sched: cpu=2 ready=0 parked=1 current=None
[kernel 171.825 cpu0] heartbeat: t=171.825s alive=8/8 mask=0xff ran=429 gap=0.250s
[kernel 171.825 cpu0] i8042: line status=0x1c irqs=4426 bytes=4426 kbd gsi=1 rte=0x0000000000000024 aux gsi=12 rte=0x0000000000000024
[kernel 171.907 cpu4] sched: cpu=4 ready=0 parked=2 current=None
[kernel 171.908 cpu5] sched: cpu=5 ready=0 parked=2 current=None
[kernel 171.958 cpu1] sched: cpu=1 ready=0 parked=0 current=None
[kernel 172.060 cpu6] sched: cpu=6 ready=0 parked=1 current=None
[kernel 172.075 cpu0] heartbeat: t=172.075s alive=8/8 mask=0xff ran=238 gap=0.250s
[kernel 172.075 cpu0] i8042: line status=0x1c irqs=4426 bytes=4426 kbd gsi=1 rte=0x0000000000000024 aux gsi=12 rte=0x0000000000000024
[kernel 172.160 cpu7] sched: cpu=7 ready=0 parked=0 current=None
[kernel 172.325 cpu0] heartbeat: t=172.325s alive=8/8 mask=0xff ran=250 gap=0.250s
[kernel 172.325 cpu0] i8042: line status=0x1c irqs=4426 bytes=4426 kbd gsi=1 rte=0x0000000000000024 aux gsi=12 rte=0x0000000000000024
[kernel 172.576 cpu0] heartbeat: t=172.576s alive=8/8 mask=0xff ran=271 gap=0.250s
[kernel 172.576 cpu0] i8042: line status=0x1c irqs=4426 bytes=4426 kbd gsi=1 rte=0x0000000000000024 aux gsi=12 rte=0x0000000000000024
soundd: wakes=712 completions=704 submitted=704 underruns=8 drains=9 max_wake_lat_us=49683 max_batch=8 clients=1 deferred=0
[kernel 172.827 cpu0] heartbeat: t=172.827s alive=8/8 mask=0xff ran=220 gap=0.250s
[kernel 172.827 cpu0] i8042: line status=0x1c irqs=4426 bytes=4426 kbd gsi=1 rte=0x0000000000000024 aux gsi=12 rte=0x0000000000000024
[kernel 173.077 cpu0] heartbeat: t=173.077s alive=8/8 mask=0xff ran=283 gap=0.250s
[kernel 173.077 cpu0] i8042: line status=0x1c irqs=4426 bytes=4426 kbd gsi=1 rte=0x0000000000000024 aux gsi=12 rte=0x0000000000000024
compositor: frames=201 rects=203 damage_px=392476268 damage_px_max=1961996 composite_us_min=4911 composite_us_max=6790 composite_us_total=1105814 scanout_wr_bytes=1569905072 scanout_blits=203 back_rd_bytes=174893456 cursor=201 windows=3
[kernel 173.327 cpu0] heartbeat: t=173.327s alive=8/8 mask=0xff ran=233 gap=0.250s
[kernel 173.327 cpu0] i8042: line status=0x1c irqs=4426 bytes=4426 kbd gsi=1 rte=0x0000000000000024 aux gsi=12 rte=0x0000000000000024
[kernel 173.577 cpu3] heartbeat: t=173.577s alive=8/8 mask=0xff ran=279 gap=0.250s
[kernel 173.577 cpu3] i8042: line status=0x1c irqs=4426 bytes=4426 kbd gsi=1 rte=0x0000000000000024 aux gsi=12 rte=0x0000000000000024
[kernel 173.727 cpu0] i8042: 4426 interrupts, 4426 bytes, 494 keys, 1216 motion, 56 undecoded, 0 discarded, 0 overruns, 0 dropped, 0 lost edges — last byte at 170056ms
[kernel 173.828 cpu0] heartbeat: t=173.828s alive=8/8 mask=0xff ran=406 gap=0.250s
[kernel 173.828 cpu0] i8042: line status=0x1c irqs=4426 bytes=4426 kbd gsi=1 rte=0x0000000000000024 aux gsi=12 rte=0x0000000000000024
[kernel 174.080 cpu0] heartbeat: t=174.080s alive=8/8 mask=0xff ran=429 gap=0.251s
[kernel 174.080 cpu0] i8042: line status=0x1c irqs=4426 bytes=4426 kbd gsi=1 rte=0x0000000000000024 aux gsi=12 rte=0x0000000000000024
[kernel 174.330 cpu2] heartbeat: t=174.330s alive=8/8 mask=0xff ran=278 gap=0.250s
[kernel 174.330 cpu2] i8042: line status=0x1c irqs=4426 bytes=4426 kbd gsi=1 rte=0x0000000000000024 aux gsi=12 rte=0x0000000000000024
[kernel 174.580 cpu0] heartbeat: t=174.580s alive=8/8 mask=0xff ran=442 gap=0.250s
[kernel 174.580 cpu0] i8042: line status=0x1c irqs=4426 bytes=4426 kbd gsi=1 rte=0x0000000000000024 aux gsi=12 rte=0x0000000000000024
soundd: wakes=863 completions=725 submitted=725 underruns=4 drains=6 max_wake_lat_us=36315 max_batch=8 clients=1 deferred=0
[kernel 174.832 cpu0] heartbeat: t=174.832s alive=8/8 mask=0xff ran=435 gap=0.251s
[kernel 174.832 cpu0] i8042: line status=0x1c irqs=4426 bytes=4426 kbd gsi=1 rte=0x0000000000000024 aux gsi=12 rte=0x0000000000000024
[kernel 175.082 cpu0] heartbeat: t=175.082s alive=8/8 mask=0xff ran=386 gap=0.250s
[kernel 175.082 cpu0] i8042: line status=0x1c irqs=4426 bytes=4426 kbd gsi=1 rte=0x0000000000000024 aux gsi=12 rte=0x0000000000000024
compositor: frames=208 rects=210 damage_px=406143936 damage_px_max=1961996 composite_us_min=4895 composite_us_max=6155 composite_us_total=1137881 scanout_wr_bytes=1624575744 scanout_blits=210 back_rd_bytes=180981552 cursor=208 windows=3
[kernel 175.333 cpu0] heartbeat: t=175.333s alive=8/8 mask=0xff ran=361 gap=0.250s
[kernel 175.333 cpu0] i8042: line status=0x1c irqs=4426 bytes=4426 kbd gsi=1 rte=0x0000000000000024 aux gsi=12 rte=0x0000000000000024
[kernel 175.584 cpu0] heartbeat: t=175.584s alive=8/8 mask=0xff ran=251 gap=0.250s
[kernel 175.584 cpu0] i8042: line status=0x1c irqs=4427 bytes=4427 kbd gsi=1 rte=0x0000000000000024 aux gsi=12 rte=0x0000000000000024
[kernel 175.834 cpu3] heartbeat: t=175.834s alive=8/8 mask=0xff ran=254 gap=0.250s
[kernel 175.834 cpu3] i8042: line status=0x1c irqs=4428 bytes=4428 kbd gsi=1 rte=0x0000000000000024 aux gsi=12 rte=0x0000000000000024
[kernel 176.084 cpu0] heartbeat: t=176.084s alive=8/8 mask=0xff ran=408 gap=0.250s
[kernel 176.084 cpu0] i8042: line status=0x1c irqs=4428 bytes=4428 kbd gsi=1 rte=0x0000000000000024 aux gsi=12 rte=0x0000000000000024
[kernel 176.336 cpu0] heartbeat: t=176.336s alive=8/8 mask=0xff ran=257 gap=0.251s
[kernel 176.336 cpu0] i8042: line status=0x1c irqs=4432 bytes=4432 kbd gsi=1 rte=0x0000000000000024 aux gsi=12 rte=0x0000000000000024
[kernel 176.586 cpu0] heartbeat: t=176.586s alive=8/8 mask=0xff ran=275 gap=0.250s
[kernel 176.586 cpu0] i8042: line status=0x1c irqs=4438 bytes=4438 kbd gsi=1 rte=0x0000000000000024 aux gsi=12 rte=0x0000000000000024
soundd: wakes=821 completions=705 submitted=705 underruns=21 drains=5 max_wake_lat_us=51652 max_batch=8 clients=1 deferred=0
[kernel 176.837 cpu0] heartbeat: t=176.837s alive=8/8 mask=0xff ran=239 gap=0.250s
[kernel 176.837 cpu0] i8042: line status=0x1c irqs=4440 bytes=4440 kbd gsi=1 rte=0x0000000000000024 aux gsi=12 rte=0x0000000000000024
[kernel 177.087 cpu3] heartbeat: t=177.087s alive=8/8 mask=0xff ran=265 gap=0.250s
[kernel 177.088 cpu3] i8042: line status=0x1c irqs=4440 bytes=4440 kbd gsi=1 rte=0x0000000000000024 aux gsi=12 rte=0x0000000000000024
compositor: frames=203 rects=205 damage_px=396381316 damage_px_max=1961996 composite_us_min=4916 composite_us_max=6097 composite_us_total=1110373 scanout_wr_bytes=1585525264 scanout_blits=205 back_rd_bytes=176632912 cursor=203 windows=3
[kernel 177.339 cpu0] heartbeat: t=177.339s alive=8/8 mask=0xff ran=259 gap=0.251s
[kernel 177.339 cpu0] i8042: line status=0x1c irqs=4440 bytes=4440 kbd gsi=1 rte=0x0000000000000024 aux gsi=12 rte=0x0000000000000024
[kernel 177.589 cpu0] heartbeat: t=177.589s alive=8/8 mask=0xff ran=270 gap=0.250s
[kernel 177.589 cpu0] i8042: line status=0x1c irqs=4440 bytes=4440 kbd gsi=1 rte=0x0000000000000024 aux gsi=12 rte=0x0000000000000024
[kernel 177.839 cpu2] heartbeat: t=177.839s alive=8/8 mask=0xff ran=281 gap=0.250s
[kernel 177.839 cpu2] i8042: line status=0x1c irqs=4440 bytes=4440 kbd gsi=1 rte=0x0000000000000024 aux gsi=12 rte=0x0000000000000024
[kernel 178.090 cpu0] heartbeat: t=178.090s alive=8/8 mask=0xff ran=444 gap=0.250s
[kernel 178.090 cpu0] i8042: line status=0x1c irqs=4440 bytes=4440 kbd gsi=1 rte=0x0000000000000024 aux gsi=12 rte=0x0000000000000024
[kernel 178.341 cpu0] heartbeat: t=178.341s alive=8/8 mask=0xff ran=278 gap=0.251s
[kernel 178.341 cpu0] i8042: line status=0x1c irqs=4444 bytes=4444 kbd gsi=1 rte=0x0000000000000024 aux gsi=12 rte=0x0000000000000024
[kernel 178.591 cpu3] heartbeat: t=178.591s alive=8/8 mask=0xff ran=442 gap=0.250s
[kernel 178.591 cpu3] i8042: line status=0x1c irqs=4450 bytes=4450 kbd gsi=1 rte=0x0000000000000024 aux gsi=12 rte=0x0000000000000024
soundd: wakes=820 completions=729 submitted=729 underruns=0 drains=7 max_wake_lat_us=32681 max_batch=8 clients=1 deferred=0
[kernel 178.842 cpu0] heartbeat: t=178.842s alive=8/8 mask=0xff ran=446 gap=0.251s
[kernel 178.842 cpu0] i8042: line status=0x1c irqs=4452 bytes=4452 kbd gsi=1 rte=0x0000000000000024 aux gsi=12 rte=0x0000000000000024
[kernel 179.093 cpu0] heartbeat: t=179.093s alive=8/8 mask=0xff ran=375 gap=0.250s
[kernel 179.093 cpu0] i8042: line status=0x1c irqs=4452 bytes=4452 kbd gsi=1 rte=0x0000000000000024 aux gsi=12 rte=0x0000000000000024
compositor: frames=210 rects=212 damage_px=410048984 damage_px_max=1961996 composite_us_min=4908 composite_us_max=6015 composite_us_total=1144569 scanout_wr_bytes=1640195936 scanout_blits=212 back_rd_bytes=182721008 cursor=210 windows=3
[kernel 179.343 cpu0] heartbeat: t=179.343s alive=8/8 mask=0xff ran=189 gap=0.250s
[kernel 179.343 cpu0] i8042: line status=0x1c irqs=4453 bytes=4453 kbd gsi=1 rte=0x0000000000000024 aux gsi=12 rte=0x0000000000000024
[kernel 179.594 cpu0] heartbeat: t=179.594s alive=8/8 mask=0xff ran=250 gap=0.250s
[kernel 179.594 cpu0] i8042: line status=0x1c irqs=4454 bytes=4454 kbd gsi=1 rte=0x0000000000000024 aux gsi=12 rte=0x0000000000000024
[kernel 179.844 cpu3] heartbeat: t=179.844s alive=8/8 mask=0xff ran=265 gap=0.250s
[kernel 179.844 cpu3] i8042: line status=0x1c irqs=4458 bytes=4458 kbd gsi=1 rte=0x0000000000000024 aux gsi=12 rte=0x0000000000000024
[kernel 180.095 cpu0] heartbeat: t=180.095s alive=8/8 mask=0xff ran=408 gap=0.250s
[kernel 180.095 cpu0] i8042: line status=0x1c irqs=4464 bytes=4464 kbd gsi=1 rte=0x0000000000000024 aux gsi=12 rte=0x0000000000000024
[kernel 180.346 cpu0] heartbeat: t=180.346s alive=8/8 mask=0xff ran=259 gap=0.251s
[kernel 180.346 cpu0] i8042: line status=0x1c irqs=4470 bytes=4470 kbd gsi=1 rte=0x0000000000000024 aux gsi=12 rte=0x0000000000000024
[kernel 180.597 cpu0] heartbeat: t=180.597s alive=8/8 mask=0xff ran=270 gap=0.250s
[kernel 180.597 cpu0] i8042: line status=0x1c irqs=4470 bytes=4470 kbd gsi=1 rte=0x0000000000000024 aux gsi=12 rte=0x0000000000000024
soundd: wakes=741 completions=672 submitted=672 underruns=6 drains=7 max_wake_lat_us=78234 max_batch=8 clients=1 deferred=0
[kernel 180.847 cpu0] heartbeat: t=180.847s alive=8/8 mask=0xff ran=239 gap=0.250s
[kernel 180.847 cpu0] i8042: line status=0x1c irqs=4474 bytes=4474 kbd gsi=1 rte=0x0000000000000024 aux gsi=12 rte=0x0000000000000024
[kernel 181.098 cpu0] heartbeat: t=181.098s alive=8/8 mask=0xff ran=278 gap=0.250s
[kernel 181.098 cpu0] i8042: line status=0x1c irqs=4475 bytes=4475 kbd gsi=1 rte=0x0000000000000024 aux gsi=12 rte=0x0000000000000024
compositor: frames=206 rects=208 damage_px=402238888 damage_px_max=1961996 composite_us_min=4888 composite_us_max=6164 composite_us_total=1124330 scanout_wr_bytes=1608955552 scanout_blits=208 back_rd_bytes=179242096 cursor=206 windows=3
[kernel 181.252 cpu4] PMM: 328/15962MB used (7817 pages free)
[kernel 181.252 cpu4]   kernel-heap  alloc=     6 free=     0 held=     6 (12MB) rate=0/s
[kernel 181.252 cpu4]   demand-page  alloc=    23 free=    13 held=    10 (20MB) rate=0/s
[kernel 181.252 cpu4]   mmap         alloc=    87 free=    32 held=    55 (110MB) rate=0/s
[kernel 181.252 cpu4]   shared-mem   alloc=    32 free=    11 held=    21 (42MB) rate=0/s
[kernel 181.252 cpu4]   pipe         alloc=    42 free=    27 held=    15 (30MB) rate=0/s
[kernel 181.252 cpu4]   elf          alloc=    21 free=    13 held=     8 (16MB) rate=0/s
[kernel 181.252 cpu4]   dma          alloc=     6 free=     0 held=     6 (12MB) rate=0/s
[kernel 181.252 cpu4]   framebuffer  alloc=     1 free=     0 held=     1 (2MB) rate=0/s
[kernel 181.252 cpu4]   stack        alloc=    84 free=    52 held=    32 (64MB) rate=0/s
[kernel 181.252 cpu4]   init-tls     alloc=    32 free=    22 held=    10 (20MB) rate=0/s
[kernel 181.320 cpu0] sched: cpu=0 ready=0 parked=1 current=None
[kernel 181.349 cpu0] heartbeat: t=181.349s alive=8/8 mask=0xff ran=388 gap=0.250s
[kernel 181.349 cpu0] i8042: line status=0x1c irqs=4476 bytes=4476 kbd gsi=1 rte=0x0000000000000024 aux gsi=12 rte=0x0000000000000024
[kernel 181.599 cpu0] heartbeat: t=181.599s alive=8/8 mask=0xff ran=443 gap=0.250s
[kernel 181.599 cpu0] i8042: line status=0x1c irqs=4476 bytes=4476 kbd gsi=1 rte=0x0000000000000024 aux gsi=12 rte=0x0000000000000024
[kernel 181.617 cpu3] sched: cpu=3 ready=0 parked=3 current=None
[kernel 181.782 cpu2] sched: cpu=2 ready=0 parked=1 current=None
[kernel 181.850 cpu0] heartbeat: t=181.850s alive=8/8 mask=0xff ran=375 gap=0.250s
[kernel 181.850 cpu0] i8042: line status=0x1c irqs=4476 bytes=4476 kbd gsi=1 rte=0x0000000000000024 aux gsi=12 rte=0x0000000000000024
[kernel 181.970 cpu4] sched: cpu=4 ready=0 parked=2 current=None
[kernel 181.985 cpu1] sched: cpu=1 ready=0 parked=0 current=None
[kernel 181.985 cpu5] sched: cpu=5 ready=0 parked=2 current=None
[kernel 182.061 cpu6] sched: cpu=6 ready=0 parked=1 current=None
[kernel 182.100 cpu0] heartbeat: t=182.100s alive=8/8 mask=0xff ran=239 gap=0.250s
[kernel 182.100 cpu0] i8042: line status=0x1c irqs=4476 bytes=4476 kbd gsi=1 rte=0x0000000000000024 aux gsi=12 rte=0x0000000000000024
[kernel 182.235 cpu7] sched: cpu=7 ready=0 parked=0 current=None
[kernel 182.351 cpu0] heartbeat: t=182.351s alive=8/8 mask=0xff ran=388 gap=0.250s
[kernel 182.351 cpu0] i8042: line status=0x1c irqs=4476 bytes=4476 kbd gsi=1 rte=0x0000000000000024 aux gsi=12 rte=0x0000000000000024
[kernel 182.602 cpu0] heartbeat: t=182.602s alive=8/8 mask=0xff ran=275 gap=0.251s
[kernel 182.602 cpu0] i8042: line status=0x1c irqs=4478 bytes=4478 kbd gsi=1 rte=0x0000000000000024 aux gsi=12 rte=0x0000000000000024
soundd: wakes=859 completions=711 submitted=711 underruns=12 drains=5 max_wake_lat_us=59800 max_batch=8 clients=1 deferred=0
[kernel 182.853 cpu0] heartbeat: t=182.853s alive=8/8 mask=0xff ran=216 gap=0.251s
[kernel 182.853 cpu0] i8042: line status=0x1c irqs=4478 bytes=4478 kbd gsi=1 rte=0x0000000000000024 aux gsi=12 rte=0x0000000000000024
[kernel 183.103 cpu3] heartbeat: t=183.103s alive=8/8 mask=0xff ran=278 gap=0.250s
[kernel 183.103 cpu3] i8042: line status=0x1c irqs=4478 bytes=4478 kbd gsi=1 rte=0x0000000000000024 aux gsi=12 rte=0x0000000000000024
[kernel 183.146 cpu3 tid=1] exit: doom tid=1 code=0 cpu=423ms
soundd: client 9 removed
soundd: wakes=141 completions=161 submitted=161 underruns=0 drains=3 max_wake_lat_us=39793 max_batch=8 clients=0 deferred=0
soundd: suspended
[kernel 183.176 cpu2 tid=0] syscalls: pid=16 total=128303 syscall_wall=19663ms 0=18378 1=10689 6=1 8=66936 9=4 10=1 13=972 14=1 38=4 39=1 40=1 41=1 49=17346 53=2 59=2 63=13
[kernel 183.176 cpu2 tid=0] memory: pid=16 peak=42MB allocs=15 frees=0
compositor: dropping pid 16 — its connection is gone
[kernel 183.213 cpu2 tid=0] exit: doom pid=16 code=0 cpu=69789ms
compositor: frames=200 rects=202 damage_px=388693960 damage_px_max=2073600 composite_us_min=21 composite_us_max=6842 composite_us_total=1094085 scanout_wr_bytes=1554775840 scanout_blits=202 back_rd_bytes=173440360 cursor=199 windows=2
[kernel 183.354 cpu3] heartbeat: t=183.354s alive=8/8 mask=0xff ran=37 gap=0.250s
[kernel 183.354 cpu3] i8042: line status=0x1c irqs=4480 bytes=4480 kbd gsi=1 rte=0x0000000000000024 aux gsi=12 rte=0x0000000000000024
[kernel 183.607 cpu3] heartbeat: t=183.607s alive=8/8 mask=0xff ran=14 gap=0.253s
[kernel 183.607 cpu3] i8042: line status=0x1c irqs=4480 bytes=4480 kbd gsi=1 rte=0x0000000000000024 aux gsi=12 rte=0x0000000000000024
[kernel 183.739 cpu4] i8042: 4480 interrupts, 4480 bytes, 526 keys, 1216 motion, 56 undecoded, 0 discarded, 0 overruns, 0 dropped, 0 lost edges — last byte at 183180ms
[kernel 183.858 cpu3] heartbeat: t=183.858s alive=8/8 mask=0xff ran=14 gap=0.250s
[kernel 183.858 cpu3] i8042: line status=0x1c irqs=4480 bytes=4480 kbd gsi=1 rte=0x0000000000000024 aux gsi=12 rte=0x0000000000000024
[kernel 184.123 cpu3] heartbeat: t=184.123s alive=8/8 mask=0xff ran=15 gap=0.265s
[kernel 184.123 cpu3] i8042: line status=0x1c irqs=4480 bytes=4480 kbd gsi=1 rte=0x0000000000000024 aux gsi=12 rte=0x0000000000000024
[kernel 184.377 cpu3] heartbeat: t=184.377s alive=8/8 mask=0xff ran=20 gap=0.254s
[kernel 184.377 cpu3] i8042: line status=0x1c irqs=4481 bytes=4481 kbd gsi=1 rte=0x0000000000000024 aux gsi=12 rte=0x0000000000000024
[kernel 184.629 cpu3] heartbeat: t=184.629s alive=8/8 mask=0xff ran=33 gap=0.251s
[kernel 184.629 cpu3] i8042: line status=0x1c irqs=4486 bytes=4486 kbd gsi=1 rte=0x0000000000000024 aux gsi=12 rte=0x0000000000000024
[kernel 184.883 cpu3] heartbeat: t=184.883s alive=8/8 mask=0xff ran=36 gap=0.254s
[kernel 184.883 cpu3] i8042: line status=0x1c irqs=4493 bytes=4493 kbd gsi=1 rte=0x0000000000000024 aux gsi=12 rte=0x0000000000000024
[kernel 185.139 cpu7] heartbeat: t=185.139s alive=8/8 mask=0xff ran=27 gap=0.255s
[kernel 185.139 cpu7] i8042: line status=0x1c irqs=4498 bytes=4498 kbd gsi=1 rte=0x0000000000000024 aux gsi=12 rte=0x0000000000000024
compositor: frames=14 rects=14 damage_px=22400 damage_px_max=9472 composite_us_min=9 composite_us_max=84 composite_us_total=283 scanout_wr_bytes=89600 scanout_blits=14 back_rd_bytes=78128 cursor=0 windows=2
[kernel 185.389 cpu3] heartbeat: t=185.389s alive=8/8 mask=0xff ran=29 gap=0.250s
[kernel 185.389 cpu3] i8042: line status=0x1c irqs=4502 bytes=4502 kbd gsi=1 rte=0x0000000000000024 aux gsi=12 rte=0x0000000000000024
[kernel 185.639 cpu4] heartbeat: t=185.639s alive=8/8 mask=0xff ran=12 gap=0.250s
[kernel 185.639 cpu4] i8042: line status=0x1c irqs=4502 bytes=4502 kbd gsi=1 rte=0x0000000000000024 aux gsi=12 rte=0x0000000000000024
[kernel 185.890 cpu3] heartbeat: t=185.890s alive=8/8 mask=0xff ran=15 gap=0.251s
[kernel 185.890 cpu3] i8042: line status=0x1c irqs=4502 bytes=4502 kbd gsi=1 rte=0x0000000000000024 aux gsi=12 rte=0x0000000000000024
[kernel 186.151 cpu0] heartbeat: t=186.151s alive=8/8 mask=0xff ran=19 gap=0.260s
[kernel 186.151 cpu0] i8042: line status=0x1c irqs=4504 bytes=4504 kbd gsi=1 rte=0x0000000000000024 aux gsi=12 rte=0x0000000000000024
[kernel 186.408 cpu3] heartbeat: t=186.408s alive=8/8 mask=0xff ran=27 gap=0.257s
[kernel 186.408 cpu3] i8042: line status=0x1c irqs=4507 bytes=4507 kbd gsi=1 rte=0x0000000000000024 aux gsi=12 rte=0x0000000000000024
[kernel 186.667 cpu3] heartbeat: t=186.667s alive=8/8 mask=0xff ran=14 gap=0.259s
[kernel 186.667 cpu3] i8042: line status=0x1c irqs=4508 bytes=4508 kbd gsi=1 rte=0x0000000000000024 aux gsi=12 rte=0x0000000000000024
[kernel 186.923 cpu1] heartbeat: t=186.923s alive=8/8 mask=0xff ran=27 gap=0.255s
[kernel 186.923 cpu1] i8042: line status=0x1c irqs=4512 bytes=4512 kbd gsi=1 rte=0x0000000000000024 aux gsi=12 rte=0x0000000000000024
[kernel 187.180 cpu3] heartbeat: t=187.180s alive=8/8 mask=0xff ran=28 gap=0.256s
[kernel 187.180 cpu3] i8042: line status=0x1c irqs=4515 bytes=4515 kbd gsi=1 rte=0x0000000000000024 aux gsi=12 rte=0x0000000000000024
compositor: frames=11 rects=11 damage_px=30464 damage_px_max=9472 composite_us_min=9 composite_us_max=74 composite_us_total=306 scanout_wr_bytes=121856 scanout_blits=11 back_rd_bytes=117192 cursor=0 windows=2
[kernel 187.437 cpu3] heartbeat: t=187.437s alive=8/8 mask=0xff ran=30 gap=0.257s
[kernel 187.437 cpu3] i8042: line status=0x1c irqs=4520 bytes=4520 kbd gsi=1 rte=0x0000000000000024 aux gsi=12 rte=0x0000000000000024
[kernel 187.695 cpu3] heartbeat: t=187.695s alive=8/8 mask=0xff ran=21 gap=0.258s
[kernel 187.695 cpu3] i8042: line status=0x1c irqs=4522 bytes=4522 kbd gsi=1 rte=0x0000000000000024 aux gsi=12 rte=0x0000000000000024
/home/root> locale date    detect
[kernel 187.745 cpu5 tid=0] ELF: 3554 relocations indexed (RELATIVE + GLOB_DAT + TPOFF)
[kernel 187.745 cpu5 tid=0] spawn: TLS 1 modules, total_memsz=144
[kernel 187.745 cpu5 tid=0] spawn: /bin/locale pid=21 tid=0 base=0x10000000000 entry=0x1000002d4f4 cr3=0x609f000 symbols=2048KiB (layout=0ms relocs=0ms deps=0ms tls=0ms total=1ms)
terminal: pid 21 has the keyboard until it exits
Answering with the keys you see, not the ones ToyOS thinks you have.
Escape cancels.
Press the key labelled  Z
[kernel 187.945 cpu5] heartbeat: t=187.945s alive=8/8 mask=0xff ran=26 gap=0.250s
[kernel 187.945 cpu5] i8042: line status=0x1c irqs=4524 bytes=4524 kbd gsi=1 rte=0x0000000000000024 aux gsi=12 rte=0x0000000000000024
[kernel 188.197 cpu4] heartbeat: t=188.197s alive=8/8 mask=0xff ran=15 gap=0.251s
[kernel 188.197 cpu4] i8042: line status=0x1c irqs=4524 bytes=4524 kbd gsi=1 rte=0x0000000000000024 aux gsi=12 rte=0x0000000000000024
[kernel 188.448 cpu3] heartbeat: t=188.448s alive=8/8 mask=0xff ran=15 gap=0.251s
[kernel 188.448 cpu3] i8042: line status=0x1c irqs=4524 bytes=4524 kbd gsi=1 rte=0x0000000000000024 aux gsi=12 rte=0x0000000000000024
[kernel 188.704 cpu3] heartbeat: t=188.704s alive=8/8 mask=0xff ran=15 gap=0.255s
[kernel 188.704 cpu3] i8042: line status=0x1c irqs=4524 bytes=4524 kbd gsi=1 rte=0x0000000000000024 aux gsi=12 rte=0x0000000000000024
Press the key labelled  §
[kernel 188.957 cpu5] heartbeat: t=188.957s alive=8/8 mask=0xff ran=15 gap=0.252s
[kernel 188.957 cpu5] i8042: line status=0x1c irqs=4526 bytes=4526 kbd gsi=1 rte=0x0000000000000024 aux gsi=12 rte=0x0000000000000024
[kernel 189.209 cpu5] heartbeat: t=189.209s alive=8/8 mask=0xff ran=15 gap=0.252s
[kernel 189.209 cpu5] i8042: line status=0x1c irqs=4526 bytes=4526 kbd gsi=1 rte=0x0000000000000024 aux gsi=12 rte=0x0000000000000024
compositor: frames=7 rects=7 damage_px=67328 damage_px_max=34816 composite_us_min=9 composite_us_max=138 composite_us_total=409 scanout_wr_bytes=269312 scanout_blits=7 back_rd_bytes=78128 cursor=0 windows=2
That is 'swiss-german'. Enter applies it, Escape cancels.
[kernel 189.460 cpu1] heartbeat: t=189.460s alive=8/8 mask=0xff ran=19 gap=0.251s
[kernel 189.460 cpu1] i8042: line status=0x1c irqs=4528 bytes=4528 kbd gsi=1 rte=0x0000000000000024 aux gsi=12 rte=0x0000000000000024
[kernel 189.723 cpu3] heartbeat: t=189.723s alive=8/8 mask=0xff ran=15 gap=0.262s
[kernel 189.723 cpu3] i8042: line status=0x1c irqs=4528 bytes=4528 kbd gsi=1 rte=0x0000000000000024 aux gsi=12 rte=0x0000000000000024
[kernel 189.983 cpu3] heartbeat: t=189.983s alive=8/8 mask=0xff ran=13 gap=0.259s
[kernel 189.983 cpu3] i8042: line status=0x1c irqs=4528 bytes=4528 kbd gsi=1 rte=0x0000000000000024 aux gsi=12 rte=0x0000000000000024
[kernel 190.249 cpu3] heartbeat: t=190.249s alive=8/8 mask=0xff ran=14 gap=0.265s
[kernel 190.249 cpu3] i8042: line status=0x1c irqs=4528 bytes=4528 kbd gsi=1 rte=0x0000000000000024 aux gsi=12 rte=0x0000000000000024
[kernel 190.506 cpu3] heartbeat: t=190.506s alive=8/8 mask=0xff ran=13 gap=0.257s
[kernel 190.506 cpu3] i8042: line status=0x1c irqs=4528 bytes=4528 kbd gsi=1 rte=0x0000000000000024 aux gsi=12 rte=0x0000000000000024
[kernel 190.756 cpu4] heartbeat: t=190.756s alive=8/8 mask=0xff ran=13 gap=0.250s
[kernel 190.756 cpu4] i8042: line status=0x1c irqs=4528 bytes=4528 kbd gsi=1 rte=0x0000000000000024 aux gsi=12 rte=0x0000000000000024
[kernel 191.010 cpu3] heartbeat: t=191.010s alive=8/8 mask=0xff ran=15 gap=0.253s
[kernel 191.010 cpu3] i8042: line status=0x1c irqs=4528 bytes=4528 kbd gsi=1 rte=0x0000000000000024 aux gsi=12 rte=0x0000000000000024
[kernel 191.259 cpu5] PMM: 268/15962MB used (7847 pages free)
[kernel 191.259 cpu5]   kernel-heap  alloc=     6 free=     0 held=     6 (12MB) rate=0/s
[kernel 191.259 cpu5]   demand-page  alloc=    24 free=    15 held=     9 (18MB) rate=0/s
[kernel 191.259 cpu5]   mmap         alloc=    88 free=    53 held=    35 (70MB) rate=0/s
[kernel 191.259 cpu5]   shared-mem   alloc=    33 free=    17 held=    16 (32MB) rate=0/s
[kernel 191.259 cpu5]   pipe         alloc=    44 free=    32 held=    12 (24MB) rate=0/s
[kernel 191.259 cpu5]   elf          alloc=    22 free=    14 held=     8 (16MB) rate=0/s
[kernel 191.259 cpu5]   dma          alloc=     6 free=     0 held=     6 (12MB) rate=0/s
[kernel 191.259 cpu5]   framebuffer  alloc=     1 free=     0 held=     1 (2MB) rate=0/s
[kernel 191.259 cpu5]   stack        alloc=    88 free=    56 held=    32 (64MB) rate=0/s
[kernel 191.259 cpu5]   init-tls     alloc=    33 free=    24 held=     9 (18MB) rate=0/s
[kernel 191.260 cpu0] heartbeat: t=191.260s alive=8/8 mask=0xff ran=14 gap=0.250s
[kernel 191.260 cpu0] i8042: line status=0x1c irqs=4528 bytes=4528 kbd gsi=1 rte=0x0000000000000024 aux gsi=12 rte=0x0000000000000024
compositor: frames=3 rects=3 damage_px=33536 damage_px_max=14592 composite_us_min=63 composite_us_max=76 composite_us_total=216 scanout_wr_bytes=134144 scanout_blits=3 back_rd_bytes=78128 cursor=0 windows=2
[kernel 191.333 cpu0] sched: cpu=0 ready=0 parked=2 current=None
[kernel 191.492 cpu0 tid=0] syscalls: pid=21 total=44 syscall_wall=3721ms 0=9 1=13 6=1 9=1 10=4 38=1 53=1 63=1
[kernel 191.492 cpu0 tid=0] memory: pid=21 peak=2MB allocs=2 frees=0
[kernel 191.492 cpu0 tid=0] exit: locale pid=21 code=0 cpu=1ms
Keyboard layout set to 'swiss-german'
terminal: pid 21 gave the keyboard back
[kernel 191.514 cpu3] heartbeat: t=191.514s alive=8/8 mask=0xff ran=21 gap=0.253s
[kernel 191.514 cpu3] i8042: line status=0x1c irqs=4529 bytes=4529 kbd gsi=1 rte=0x0000000000000024 aux gsi=12 rte=0x0000000000000024
[kernel 191.624 cpu3] sched: cpu=3 ready=0 parked=2 current=None
[kernel 191.777 cpu0] heartbeat: t=191.777s alive=8/8 mask=0xff ran=14 gap=0.263s
[kernel 191.777 cpu0] i8042: line status=0x1c irqs=4530 bytes=4530 kbd gsi=1 rte=0x0000000000000024 aux gsi=12 rte=0x0000000000000024
[kernel 191.792 cpu2] sched: cpu=2 ready=0 parked=0 current=None
[kernel 191.992 cpu1] sched: cpu=1 ready=0 parked=0 current=None
[kernel 192.027 cpu0] heartbeat: t=192.027s alive=8/8 mask=0xff ran=15 gap=0.250s
[kernel 192.027 cpu0] i8042: line status=0x1c irqs=4530 bytes=4530 kbd gsi=1 rte=0x0000000000000024 aux gsi=12 rte=0x0000000000000024
[kernel 192.056 cpu5] sched: cpu=5 ready=0 parked=2 current=None
[kernel 192.065 cpu4] sched: cpu=4 ready=0 parked=2 current=None
[kernel 192.092 cpu6] sched: cpu=6 ready=0 parked=1 current=None
[kernel 192.278 cpu3] heartbeat: t=192.278s alive=8/8 mask=0xff ran=15 gap=0.250s
[kernel 192.278 cpu3] i8042: line status=0x1c irqs=4530 bytes=4530 kbd gsi=1 rte=0x0000000000000024 aux gsi=12 rte=0x0000000000000024
[kernel 192.292 cpu7] sched: cpu=7 ready=0 parked=0 current=None
[kernel 192.534 cpu4] heartbeat: t=192.534s alive=8/8 mask=0xff ran=13 gap=0.256s
[kernel 192.534 cpu4] i8042: line status=0x1c irqs=4530 bytes=4530 kbd gsi=1 rte=0x0000000000000024 aux gsi=12 rte=0x0000000000000024
[kernel 192.787 cpu5] heartbeat: t=192.787s alive=8/8 mask=0xff ran=15 gap=0.252s
[kernel 192.787 cpu5] i8042: line status=0x1c irqs=4530 bytes=4530 kbd gsi=1 rte=0x0000000000000024 aux gsi=12 rte=0x0000000000000024
[kernel 193.038 cpu3] heartbeat: t=193.038s alive=8/8 mask=0xff ran=15 gap=0.251s
[kernel 193.038 cpu3] i8042: line status=0x1c irqs=4530 bytes=4530 kbd gsi=1 rte=0x0000000000000024 aux gsi=12 rte=0x0000000000000024
[kernel 193.299 cpu3] heartbeat: t=193.299s alive=8/8 mask=0xff ran=14 gap=0.260s
[kernel 193.299 cpu3] i8042: line status=0x1c irqs=4530 bytes=4530 kbd gsi=1 rte=0x0000000000000024 aux gsi=12 rte=0x0000000000000024
compositor: frames=4 rects=4 damage_px=30080 damage_px_max=9472 composite_us_min=21 composite_us_max=87 composite_us_total=250 scanout_wr_bytes=120320 scanout_blits=4 back_rd_bytes=78128 cursor=0 windows=2
[kernel 193.556 cpu3] heartbeat: t=193.556s alive=8/8 mask=0xff ran=13 gap=0.257s
[kernel 193.556 cpu3] i8042: line status=0x1c irqs=4530 bytes=4530 kbd gsi=1 rte=0x0000000000000024 aux gsi=12 rte=0x0000000000000024
[kernel 193.740 cpu1] i8042: 4530 interrupts, 4530 bytes, 576 keys, 1216 motion, 56 undecoded, 0 discarded, 0 overruns, 0 dropped, 0 lost edges — last byte at 191579ms
[kernel 193.810 cpu3] heartbeat: t=193.810s alive=8/8 mask=0xff ran=14 gap=0.253s
[kernel 193.810 cpu3] i8042: line status=0x1c irqs=4530 bytes=4530 kbd gsi=1 rte=0x0000000000000024 aux gsi=12 rte=0x0000000000000024
[kernel 194.060 cpu3] heartbeat: t=194.060s alive=8/8 mask=0xff ran=14 gap=0.250s
[kernel 194.060 cpu3] i8042: line status=0x1c irqs=4530 bytes=4530 kbd gsi=1 rte=0x0000000000000024 aux gsi=12 rte=0x0000000000000024
[kernel 194.323 cpu5] heartbeat: t=194.323s alive=8/8 mask=0xff ran=15 gap=0.263s
[kernel 194.323 cpu5] i8042: line status=0x1c irqs=4530 bytes=4530 kbd gsi=1 rte=0x0000000000000024 aux gsi=12 rte=0x0000000000000024
[kernel 194.584 cpu3] heartbeat: t=194.584s alive=8/8 mask=0xff ran=21 gap=0.261s
[kernel 194.584 cpu3] i8042: line status=0x1c irqs=4531 bytes=4531 kbd gsi=1 rte=0x0000000000000024 aux gsi=12 rte=0x0000000000000024
[kernel 194.847 cpu3] heartbeat: t=194.847s alive=8/8 mask=0xff ran=36 gap=0.262s
[kernel 194.847 cpu3] i8042: line status=0x1c irqs=4537 bytes=4537 kbd gsi=1 rte=0x0000000000000024 aux gsi=12 rte=0x0000000000000024
/home/root> snake
[kernel 194.962 cpu5 tid=0] ELF: 4552 relocations indexed (RELATIVE + GLOB_DAT + TPOFF)
[kernel 194.962 cpu5 tid=0] spawn: TLS 1 modules, total_memsz=160
[kernel 194.963 cpu5 tid=0] spawn: /bin/snake pid=22 tid=0 base=0x10000000000 entry=0x1000005a904 cr3=0x609f000 symbols=2048KiB (layout=0ms relocs=0ms deps=0ms tls=1ms total=1ms)
[kernel 195.099 cpu1] heartbeat: t=195.099s alive=8/8 mask=0xff ran=64 gap=0.251s
[kernel 195.099 cpu1] i8042: line status=0x1c irqs=4542 bytes=4542 kbd gsi=1 rte=0x0000000000000024 aux gsi=12 rte=0x0000000000000024
[kernel 195.349 cpu1] heartbeat: t=195.349s alive=8/8 mask=0xff ran=85 gap=0.250s
[kernel 195.349 cpu1] i8042: line status=0x1c irqs=4542 bytes=4542 kbd gsi=1 rte=0x0000000000000024 aux gsi=12 rte=0x0000000000000024
compositor: frames=111 rects=111 damage_px=83014656 damage_px_max=1996800 composite_us_min=9 composite_us_max=5779 composite_us_total=257217 scanout_wr_bytes=332058624 scanout_blits=111 back_rd_bytes=1506428 cursor=104 windows=3
[kernel 195.600 cpu7] heartbeat: t=195.600s alive=8/8 mask=0xff ran=82 gap=0.250s
[kernel 195.600 cpu7] i8042: line status=0x1c irqs=4542 bytes=4542 kbd gsi=1 rte=0x0000000000000024 aux gsi=12 rte=0x0000000000000024
[kernel 195.851 cpu1] heartbeat: t=195.851s alive=8/8 mask=0xff ran=98 gap=0.251s
[kernel 195.851 cpu1] i8042: line status=0x1c irqs=4542 bytes=4542 kbd gsi=1 rte=0x0000000000000024 aux gsi=12 rte=0x0000000000000024
[kernel 196.101 cpu1] heartbeat: t=196.101s alive=8/8 mask=0xff ran=84 gap=0.250s
[kernel 196.101 cpu1] i8042: line status=0x1c irqs=4546 bytes=4546 kbd gsi=1 rte=0x0000000000000024 aux gsi=12 rte=0x0000000000000024
[kernel 196.352 cpu1] heartbeat: t=196.352s alive=8/8 mask=0xff ran=85 gap=0.250s
[kernel 196.352 cpu1] i8042: line status=0x1c irqs=4552 bytes=4552 kbd gsi=1 rte=0x0000000000000024 aux gsi=12 rte=0x0000000000000024
[kernel 196.602 cpu1] heartbeat: t=196.602s alive=8/8 mask=0xff ran=89 gap=0.250s
[kernel 196.602 cpu1] i8042: line status=0x1c irqs=4556 bytes=4556 kbd gsi=1 rte=0x0000000000000024 aux gsi=12 rte=0x0000000000000024
[kernel 196.852 cpu1] heartbeat: t=196.852s alive=8/8 mask=0xff ran=87 gap=0.250s
[kernel 196.852 cpu1] i8042: line status=0x1c irqs=4560 bytes=4560 kbd gsi=1 rte=0x0000000000000024 aux gsi=12 rte=0x0000000000000024
[kernel 197.103 cpu1] heartbeat: t=197.103s alive=8/8 mask=0xff ran=91 gap=0.250s
[kernel 197.103 cpu1] i8042: line status=0x1c irqs=4564 bytes=4564 kbd gsi=1 rte=0x0000000000000024 aux gsi=12 rte=0x0000000000000024
compositor: frames=710 rects=710 damage_px=556812800 damage_px_max=786432 composite_us_min=93 composite_us_max=2770 composite_us_total=1730203 scanout_wr_bytes=2227251200 scanout_blits=710 back_rd_bytes=372656 cursor=708 windows=3
[kernel 197.353 cpu0] heartbeat: t=197.353s alive=8/8 mask=0xff ran=88 gap=0.250s
[kernel 197.353 cpu0] i8042: line status=0x1c irqs=4568 bytes=4568 kbd gsi=1 rte=0x0000000000000024 aux gsi=12 rte=0x0000000000000024
[kernel 197.605 cpu1] heartbeat: t=197.605s alive=8/8 mask=0xff ran=85 gap=0.252s
[kernel 197.605 cpu1] i8042: line status=0x1c irqs=4570 bytes=4570 kbd gsi=1 rte=0x0000000000000024 aux gsi=12 rte=0x0000000000000024
[kernel 197.856 cpu1] heartbeat: t=197.856s alive=8/8 mask=0xff ran=95 gap=0.250s
[kernel 197.856 cpu1] i8042: line status=0x1c irqs=4572 bytes=4572 kbd gsi=1 rte=0x0000000000000024 aux gsi=12 rte=0x0000000000000024
[kernel 198.107 cpu1] heartbeat: t=198.107s alive=8/8 mask=0xff ran=96 gap=0.250s
[kernel 198.107 cpu1] i8042: line status=0x1c irqs=4578 bytes=4578 kbd gsi=1 rte=0x0000000000000024 aux gsi=12 rte=0x0000000000000024
[kernel 198.358 cpu1] heartbeat: t=198.358s alive=8/8 mask=0xff ran=97 gap=0.250s
[kernel 198.358 cpu1] i8042: line status=0x1c irqs=4578 bytes=4578 kbd gsi=1 rte=0x0000000000000024 aux gsi=12 rte=0x0000000000000024
[kernel 198.609 cpu1] heartbeat: t=198.609s alive=8/8 mask=0xff ran=96 gap=0.251s
[kernel 198.609 cpu1] i8042: line status=0x1c irqs=4578 bytes=4578 kbd gsi=1 rte=0x0000000000000024 aux gsi=12 rte=0x0000000000000024
[kernel 198.861 cpu1] heartbeat: t=198.861s alive=8/8 mask=0xff ran=104 gap=0.251s
[kernel 198.861 cpu1] i8042: line status=0x1c irqs=4582 bytes=4582 kbd gsi=1 rte=0x0000000000000024 aux gsi=12 rte=0x0000000000000024
[kernel 199.111 cpu1] heartbeat: t=199.111s alive=8/8 mask=0xff ran=101 gap=0.250s
[kernel 199.111 cpu1] i8042: line status=0x1c irqs=4584 bytes=4584 kbd gsi=1 rte=0x0000000000000024 aux gsi=12 rte=0x0000000000000024
compositor: frames=723 rects=724 damage_px=567822848 damage_px_max=795904 composite_us_min=90 composite_us_max=2631 composite_us_total=1758055 scanout_wr_bytes=2271291392 scanout_blits=724 back_rd_bytes=378480 cursor=722 windows=3
[kernel 199.361 cpu3] heartbeat: t=199.361s alive=8/8 mask=0xff ran=76 gap=0.250s
[kernel 199.361 cpu3] i8042: line status=0x1c irqs=4588 bytes=4588 kbd gsi=1 rte=0x0000000000000024 aux gsi=12 rte=0x0000000000000024
[kernel 199.612 cpu1] heartbeat: t=199.612s alive=8/8 mask=0xff ran=84 gap=0.250s
[kernel 199.612 cpu1] i8042: line status=0x1c irqs=4590 bytes=4590 kbd gsi=1 rte=0x0000000000000024 aux gsi=12 rte=0x0000000000000024
[kernel 199.863 cpu1] heartbeat: t=199.863s alive=8/8 mask=0xff ran=83 gap=0.250s
[kernel 199.863 cpu1] i8042: line status=0x1c irqs=4594 bytes=4594 kbd gsi=1 rte=0x0000000000000024 aux gsi=12 rte=0x0000000000000024
[kernel 200.113 cpu1] heartbeat: t=200.113s alive=8/8 mask=0xff ran=88 gap=0.250s
[kernel 200.113 cpu1] i8042: line status=0x1c irqs=4596 bytes=4596 kbd gsi=1 rte=0x0000000000000024 aux gsi=12 rte=0x0000000000000024
[kernel 200.364 cpu1] heartbeat: t=200.364s alive=8/8 mask=0xff ran=78 gap=0.250s
[kernel 200.364 cpu1] i8042: line status=0x1c irqs=4596 bytes=4596 kbd gsi=1 rte=0x0000000000000024 aux gsi=12 rte=0x0000000000000024
[kernel 200.614 cpu1] heartbeat: t=200.614s alive=8/8 mask=0xff ran=84 gap=0.250s
[kernel 200.614 cpu1] i8042: line status=0x3c irqs=4605 bytes=4605 kbd gsi=1 rte=0x0000000000000024 aux gsi=12 rte=0x0000000000000024
[kernel 200.864 cpu0] heartbeat: t=200.864s alive=8/8 mask=0xff ran=90 gap=0.250s
[kernel 200.864 cpu0] i8042: line status=0x3c irqs=4664 bytes=4663 kbd gsi=1 rte=0x0000000000000024 aux gsi=12 rte=0x0000000000000024
[kernel 201.115 cpu1] heartbeat: t=201.115s alive=8/8 mask=0xff ran=77 gap=0.250s
[kernel 201.115 cpu1] i8042: line status=0x3c irqs=4701 bytes=4701 kbd gsi=1 rte=0x0000000000000024 aux gsi=12 rte=0x0000000000000024
[kernel 201.259 cpu0] PMM: 276/15962MB used (7843 pages free)
[kernel 201.259 cpu0]   kernel-heap  alloc=     6 free=     0 held=     6 (12MB) rate=0/s
[kernel 201.259 cpu0]   demand-page  alloc=    25 free=    16 held=     9 (18MB) rate=0/s
[kernel 201.259 cpu0]   mmap         alloc=    91 free=    54 held=    37 (74MB) rate=0/s
[kernel 201.259 cpu0]   shared-mem   alloc=    36 free=    18 held=    18 (36MB) rate=0/s
[kernel 201.259 cpu0]   pipe         alloc=    47 free=    35 held=    12 (24MB) rate=0/s
[kernel 201.259 cpu0]   elf          alloc=    23 free=    15 held=     8 (16MB) rate=0/s
[kernel 201.259 cpu0]   dma          alloc=     6 free=     0 held=     6 (12MB) rate=0/s
[kernel 201.259 cpu0]   framebuffer  alloc=     1 free=     0 held=     1 (2MB) rate=0/s
[kernel 201.259 cpu0]   stack        alloc=    92 free=    60 held=    32 (64MB) rate=0/s
[kernel 201.259 cpu0]   init-tls     alloc=    34 free=    25 held=     9 (18MB) rate=0/s
[kernel 201.336 cpu0] sched: cpu=0 ready=0 parked=1 current=None
compositor: frames=674 rects=693 damage_px=524627697 damage_px_max=820020 composite_us_min=11 composite_us_max=2881 composite_us_total=1626748 scanout_wr_bytes=2098510788 scanout_blits=693 back_rd_bytes=13312136 cursor=531 windows=3
[kernel 201.365 cpu0] heartbeat: t=201.365s alive=8/8 mask=0xff ran=85 gap=0.250s
[kernel 201.365 cpu0] i8042: line status=0x3c irqs=4734 bytes=4734 kbd gsi=1 rte=0x0000000000000024 aux gsi=12 rte=0x0000000000000024
[kernel 201.615 cpu1] heartbeat: t=201.615s alive=8/8 mask=0xff ran=98 gap=0.250s
[kernel 201.615 cpu1] i8042: line status=0x3c irqs=4752 bytes=4752 kbd gsi=1 rte=0x0000000000000024 aux gsi=12 rte=0x0000000000000024
[kernel 201.624 cpu3] sched: cpu=3 ready=0 parked=2 current=None
[kernel 201.848 cpu2] sched: cpu=2 ready=0 parked=0 current=None
[kernel 201.865 cpu1] heartbeat: t=201.865s alive=8/8 mask=0xff ran=103 gap=0.250s
[kernel 201.865 cpu1] i8042: line status=0x3c irqs=4764 bytes=4764 kbd gsi=1 rte=0x0000000000000024 aux gsi=12 rte=0x0000000000000024
[kernel 201.993 cpu1] sched: cpu=1 ready=0 parked=1 current=None
[kernel 202.088 cpu5] sched: cpu=5 ready=0 parked=2 current=None
[kernel 202.109 cpu4] sched: cpu=4 ready=0 parked=2 current=None
[kernel 202.115 cpu4] heartbeat: t=202.115s alive=8/8 mask=0xff ran=64 gap=0.250s
[kernel 202.115 cpu4] i8042: line status=0x3c irqs=4764 bytes=4764 kbd gsi=1 rte=0x0000000000000024 aux gsi=12 rte=0x0000000000000024
[kernel 202.148 cpu6] sched: cpu=6 ready=0 parked=1 current=None
compositor: window closed pid=22 by its close button, 2 left
[kernel 202.199 cpu1 tid=0] syscalls: pid=22 total=17723 syscall_wall=3411ms 0=5086 1=2543 6=2 8=5012 9=1 10=3 14=1 38=2 39=1 63=2
[kernel 202.199 cpu1 tid=0] memory: pid=22 peak=6MB allocs=3 frees=0
[kernel 202.199 cpu1 tid=0] exit: snake pid=22 code=0 cpu=3884ms
[kernel 202.334 cpu7] sched: cpu=7 ready=0 parked=0 current=None
[kernel 202.365 cpu0] heartbeat: t=202.365s alive=8/8 mask=0xff ran=47 gap=0.250s
[kernel 202.365 cpu0] i8042: line status=0x3c irqs=4770 bytes=4770 kbd gsi=1 rte=0x0000000000000024 aux gsi=12 rte=0x0000000000000024
[kernel 202.617 cpu0] heartbeat: t=202.617s alive=8/8 mask=0xff ran=13 gap=0.251s
[kernel 202.617 cpu0] i8042: line status=0x3c irqs=4770 bytes=4770 kbd gsi=1 rte=0x0000000000000024 aux gsi=12 rte=0x0000000000000024
[kernel 202.877 cpu3] heartbeat: t=202.877s alive=8/8 mask=0xff ran=18 gap=0.259s
[kernel 202.877 cpu3] i8042: line status=0x3c irqs=4791 bytes=4791 kbd gsi=1 rte=0x0000000000000024 aux gsi=12 rte=0x0000000000000024
[kernel 203.134 cpu6] heartbeat: t=203.134s alive=8/8 mask=0xff ran=15 gap=0.256s
[kernel 203.134 cpu6] i8042: line status=0x3c irqs=4803 bytes=4803 kbd gsi=1 rte=0x0000000000000024 aux gsi=12 rte=0x0000000000000024
[kernel 203.392 cpu3] heartbeat: t=203.392s alive=8/8 mask=0xff ran=15 gap=0.257s
[kernel 203.392 cpu3] i8042: line status=0x3c irqs=4803 bytes=4803 kbd gsi=1 rte=0x0000000000000024 aux gsi=12 rte=0x0000000000000024
compositor: frames=298 rects=305 damage_px=222370839 damage_px_max=1996800 composite_us_min=13 composite_us_max=6011 composite_us_total=689722 scanout_wr_bytes=889483356 scanout_blits=305 back_rd_bytes=4094176 cursor=295 windows=2
[kernel 203.654 cpu0] heartbeat: t=203.654s alive=8/8 mask=0xff ran=13 gap=0.262s
[kernel 203.654 cpu0] i8042: line status=0x3c irqs=4803 bytes=4803 kbd gsi=1 rte=0x0000000000000024 aux gsi=12 rte=0x0000000000000024
[kernel 203.755 cpu3] i8042: 4803 interrupts, 4803 bytes, 616 keys, 1285 motion, 56 undecoded, 0 discarded, 0 overruns, 0 dropped, 0 lost edges — last byte at 202924ms
[kernel 203.908 cpu3] heartbeat: t=203.908s alive=8/8 mask=0xff ran=15 gap=0.253s
[kernel 203.908 cpu3] i8042: line status=0x3c irqs=4803 bytes=4803 kbd gsi=1 rte=0x0000000000000024 aux gsi=12 rte=0x0000000000000024
[kernel 204.163 cpu3] heartbeat: t=204.163s alive=8/8 mask=0xff ran=19 gap=0.254s
[kernel 204.163 cpu3] i8042: line status=0x1c irqs=4804 bytes=4804 kbd gsi=1 rte=0x0000000000000024 aux gsi=12 rte=0x0000000000000024
/home/root> ls
[kernel 204.360 cpu5 tid=0] ELF: 3554 relocations indexed (RELATIVE + GLOB_DAT + TPOFF)
[kernel 204.360 cpu5 tid=0] spawn: TLS 1 modules, total_memsz=144
[kernel 204.361 cpu5 tid=0] spawn: /bin/ls pid=23 tid=0 base=0x10000000000 entry=0x1000002d4f4 cr3=0x609f000 symbols=2048KiB (layout=0ms relocs=0ms deps=0ms tls=1ms total=1ms)
[kernel 204.373 cpu2 tid=0] syscalls: pid=23 total=10 syscall_wall=0ms 0=1 6=1 17=1 21=1 63=2
[kernel 204.373 cpu2 tid=0] memory: pid=23 peak=4MB allocs=3 frees=0
[kernel 204.373 cpu2 tid=0] exit: ls pid=23 code=0 cpu=0ms
No files.
[kernel 204.417 cpu0] heartbeat: t=204.417s alive=8/8 mask=0xff ran=34 gap=0.254s
[kernel 204.417 cpu0] i8042: line status=0x1c irqs=4809 bytes=4808 kbd gsi=1 rte=0x0000000000000024 aux gsi=12 rte=0x0000000000000024
[kernel 204.673 cpu7] heartbeat: t=204.673s alive=8/8 mask=0xff ran=16 gap=0.255s
[kernel 204.673 cpu7] i8042: line status=0x1c irqs=4809 bytes=4809 kbd gsi=1 rte=0x0000000000000024 aux gsi=12 rte=0x0000000000000024
[kernel 204.923 cpu3] heartbeat: t=204.923s alive=8/8 mask=0xff ran=15 gap=0.250s
[kernel 204.923 cpu3] i8042: line status=0x1c irqs=4809 bytes=4809 kbd gsi=1 rte=0x0000000000000024 aux gsi=12 rte=0x0000000000000024
[kernel 205.178 cpu7] heartbeat: t=205.178s alive=8/8 mask=0xff ran=12 gap=0.254s
[kernel 205.178 cpu7] i8042: line status=0x1c irqs=4809 bytes=4809 kbd gsi=1 rte=0x0000000000000024 aux gsi=12 rte=0x0000000000000024
/home/root> ps
[kernel 205.428 cpu0] heartbeat: t=205.428s alive=8/8 mask=0xff ran=31 gap=0.250s
[kernel 205.428 cpu0] i8042: line status=0x1c irqs=4814 bytes=4814 kbd gsi=1 rte=0x0000000000000024 aux gsi=12 rte=0x0000000000000024
compositor: frames=10 rects=10 damage_px=31616 damage_px_max=9472 composite_us_min=10 composite_us_max=79 composite_us_total=303 scanout_wr_bytes=126464 scanout_blits=10 back_rd_bytes=78128 cursor=0 windows=2
[kernel 205.497 cpu5 tid=0] ELF: 3554 relocations indexed (RELATIVE + GLOB_DAT + TPOFF)
[kernel 205.497 cpu5 tid=0] spawn: TLS 1 modules, total_memsz=144
[kernel 205.497 cpu5 tid=0] spawn: /bin/ps pid=24 tid=0 base=0x10000000000 entry=0x1000002d4f4 cr3=0x6136000 symbols=2048KiB (layout=51ms relocs=0ms deps=0ms tls=1ms total=52ms)
[kernel 205.498 cpu3 tid=0] syscalls: pid=24 total=17 syscall_wall=0ms 0=10 6=1 45=1 63=1
[kernel 205.498 cpu3 tid=0] memory: pid=24 peak=2MB allocs=2 frees=0
[kernel 205.498 cpu3 tid=0] exit: ps pid=24 code=0 cpu=0ms
  PID TID  PPID  S      CPU  %CPU   MEM  NAME
    0   0     0  S   47.841   23%   32M  compositor
    1   0     0  S    0.903    0%    8M  soundd
    1   1     0  S    0.004    0%    8M  soundd-ctrl (thread)
    3   0     0  S    0.000    0%    4M  filepicker
    4   0     0  S    0.169    0%   16M  terminal
    5   0     4  S    0.280    0%    4M  shell
   17   0     0  S    0.137    0%   16M  terminal
   18   0    17  S    0.215    0%    4M  shell
   24   0    18  R    0.000    0%    4M  ps
[kernel 205.683 cpu3] heartbeat: t=205.683s alive=8/8 mask=0xff ran=21 gap=0.255s
[kernel 205.683 cpu3] i8042: line status=0x1c irqs=4815 bytes=4815 kbd gsi=1 rte=0x0000000000000024 aux gsi=12 rte=0x0000000000000024
[kernel 205.936 cpu3] heartbeat: t=205.936s alive=8/8 mask=0xff ran=13 gap=0.252s
[kernel 205.936 cpu3] i8042: line status=0x1c irqs=4815 bytes=4815 kbd gsi=1 rte=0x0000000000000024 aux gsi=12 rte=0x0000000000000024
[kernel 206.191 cpu3] heartbeat: t=206.191s alive=8/8 mask=0xff ran=14 gap=0.255s
[kernel 206.191 cpu3] i8042: line status=0x1c irqs=4815 bytes=4815 kbd gsi=1 rte=0x0000000000000024 aux gsi=12 rte=0x0000000000000024
[kernel 206.443 cpu7] heartbeat: t=206.443s alive=8/8 mask=0xff ran=14 gap=0.252s
[kernel 206.443 cpu7] i8042: line status=0x1c irqs=4815 bytes=4815 kbd gsi=1 rte=0x0000000000000024 aux gsi=12 rte=0x0000000000000024
[kernel 206.697 cpu3] heartbeat: t=206.697s alive=8/8 mask=0xff ran=15 gap=0.253s
[kernel 206.697 cpu3] i8042: line status=0x1c irqs=4815 bytes=4815 kbd gsi=1 rte=0x0000000000000024 aux gsi=12 rte=0x0000000000000024
[kernel 206.947 cpu3] heartbeat: t=206.947s alive=8/8 mask=0xff ran=14 gap=0.250s
[kernel 206.947 cpu3] i8042: line status=0x1c irqs=4815 bytes=4815 kbd gsi=1 rte=0x0000000000000024 aux gsi=12 rte=0x0000000000000024
[kernel 207.206 cpu3] heartbeat: t=207.206s alive=8/8 mask=0xff ran=14 gap=0.258s
[kernel 207.206 cpu3] i8042: line status=0x1c irqs=4815 bytes=4815 kbd gsi=1 rte=0x0000000000000024 aux gsi=12 rte=0x0000000000000024
compositor: frames=6 rects=6 damage_px=109056 damage_px_max=78080 composite_us_min=10 composite_us_max=335 composite_us_total=578 scanout_wr_bytes=436224 scanout_blits=6 back_rd_bytes=78128 cursor=0 windows=2
/home/root> ps
[kernel 207.456 cpu3] heartbeat: t=207.456s alive=8/8 mask=0xff ran=33 gap=0.250s
[kernel 207.456 cpu3] i8042: line status=0x1c irqs=4820 bytes=4820 kbd gsi=1 rte=0x0000000000000024 aux gsi=12 rte=0x0000000000000024
[kernel 207.466 cpu5 tid=0] ELF: 3554 relocations indexed (RELATIVE + GLOB_DAT + TPOFF)
[kernel 207.466 cpu5 tid=0] spawn: TLS 1 modules, total_memsz=144
[kernel 207.466 cpu5 tid=0] spawn: /bin/ps pid=25 tid=0 base=0x10000000000 entry=0x1000002d4f4 cr3=0x609f000 symbols=2048KiB (layout=5ms relocs=0ms deps=0ms tls=1ms total=6ms)
[kernel 207.526 cpu4 tid=0] syscalls: pid=25 total=17 syscall_wall=0ms 0=10 6=1 45=1 63=1
[kernel 207.526 cpu4 tid=0] memory: pid=25 peak=2MB allocs=2 frees=0
[kernel 207.526 cpu4 tid=0] exit: ps pid=25 code=0 cpu=0ms
  PID TID  PPID  S      CPU  %CPU   MEM  NAME
    0   0     0  S   47.844   23%   32M  compositor
    1   0     0  S    0.903    0%    8M  soundd
    1   1     0  S    0.004    0%    8M  soundd-ctrl (thread)
    3   0     0  S    0.000    0%    4M  filepicker
    4   0     0  S    0.169    0%   16M  terminal
    5   0     4  S    0.280    0%    4M  shell
   17   0     0  S    0.139    0%   16M  terminal
   18   0    17  S    0.232    0%    4M  shell
   25   0    18  R    0.000    0%    4M  ps
[kernel 207.712 cpu3] heartbeat: t=207.712s alive=8/8 mask=0xff ran=19 gap=0.256s
[kernel 207.712 cpu3] i8042: line status=0x1c irqs=4821 bytes=4821 kbd gsi=1 rte=0x0000000000000024 aux gsi=12 rte=0x0000000000000024
[kernel 207.973 cpu3] heartbeat: t=207.973s alive=8/8 mask=0xff ran=27 gap=0.261s
[kernel 207.973 cpu3] i8042: line status=0x1c irqs=4825 bytes=4825 kbd gsi=1 rte=0x0000000000000024 aux gsi=12 rte=0x0000000000000024
[kernel 208.226 cpu7] heartbeat: t=208.226s alive=8/8 mask=0xff ran=13 gap=0.252s
[kernel 208.226 cpu7] i8042: line status=0x1c irqs=4825 bytes=4825 kbd gsi=1 rte=0x0000000000000024 aux gsi=12 rte=0x0000000000000024
[kernel 208.428 cpu5 tid=0] ELF: 3554 relocations indexed (RELATIVE + GLOB_DAT + TPOFF)
[kernel 208.428 cpu5 tid=0] spawn: TLS 1 modules, total_memsz=144
[kernel 208.429 cpu5 tid=0] spawn: /bin/ps pid=26 tid=0 base=0x10000000000 entry=0x1000002d4f4 cr3=0x6136000 symbols=2048KiB (layout=0ms relocs=0ms deps=0ms tls=1ms total=1ms)
[kernel 208.429 cpu5 tid=0] syscalls: pid=26 total=17 syscall_wall=0ms 0=10 6=1 45=1 63=1
[kernel 208.429 cpu5 tid=0] memory: pid=26 peak=2MB allocs=2 frees=0
[kernel 208.429 cpu5 tid=0] exit: ps pid=26 code=0 cpu=0ms
/home/root> ps
  PID TID  PPID  S      CPU  %CPU   MEM  NAME
    0   0     0  S   47.848   22%   32M  compositor
    1   0     0  S    0.903    0%    8M  soundd
    1   1     0  S    0.004    0%    8M  soundd-ctrl (thread)
    3   0     0  S    0.000    0%    4M  filepicker
    4   0     0  S    0.169    0%   16M  terminal
    5   0     4  S    0.280    0%    4M  shell
   17   0     0  R    0.148    0%   16M  terminal
   18   0    17  S    0.234    0%    4M  shell
   26   0    18  R    0.000    0%    4M  ps
[kernel 208.476 cpu0] heartbeat: t=208.476s alive=8/8 mask=0xff ran=23 gap=0.250s
[kernel 208.476 cpu0] i8042: line status=0x1c irqs=4826 bytes=4826 kbd gsi=1 rte=0x0000000000000024 aux gsi=12 rte=0x0000000000000024
[kernel 208.729 cpu2] heartbeat: t=208.729s alive=8/8 mask=0xff ran=16 gap=0.253s
[kernel 208.729 cpu2] i8042: line status=0x1c irqs=4827 bytes=4827 kbd gsi=1 rte=0x0000000000000024 aux gsi=12 rte=0x0000000000000024
[kernel 208.981 cpu0] heartbeat: t=208.981s alive=8/8 mask=0xff ran=21 gap=0.251s
[kernel 208.981 cpu0] i8042: line status=0x1d irqs=4830 bytes=4828 kbd gsi=1 rte=0x0000000000000024 aux gsi=12 rte=0x0000000000000024
[kernel 209.098 cpu5 tid=0] ELF: 3554 relocations indexed (RELATIVE + GLOB_DAT + TPOFF)
[kernel 209.098 cpu5 tid=0] spawn: TLS 1 modules, total_memsz=144
[kernel 209.099 cpu5 tid=0] spawn: /bin/ps pid=27 tid=0 base=0x10000000000 entry=0x1000002d4f4 cr3=0x6077000 symbols=2048KiB (layout=0ms relocs=0ms deps=0ms tls=0ms total=1ms)
/home/root> ps
[kernel 209.121 cpu6 tid=0] syscalls: pid=27 total=17 syscall_wall=0ms 0=10 6=1 45=1 63=1
[kernel 209.121 cpu6 tid=0] memory: pid=27 peak=2MB allocs=2 frees=0
[kernel 209.121 cpu6 tid=0] exit: ps pid=27 code=0 cpu=0ms
  PID TID  PPID  S      CPU  %CPU   MEM  NAME
    0   0     0  S   47.855   22%   32M  compositor
    1   0     0  S    0.903    0%    8M  soundd
    1   1     0  S    0.004    0%    8M  soundd-ctrl (thread)
    3   0     0  S    0.000    0%    4M  filepicker
    4   0     0  S    0.169    0%   16M  terminal
    5   0     4  S    0.280    0%    4M  shell
   17   0     0  S    0.164    0%   16M  terminal
   18   0    17  S    0.236    0%    4M  shell
   27   0    18  R    0.000    0%    4M  ps
[kernel 209.232 cpu1] heartbeat: t=209.232s alive=8/8 mask=0xff ran=30 gap=0.250s
[kernel 209.232 cpu1] i8042: line status=0x1c irqs=4833 bytes=4833 kbd gsi=1 rte=0x0000000000000024 aux gsi=12 rte=0x0000000000000024
compositor: frames=15 rects=15 damage_px=3046016 damage_px_max=504832 composite_us_min=26 composite_us_max=2223 composite_us_total=12460 scanout_wr_bytes=12184064 scanout_blits=15 back_rd_bytes=1545940 cursor=0 windows=2
[kernel 209.482 cpu0] heartbeat: t=209.482s alive=8/8 mask=0xff ran=20 gap=0.250s
[kernel 209.482 cpu0] i8042: line status=0x1c irqs=4836 bytes=4836 kbd gsi=1 rte=0x0000000000000024 aux gsi=12 rte=0x0000000000000024
[kernel 209.584 cpu5 tid=0] ELF: 3554 relocations indexed (RELATIVE + GLOB_DAT + TPOFF)
[kernel 209.584 cpu5 tid=0] spawn: TLS 1 modules, total_memsz=144
[kernel 209.585 cpu5 tid=0] spawn: /bin/ps pid=28 tid=0 base=0x10000000000 entry=0x1000002d4f4 cr3=0x6136000 symbols=2048KiB (layout=0ms relocs=0ms deps=0ms tls=0ms total=1ms)
/home/root> ps
[kernel 209.631 cpu7 tid=0] syscalls: pid=28 total=17 syscall_wall=0ms 0=10 6=1 45=1 63=1
[kernel 209.631 cpu7 tid=0] memory: pid=28 peak=2MB allocs=2 frees=0
[kernel 209.631 cpu7 tid=0] exit: ps pid=28 code=0 cpu=1ms
  PID TID  PPID  S      CPU  %CPU   MEM  NAME
    0   0     0  S   47.861   22%   32M  compositor
    1   0     0  S    0.903    0%    8M  soundd
    1   1     0  S    0.004    0%    8M  soundd-ctrl (thread)
    3   0     0  S    0.000    0%    4M  filepicker
    4   0     0  S    0.169    0%   16M  terminal
    5   0     4  S    0.280    0%    4M  shell
   17   0     0  S    0.183    0%   16M  terminal
   18   0    17  S    0.238    0%    4M  shell
   28   0    18  R    0.000    0%    4M  ps
[kernel 209.742 cpu3] heartbeat: t=209.742s alive=8/8 mask=0xff ran=27 gap=0.260s
[kernel 209.742 cpu3] i8042: line status=0x1c irqs=4839 bytes=4839 kbd gsi=1 rte=0x0000000000000024 aux gsi=12 rte=0x0000000000000024
[kernel 209.995 cpu3] heartbeat: t=209.995s alive=8/8 mask=0xff ran=13 gap=0.252s
[kernel 209.995 cpu3] i8042: line status=0x1c irqs=4839 bytes=4839 kbd gsi=1 rte=0x0000000000000024 aux gsi=12 rte=0x0000000000000024
[kernel 210.250 cpu3] heartbeat: t=210.250s alive=8/8 mask=0xff ran=14 gap=0.255s
[kernel 210.250 cpu3] i8042: line status=0x1c irqs=4839 bytes=4839 kbd gsi=1 rte=0x0000000000000024 aux gsi=12 rte=0x0000000000000024
[kernel 210.502 cpu5] heartbeat: t=210.502s alive=8/8 mask=0xff ran=14 gap=0.251s
[kernel 210.502 cpu5] i8042: line status=0x1c irqs=4839 bytes=4839 kbd gsi=1 rte=0x0000000000000024 aux gsi=12 rte=0x0000000000000024
[kernel 210.753 cpu0] heartbeat: t=210.753s alive=8/8 mask=0xff ran=19 gap=0.250s
[kernel 210.753 cpu0] i8042: line status=0x3c irqs=4887 bytes=4886 kbd gsi=1 rte=0x0000000000000024 aux gsi=12 rte=0x0000000000000024
[kernel 211.007 cpu0] heartbeat: t=211.007s alive=8/8 mask=0xff ran=20 gap=0.253s
[kernel 211.007 cpu0] i8042: line status=0x3c irqs=4930 bytes=4929 kbd gsi=1 rte=0x0000000000000024 aux gsi=12 rte=0x0000000000000024
[kernel 211.262 cpu0] PMM: 246/15962MB used (7858 pages free)
[kernel 211.262 cpu0]   kernel-heap  alloc=     6 free=     0 held=     6 (12MB) rate=0/s
[kernel 211.262 cpu0]   demand-page  alloc=    31 free=    23 held=     8 (16MB) rate=0/s
[kernel 211.262 cpu0]   mmap         alloc=    98 free=    64 held=    34 (68MB) rate=0/s
[kernel 211.262 cpu0]   shared-mem   alloc=    36 free=    21 held=    15 (30MB) rate=0/s
[kernel 211.262 cpu0]   pipe         alloc=    47 free=    37 held=    10 (20MB) rate=0/s
[kernel 211.262 cpu0]   elf          alloc=    29 free=    22 held=     7 (14MB) rate=0/s
[kernel 211.262 cpu0]   dma          alloc=     6 free=     0 held=     6 (12MB) rate=0/s
[kernel 211.262 cpu0]   framebuffer  alloc=     1 free=     0 held=     1 (2MB) rate=0/s
[kernel 211.262 cpu0]   stack        alloc=   116 free=    88 held=    28 (56MB) rate=2/s
[kernel 211.262 cpu0]   init-tls     alloc=    40 free=    32 held=     8 (16MB) rate=0/s
[kernel 211.262 cpu0] heartbeat: t=211.262s alive=8/8 mask=0xff ran=20 gap=0.255s
[kernel 211.262 cpu0] i8042: line status=0x3c irqs=4984 bytes=4983 kbd gsi=1 rte=0x0000000000000024 aux gsi=12 rte=0x0000000000000024
[kernel 211.339 cpu0] sched: cpu=0 ready=0 parked=1 current=None
compositor: frames=68 rects=94 damage_px=1564715 damage_px_max=504832 composite_us_min=8 composite_us_max=2052 composite_us_total=7051 scanout_wr_bytes=6258860 scanout_blits=94 back_rd_bytes=589548 cursor=63 windows=2
[kernel 211.512 cpu0] heartbeat: t=211.512s alive=8/8 mask=0xff ran=16 gap=0.250s
[kernel 211.512 cpu0] i8042: line status=0x3c irqs=5040 bytes=5040 kbd gsi=1 rte=0x0000000000000024 aux gsi=12 rte=0x0000000000000024
[kernel 211.632 cpu3] sched: cpu=3 ready=0 parked=2 current=None
[kernel 211.763 cpu3] heartbeat: t=211.763s alive=8/8 mask=0xff ran=12 gap=0.250s
[kernel 211.763 cpu3] i8042: line status=0x3c irqs=5058 bytes=5058 kbd gsi=1 rte=0x0000000000000024 aux gsi=12 rte=0x0000000000000024
[kernel 211.872 cpu2] sched: cpu=2 ready=0 parked=0 current=None
[kernel 212.017 cpu0] heartbeat: t=212.017s alive=8/8 mask=0xff ran=15 gap=0.254s
[kernel 212.017 cpu0] i8042: line status=0x3c irqs=5074 bytes=5073 kbd gsi=1 rte=0x0000000000000024 aux gsi=12 rte=0x0000000000000024
[kernel 212.072 cpu1] sched: cpu=1 ready=0 parked=0 current=None
[kernel 212.132 cpu5] sched: cpu=5 ready=0 parked=2 current=None
[kernel 212.172 cpu6] sched: cpu=6 ready=0 parked=1 current=None
[kernel 212.176 cpu4] sched: cpu=4 ready=0 parked=2 current=None
[kernel 212.272 cpu7] heartbeat: t=212.272s alive=8/8 mask=0xff ran=20 gap=0.254s
[kernel 212.272 cpu7] i8042: line status=0x3c irqs=5133 bytes=5133 kbd gsi=1 rte=0x0000000000000024 aux gsi=12 rte=0x0000000000000024
[kernel 212.409 cpu7] sched: cpu=7 ready=0 parked=0 current=None
[kernel 212.529 cpu0] heartbeat: t=212.529s alive=8/8 mask=0xff ran=18 gap=0.256s
[kernel 212.529 cpu0] i8042: line status=0x3c irqs=5164 bytes=5163 kbd gsi=1 rte=0x0000000000000024 aux gsi=12 rte=0x0000000000000024
[kernel 212.785 cpu0] heartbeat: t=212.785s alive=8/8 mask=0xff ran=20 gap=0.255s
[kernel 212.785 cpu0] i8042: line status=0x3c irqs=5224 bytes=5223 kbd gsi=1 rte=0x0000000000000024 aux gsi=12 rte=0x0000000000000024
[kernel 213.036 cpu7] heartbeat: t=213.036s alive=8/8 mask=0xff ran=16 gap=0.251s
[kernel 213.036 cpu7] i8042: line status=0x3c irqs=5232 bytes=5232 kbd gsi=1 rte=0x0000000000000024 aux gsi=12 rte=0x0000000000000024
[kernel 213.296 cpu3] heartbeat: t=213.296s alive=8/8 mask=0xff ran=15 gap=0.260s
[kernel 213.297 cpu3] i8042: line status=0x3c irqs=5232 bytes=5232 kbd gsi=1 rte=0x0000000000000024 aux gsi=12 rte=0x0000000000000024
compositor: frames=64 rects=70 damage_px=64657 damage_px_max=10272 composite_us_min=8 composite_us_max=100 composite_us_total=1293 scanout_wr_bytes=258628 scanout_blits=70 back_rd_bytes=143400 cursor=63 windows=2
[kernel 213.546 cpu0] heartbeat: t=213.546s alive=8/8 mask=0xff ran=14 gap=0.250s
[kernel 213.546 cpu0] i8042: line status=0x3c irqs=5232 bytes=5232 kbd gsi=1 rte=0x0000000000000024 aux gsi=12 rte=0x0000000000000024
[kernel 213.760 cpu1] i8042: 5232 interrupts, 5232 bytes, 652 keys, 1416 motion, 56 undecoded, 0 discarded, 0 overruns, 0 dropped, 0 lost edges — last byte at 212812ms
[kernel 213.807 cpu4] heartbeat: t=213.807s alive=8/8 mask=0xff ran=15 gap=0.260s
[kernel 213.807 cpu4] i8042: line status=0x3c irqs=5232 bytes=5232 kbd gsi=1 rte=0x0000000000000024 aux gsi=12 rte=0x0000000000000024
[kernel 214.060 cpu7] heartbeat: t=214.060s alive=8/8 mask=0xff ran=18 gap=0.253s
[kernel 214.060 cpu7] i8042: line status=0x3c irqs=5256 bytes=5256 kbd gsi=1 rte=0x0000000000000024 aux gsi=12 rte=0x0000000000000024
[kernel 214.318 cpu2] heartbeat: t=214.318s alive=8/8 mask=0xff ran=20 gap=0.257s
[kernel 214.318 cpu2] i8042: line status=0x3c irqs=5304 bytes=5304 kbd gsi=1 rte=0x0000000000000024 aux gsi=12 rte=0x0000000000000024
[kernel 214.569 cpu3] heartbeat: t=214.569s alive=8/8 mask=0xff ran=19 gap=0.251s
[kernel 214.569 cpu3] i8042: line status=0x3c irqs=5355 bytes=5355 kbd gsi=1 rte=0x0000000000000024 aux gsi=12 rte=0x0000000000000024
[kernel 214.823 cpu2] heartbeat: t=214.823s alive=8/8 mask=0xff ran=12 gap=0.254s
[kernel 214.823 cpu2] i8042: line status=0x3c irqs=5355 bytes=5355 kbd gsi=1 rte=0x0000000000000024 aux gsi=12 rte=0x0000000000000024
[kernel 215.075 cpu0] heartbeat: t=215.075s alive=8/8 mask=0xff ran=18 gap=0.251s
[kernel 215.075 cpu0] i8042: line status=0x3c irqs=5386 bytes=5385 kbd gsi=1 rte=0x0000000000000024 aux gsi=12 rte=0x0000000000000024
[kernel 215.341 cpu0] heartbeat: t=215.341s alive=8/8 mask=0xff ran=17 gap=0.266s
[kernel 215.341 cpu0] i8042: line status=0x3c irqs=5400 bytes=5400 kbd gsi=1 rte=0x0000000000000024 aux gsi=12 rte=0x0000000000000024
compositor: frames=57 rects=61 damage_px=52218 damage_px_max=9912 composite_us_min=8 composite_us_max=112 composite_us_total=1653 scanout_wr_bytes=208872 scanout_blits=61 back_rd_bytes=10232016 cursor=56 windows=2
[kernel 215.591 cpu0] heartbeat: t=215.591s alive=8/8 mask=0xff ran=14 gap=0.250s
[kernel 215.591 cpu0] i8042: line status=0x3c irqs=5400 bytes=5400 kbd gsi=1 rte=0x0000000000000024 aux gsi=12 rte=0x0000000000000024
[kernel 215.842 cpu0] heartbeat: t=215.842s alive=8/8 mask=0xff ran=19 gap=0.251s
[kernel 215.842 cpu0] i8042: line status=0x3c irqs=5431 bytes=5430 kbd gsi=1 rte=0x0000000000000024 aux gsi=12 rte=0x0000000000000024
[kernel 216.104 cpu3] heartbeat: t=216.104s alive=8/8 mask=0xff ran=17 gap=0.261s
[kernel 216.104 cpu3] i8042: line status=0x3c irqs=5445 bytes=5445 kbd gsi=1 rte=0x0000000000000024 aux gsi=12 rte=0x0000000000000024
[kernel 216.357 cpu3] heartbeat: t=216.357s alive=8/8 mask=0xff ran=13 gap=0.252s
[kernel 216.357 cpu3] i8042: line status=0x3c irqs=5448 bytes=5448 kbd gsi=1 rte=0x0000000000000024 aux gsi=12 rte=0x0000000000000024
[kernel 216.619 cpu4] heartbeat: t=216.619s alive=8/8 mask=0xff ran=14 gap=0.262s
[kernel 216.619 cpu4] i8042: line status=0x3c irqs=5451 bytes=5451 kbd gsi=1 rte=0x0000000000000024 aux gsi=12 rte=0x0000000000000024
[kernel 216.870 cpu7] heartbeat: t=216.870s alive=8/8 mask=0xff ran=19 gap=0.251s
[kernel 216.870 cpu7] i8042: line status=0x3c irqs=5493 bytes=5493 kbd gsi=1 rte=0x0000000000000024 aux gsi=12 rte=0x0000000000000024
[kernel 217.127 cpu3] heartbeat: t=217.127s alive=8/8 mask=0xff ran=17 gap=0.256s
[kernel 217.127 cpu3] i8042: line status=0x3c irqs=5496 bytes=5496 kbd gsi=1 rte=0x0000000000000024 aux gsi=12 rte=0x0000000000000024
[kernel 217.377 cpu0] heartbeat: t=217.377s alive=8/8 mask=0xff ran=15 gap=0.250s
[kernel 217.377 cpu0] i8042: line status=0x3c irqs=5509 bytes=5508 kbd gsi=1 rte=0x0000000000000024 aux gsi=12 rte=0x0000000000000024
compositor: frames=40 rects=43 damage_px=28825959 damage_px_max=1996800 composite_us_min=9 composite_us_max=5337 composite_us_total=75654 scanout_wr_bytes=115303836 scanout_blits=43 back_rd_bytes=21081460 cursor=38 windows=2
[kernel 217.640 cpu3] heartbeat: t=217.640s alive=8/8 mask=0xff ran=15 gap=0.262s
[kernel 217.640 cpu3] i8042: line status=0x3c irqs=5514 bytes=5514 kbd gsi=1 rte=0x0000000000000024 aux gsi=12 rte=0x0000000000000024
[kernel 217.896 cpu7] heartbeat: t=217.896s alive=8/8 mask=0xff ran=34 gap=0.256s
[kernel 217.896 cpu7] i8042: line status=0x1c irqs=5519 bytes=5519 kbd gsi=1 rte=0x0000000000000024 aux gsi=12 rte=0x0000000000000024
[kernel 218.160 cpu3] heartbeat: t=218.160s alive=8/8 mask=0xff ran=29 gap=0.263s
[kernel 218.160 cpu3] i8042: line status=0x1c irqs=5523 bytes=5523 kbd gsi=1 rte=0x0000000000000024 aux gsi=12 rte=0x0000000000000024
/home/root> rustc
rustc: not found
[kernel 218.415 cpu0] heartbeat: t=218.415s alive=8/8 mask=0xff ran=22 gap=0.255s
[kernel 218.415 cpu0] i8042: line status=0x1c irqs=5526 bytes=5526 kbd gsi=1 rte=0x0000000000000024 aux gsi=12 rte=0x0000000000000024
[kernel 218.666 cpu3] heartbeat: t=218.666s alive=8/8 mask=0xff ran=15 gap=0.250s
[kernel 218.666 cpu3] i8042: line status=0x1c irqs=5526 bytes=5526 kbd gsi=1 rte=0x0000000000000024 aux gsi=12 rte=0x0000000000000024
[kernel 218.922 cpu3] heartbeat: t=218.922s alive=8/8 mask=0xff ran=15 gap=0.255s
[kernel 218.922 cpu3] i8042: line status=0x1c irqs=5526 bytes=5526 kbd gsi=1 rte=0x0000000000000024 aux gsi=12 rte=0x0000000000000024
[kernel 219.176 cpu6] heartbeat: t=219.176s alive=8/8 mask=0xff ran=12 gap=0.253s
[kernel 219.176 cpu6] i8042: line status=0x1c irqs=5526 bytes=5526 kbd gsi=1 rte=0x0000000000000024 aux gsi=12 rte=0x0000000000000024
[kernel 219.428 cpu4] heartbeat: t=219.428s alive=8/8 mask=0xff ran=13 gap=0.252s
[kernel 219.428 cpu4] i8042: line status=0x1c irqs=5526 bytes=5526 kbd gsi=1 rte=0x0000000000000024 aux gsi=12 rte=0x0000000000000024
compositor: frames=8 rects=8 damage_px=473088 damage_px_max=452864 composite_us_min=5 composite_us_max=1718 composite_us_total=1899 scanout_wr_bytes=1892352 scanout_blits=8 back_rd_bytes=75768 cursor=0 windows=2
[kernel 219.681 cpu6] heartbeat: t=219.681s alive=8/8 mask=0xff ran=13 gap=0.252s
[kernel 219.681 cpu6] i8042: line status=0x1c irqs=5526 bytes=5526 kbd gsi=1 rte=0x0000000000000024 aux gsi=12 rte=0x0000000000000024
[kernel 219.932 cpu4] heartbeat: t=219.932s alive=8/8 mask=0xff ran=15 gap=0.250s
[kernel 219.932 cpu4] i8042: line status=0x1c irqs=5526 bytes=5526 kbd gsi=1 rte=0x0000000000000024 aux gsi=12 rte=0x0000000000000024
[kernel 220.186 cpu3] heartbeat: t=220.186s alive=8/8 mask=0xff ran=15 gap=0.254s
[kernel 220.186 cpu3] i8042: line status=0x1c irqs=5526 bytes=5526 kbd gsi=1 rte=0x0000000000000024 aux gsi=12 rte=0x0000000000000024
[kernel 220.446 cpu3] heartbeat: t=220.446s alive=8/8 mask=0xff ran=13 gap=0.259s
[kernel 220.446 cpu3] i8042: line status=0x1c irqs=5526 bytes=5526 kbd gsi=1 rte=0x0000000000000024 aux gsi=12 rte=0x0000000000000024
[kernel 220.705 cpu3] heartbeat: t=220.705s alive=8/8 mask=0xff ran=19 gap=0.258s
[kernel 220.705 cpu3] i8042: line status=0x1c irqs=5528 bytes=5528 kbd gsi=1 rte=0x0000000000000024 aux gsi=12 rte=0x0000000000000024
[kernel 220.957 cpu3] heartbeat: t=220.957s alive=8/8 mask=0xff ran=32 gap=0.252s
[kernel 220.957 cpu3] i8042: line status=0x1c irqs=5533 bytes=5533 kbd gsi=1 rte=0x0000000000000024 aux gsi=12 rte=0x0000000000000024
[kernel 221.219 cpu3] heartbeat: t=221.219s alive=8/8 mask=0xff ran=23 gap=0.262s
[kernel 221.219 cpu3] i8042: line status=0x1c irqs=5536 bytes=5536 kbd gsi=1 rte=0x0000000000000024 aux gsi=12 rte=0x0000000000000024
[kernel 221.270 cpu3] PMM: 246/15962MB used (7858 pages free)
[kernel 221.270 cpu3]   kernel-heap  alloc=     6 free=     0 held=     6 (12MB) rate=0/s
[kernel 221.270 cpu3]   demand-page  alloc=    31 free=    23 held=     8 (16MB) rate=0/s
[kernel 221.270 cpu3]   mmap         alloc=    98 free=    64 held=    34 (68MB) rate=0/s
[kernel 221.270 cpu3]   shared-mem   alloc=    36 free=    21 held=    15 (30MB) rate=0/s
[kernel 221.270 cpu3]   pipe         alloc=    47 free=    37 held=    10 (20MB) rate=0/s
[kernel 221.270 cpu3]   elf          alloc=    29 free=    22 held=     7 (14MB) rate=0/s
[kernel 221.270 cpu3]   dma          alloc=     6 free=     0 held=     6 (12MB) rate=0/s
[kernel 221.270 cpu3]   framebuffer  alloc=     1 free=     0 held=     1 (2MB) rate=0/s
[kernel 221.270 cpu3]   stack        alloc=   116 free=    88 held=    28 (56MB) rate=0/s
[kernel 221.270 cpu3]   init-tls     alloc=    40 free=    32 held=     8 (16MB) rate=0/s
[kernel 221.388 cpu0] sched: cpu=0 ready=0 parked=1 current=None
[kernel 221.472 cpu3] heartbeat: t=221.472s alive=8/8 mask=0xff ran=12 gap=0.252s
[kernel 221.472 cpu3] i8042: line status=0x1c irqs=5536 bytes=5536 kbd gsi=1 rte=0x0000000000000024 aux gsi=12 rte=0x0000000000000024
compositor: frames=7 rects=7 damage_px=20224 damage_px_max=9472 composite_us_min=5 composite_us_max=80 composite_us_total=169 scanout_wr_bytes=80896 scanout_blits=7 back_rd_bytes=75768 cursor=0 windows=2
[kernel 221.647 cpu3] sched: cpu=3 ready=0 parked=2 current=None
[kernel 221.728 cpu7] heartbeat: t=221.728s alive=8/8 mask=0xff ran=20 gap=0.256s
[kernel 221.728 cpu7] i8042: line status=0x1c irqs=5537 bytes=5537 kbd gsi=1 rte=0x0000000000000024 aux gsi=12 rte=0x0000000000000024
[kernel 221.934 cpu2] sched: cpu=2 ready=0 parked=0 current=None
[kernel 221.980 cpu3] heartbeat: t=221.980s alive=8/8 mask=0xff ran=16 gap=0.251s
[kernel 221.980 cpu3] i8042: line status=0x1c irqs=5538 bytes=5538 kbd gsi=1 rte=0x0000000000000024 aux gsi=12 rte=0x0000000000000024
[kernel 222.129 cpu1] sched: cpu=1 ready=0 parked=0 current=None
[kernel 222.139 cpu5] sched: cpu=5 ready=0 parked=2 current=None
[kernel 222.176 cpu4] sched: cpu=4 ready=0 parked=2 current=None
[kernel 222.230 cpu0] heartbeat: t=222.230s alive=8/8 mask=0xff ran=22 gap=0.250s
[kernel 222.230 cpu0] i8042: line status=0x1c irqs=5541 bytes=5541 kbd gsi=1 rte=0x0000000000000024 aux gsi=12 rte=0x0000000000000024
[kernel 222.234 cpu6] sched: cpu=6 ready=0 parked=1 current=None
[kernel 222.324 cpu5 tid=0] ELF: 17467 relocations indexed (RELATIVE + GLOB_DAT + TPOFF)
[kernel 222.324 cpu5 tid=0] spawn: TLS 1 modules, total_memsz=152
[kernel 222.326 cpu5 tid=0] spawn: /bin/toyos-cc pid=29 tid=0 base=0x10000000000 entry=0x10000787c0c cr3=0x6102000 symbols=6144KiB (layout=0ms relocs=0ms deps=0ms tls=1ms total=3ms)
/home/root> toyos-cc
[kernel 222.382 cpu1 tid=1] syscalls: pid=29 total=2 syscall_wall=0ms 0=1
[kernel 222.382 cpu1 tid=1] memory: pid=29 peak=132MB allocs=5 frees=0
[kernel 222.382 cpu1 tid=1] exit: toyos-cc pid=29 code=1 cpu=8ms
toyos-cc: no input files
[kernel 222.409 cpu7] sched: cpu=7 ready=0 parked=0 current=None
[kernel 222.490 cpu3] heartbeat: t=222.490s alive=8/8 mask=0xff ran=25 gap=0.260s
[kernel 222.490 cpu3] i8042: line status=0x1c irqs=5544 bytes=5544 kbd gsi=1 rte=0x0000000000000024 aux gsi=12 rte=0x0000000000000024
[kernel 222.749 cpu3] heartbeat: t=222.749s alive=8/8 mask=0xff ran=13 gap=0.259s
[kernel 222.749 cpu3] i8042: line status=0x1c irqs=5544 bytes=5544 kbd gsi=1 rte=0x0000000000000024 aux gsi=12 rte=0x0000000000000024
[kernel 223.007 cpu3] heartbeat: t=223.007s alive=8/8 mask=0xff ran=13 gap=0.257s
[kernel 223.007 cpu3] i8042: line status=0x1c irqs=5544 bytes=5544 kbd gsi=1 rte=0x0000000000000024 aux gsi=12 rte=0x0000000000000024
[kernel 223.257 cpu1] heartbeat: t=223.257s alive=8/8 mask=0xff ran=14 gap=0.250s
[kernel 223.257 cpu1] i8042: line status=0x1c irqs=5544 bytes=5544 kbd gsi=1 rte=0x0000000000000024 aux gsi=12 rte=0x0000000000000024
[kernel 223.518 cpu3] heartbeat: t=223.518s alive=8/8 mask=0xff ran=15 gap=0.261s
[kernel 223.518 cpu3] i8042: line status=0x1c irqs=5544 bytes=5544 kbd gsi=1 rte=0x0000000000000024 aux gsi=12 rte=0x0000000000000024
compositor: frames=8 rects=8 damage_px=919296 damage_px_max=452864 composite_us_min=5 composite_us_max=1803 composite_us_total=3429 scanout_wr_bytes=3677184 scanout_blits=8 back_rd_bytes=75768 cursor=0 windows=2
[kernel 223.762 cpu3] i8042: 5544 interrupts, 5544 bytes, 682 keys, 1510 motion, 56 undecoded, 0 discarded, 0 overruns, 0 dropped, 0 lost edges — last byte at 222384ms
[kernel 223.768 cpu0] heartbeat: t=223.768s alive=8/8 mask=0xff ran=14 gap=0.250s
[kernel 223.768 cpu0] i8042: line status=0x1c irqs=5544 bytes=5544 kbd gsi=1 rte=0x0000000000000024 aux gsi=12 rte=0x0000000000000024
[kernel 224.021 cpu7] heartbeat: t=224.021s alive=8/8 mask=0xff ran=14 gap=0.253s
[kernel 224.021 cpu7] i8042: line status=0x1c irqs=5544 bytes=5544 kbd gsi=1 rte=0x0000000000000024 aux gsi=12 rte=0x0000000000000024
[kernel 224.273 cpu3] heartbeat: t=224.273s alive=8/8 mask=0xff ran=15 gap=0.251s
[kernel 224.273 cpu3] i8042: line status=0x1c irqs=5544 bytes=5544 kbd gsi=1 rte=0x0000000000000024 aux gsi=12 rte=0x0000000000000024
[kernel 224.528 cpu3] heartbeat: t=224.528s alive=8/8 mask=0xff ran=14 gap=0.255s
[kernel 224.528 cpu3] i8042: line status=0x1c irqs=5544 bytes=5544 kbd gsi=1 rte=0x0000000000000024 aux gsi=12 rte=0x0000000000000024
[kernel 224.788 cpu3] heartbeat: t=224.788s alive=8/8 mask=0xff ran=15 gap=0.260s
[kernel 224.788 cpu3] i8042: line status=0x1c irqs=5544 bytes=5544 kbd gsi=1 rte=0x0000000000000024 aux gsi=12 rte=0x0000000000000024
[kernel 225.044 cpu3] heartbeat: t=225.044s alive=8/8 mask=0xff ran=15 gap=0.255s
[kernel 225.044 cpu3] i8042: line status=0x1c irqs=5544 bytes=5544 kbd gsi=1 rte=0x0000000000000024 aux gsi=12 rte=0x0000000000000024
[kernel 225.300 cpu3] heartbeat: t=225.300s alive=8/8 mask=0xff ran=15 gap=0.255s
[kernel 225.300 cpu3] i8042: line status=0x1c irqs=5544 bytes=5544 kbd gsi=1 rte=0x0000000000000024 aux gsi=12 rte=0x0000000000000024
[kernel 225.558 cpu0] heartbeat: t=225.558s alive=8/8 mask=0xff ran=12 gap=0.258s
[kernel 225.558 cpu0] i8042: line status=0x1c irqs=5544 bytes=5544 kbd gsi=1 rte=0x0000000000000024 aux gsi=12 rte=0x0000000000000024
compositor: frames=2 rects=2 damage_px=18944 damage_px_max=9472 composite_us_min=67 composite_us_max=69 composite_us_total=137 scanout_wr_bytes=75776 scanout_blits=2 back_rd_bytes=75768 cursor=0 windows=2
[kernel 225.817 cpu3] heartbeat: t=225.817s alive=8/8 mask=0xff ran=14 gap=0.258s
[kernel 225.817 cpu3] i8042: line status=0x1c irqs=5544 bytes=5544 kbd gsi=1 rte=0x0000000000000024 aux gsi=12 rte=0x0000000000000024
[kernel 226.078 cpu3] heartbeat: t=226.078s alive=8/8 mask=0xff ran=18 gap=0.261s
[kernel 226.078 cpu3] i8042: line status=0x1c irqs=5545 bytes=5545 kbd gsi=1 rte=0x0000000000000024 aux gsi=12 rte=0x0000000000000024
[kernel 226.338 cpu7] heartbeat: t=226.338s alive=8/8 mask=0xff ran=21 gap=0.260s
[kernel 226.338 cpu7] i8042: line status=0x1c irqs=5548 bytes=5548 kbd gsi=1 rte=0x0000000000000024 aux gsi=12 rte=0x0000000000000024
[kernel 226.591 cpu1] heartbeat: t=226.591s alive=8/8 mask=0xff ran=28 gap=0.252s
[kernel 226.591 cpu1] i8042: line status=0x1c irqs=5551 bytes=5551 kbd gsi=1 rte=0x0000000000000024 aux gsi=12 rte=0x0000000000000024
[kernel 226.856 cpu3] heartbeat: t=226.856s alive=8/8 mask=0xff ran=17 gap=0.265s
[kernel 226.856 cpu3] i8042: line status=0x1c irqs=5552 bytes=5552 kbd gsi=1 rte=0x0000000000000024 aux gsi=12 rte=0x0000000000000024
[kernel 227.114 cpu3] heartbeat: t=227.114s alive=8/8 mask=0xff ran=13 gap=0.257s
[kernel 227.114 cpu3] i8042: line status=0x1c irqs=5552 bytes=5552 kbd gsi=1 rte=0x0000000000000024 aux gsi=12 rte=0x0000000000000024
[kernel 227.371 cpu7] heartbeat: t=227.371s alive=8/8 mask=0xff ran=27 gap=0.257s
[kernel 227.371 cpu7] i8042: line status=0x1c irqs=5555 bytes=5555 kbd gsi=1 rte=0x0000000000000024 aux gsi=12 rte=0x0000000000000024
[kernel 227.622 cpu2] heartbeat: t=227.622s alive=8/8 mask=0xff ran=37 gap=0.251s
[kernel 227.622 cpu2] i8042: line status=0x1c irqs=5561 bytes=5561 kbd gsi=1 rte=0x0000000000000024 aux gsi=12 rte=0x0000000000000024
compositor: frames=11 rects=11 damage_px=21248 damage_px_max=9472 composite_us_min=5 composite_us_max=63 composite_us_total=178 scanout_wr_bytes=84992 scanout_blits=11 back_rd_bytes=75768 cursor=0 windows=2
[kernel 227.878 cpu3] heartbeat: t=227.878s alive=8/8 mask=0xff ran=28 gap=0.256s
[kernel 227.878 cpu3] i8042: line status=0x1c irqs=5566 bytes=5566 kbd gsi=1 rte=0x0000000000000024 aux gsi=12 rte=0x0000000000000024
[kernel 228.133 cpu1] heartbeat: t=228.133s alive=8/8 mask=0xff ran=14 gap=0.254s
[kernel 228.133 cpu1] i8042: line status=0x1c irqs=5566 bytes=5566 kbd gsi=1 rte=0x0000000000000024 aux gsi=12 rte=0x0000000000000024
[kernel 228.393 cpu3] heartbeat: t=228.393s alive=8/8 mask=0xff ran=15 gap=0.259s
[kernel 228.393 cpu3] i8042: line status=0x1c irqs=5566 bytes=5566 kbd gsi=1 rte=0x0000000000000024 aux gsi=12 rte=0x0000000000000024
[kernel 228.644 cpu2] heartbeat: t=228.644s alive=8/8 mask=0xff ran=15 gap=0.251s
[kernel 228.644 cpu2] i8042: line status=0x1c irqs=5566 bytes=5566 kbd gsi=1 rte=0x0000000000000024 aux gsi=12 rte=0x0000000000000024
[kernel 228.906 cpu7] heartbeat: t=228.906s alive=8/8 mask=0xff ran=15 gap=0.262s
[kernel 228.906 cpu7] i8042: line status=0x1c irqs=5566 bytes=5566 kbd gsi=1 rte=0x0000000000000024 aux gsi=12 rte=0x0000000000000024
[kernel 229.159 cpu3] heartbeat: t=229.159s alive=8/8 mask=0xff ran=15 gap=0.252s
[kernel 229.159 cpu3] i8042: line status=0x1c irqs=5566 bytes=5566 kbd gsi=1 rte=0x0000000000000024 aux gsi=12 rte=0x0000000000000024
[kernel 229.412 cpu4] heartbeat: t=229.412s alive=8/8 mask=0xff ran=15 gap=0.252s
[kernel 229.412 cpu4] i8042: line status=0x1c irqs=5566 bytes=5566 kbd gsi=1 rte=0x0000000000000024 aux gsi=12 rte=0x0000000000000024
[kernel 229.665 cpu3] heartbeat: t=229.665s alive=8/8 mask=0xff ran=15 gap=0.253s
[kernel 229.665 cpu3] i8042: line status=0x1c irqs=5566 bytes=5566 kbd gsi=1 rte=0x0000000000000024 aux gsi=12 rte=0x0000000000000024
compositor: frames=4 rects=4 damage_px=19456 damage_px_max=9472 composite_us_min=5 composite_us_max=68 composite_us_total=141 scanout_wr_bytes=77824 scanout_blits=4 back_rd_bytes=75768 cursor=0 windows=2
[kernel 229.915 cpu5] heartbeat: t=229.915s alive=8/8 mask=0xff ran=10 gap=0.250s
[kernel 229.915 cpu5] i8042: line status=0x1c irqs=5566 bytes=5566 kbd gsi=1 rte=0x0000000000000024 aux gsi=12 rte=0x0000000000000024
[kernel 230.166 cpu2] heartbeat: t=230.166s alive=8/8 mask=0xff ran=15 gap=0.250s
[kernel 230.166 cpu2] i8042: line status=0x1c irqs=5566 bytes=5566 kbd gsi=1 rte=0x0000000000000024 aux gsi=12 rte=0x0000000000000024
[kernel 230.416 cpu7] heartbeat: t=230.416s alive=8/8 mask=0xff ran=15 gap=0.250s
[kernel 230.416 cpu7] i8042: line status=0x1c irqs=5566 bytes=5566 kbd gsi=1 rte=0x0000000000000024 aux gsi=12 rte=0x0000000000000024
[kernel 230.681 cpu3] heartbeat: t=230.681s alive=8/8 mask=0xff ran=15 gap=0.264s
[kernel 230.681 cpu3] i8042: line status=0x1c irqs=5566 bytes=5566 kbd gsi=1 rte=0x0000000000000024 aux gsi=12 rte=0x0000000000000024
[kernel 230.947 cpu3] heartbeat: t=230.947s alive=8/8 mask=0xff ran=14 gap=0.266s
[kernel 230.947 cpu3] i8042: line status=0x1c irqs=5566 bytes=5566 kbd gsi=1 rte=0x0000000000000024 aux gsi=12 rte=0x0000000000000024
[kernel 231.206 cpu3] heartbeat: t=231.206s alive=8/8 mask=0xff ran=13 gap=0.259s
[kernel 231.206 cpu3] i8042: line status=0x1c irqs=5566 bytes=5566 kbd gsi=1 rte=0x0000000000000024 aux gsi=12 rte=0x0000000000000024
[kernel 231.280 cpu3] PMM: 248/15962MB used (7857 pages free)
[kernel 231.280 cpu3]   kernel-heap  alloc=     6 free=     0 held=     6 (12MB) rate=0/s
[kernel 231.280 cpu3]   demand-page  alloc=    34 free=    26 held=     8 (16MB) rate=0/s
[kernel 231.280 cpu3]   mmap         alloc=   164 free=   130 held=    34 (68MB) rate=6/s
[kernel 231.280 cpu3]   shared-mem   alloc=    36 free=    21 held=    15 (30MB) rate=0/s
[kernel 231.280 cpu3]   pipe         alloc=    48 free=    37 held=    11 (22MB) rate=0/s
[kernel 231.280 cpu3]   elf          alloc=    32 free=    25 held=     7 (14MB) rate=0/s
[kernel 231.280 cpu3]   dma          alloc=     6 free=     0 held=     6 (12MB) rate=0/s
[kernel 231.280 cpu3]   framebuffer  alloc=     1 free=     0 held=     1 (2MB) rate=0/s
[kernel 231.280 cpu3]   stack        alloc=   120 free=    92 held=    28 (56MB) rate=0/s
[kernel 231.280 cpu3]   init-tls     alloc=    42 free=    34 held=     8 (16MB) rate=0/s
[kernel 231.404 cpu0] sched: cpu=0 ready=0 parked=1 current=None
[kernel 231.457 cpu5] heartbeat: t=231.457s alive=8/8 mask=0xff ran=12 gap=0.250s
[kernel 231.457 cpu5] i8042: line status=0x1c irqs=5566 bytes=5566 kbd gsi=1 rte=0x0000000000000024 aux gsi=12 rte=0x0000000000000024
[kernel 231.654 cpu3] sched: cpu=3 ready=0 parked=2 current=None
[kernel 231.713 cpu2] heartbeat: t=231.713s alive=8/8 mask=0xff ran=14 gap=0.256s
[kernel 231.713 cpu2] i8042: line status=0x1c irqs=5566 bytes=5566 kbd gsi=1 rte=0x0000000000000024 aux gsi=12 rte=0x0000000000000024
compositor: frames=2 rects=2 damage_px=18944 damage_px_max=9472 composite_us_min=64 composite_us_max=70 composite_us_total=135 scanout_wr_bytes=75776 scanout_blits=2 back_rd_bytes=75768 cursor=0 windows=2
[kernel 231.972 cpu3] heartbeat: t=231.972s alive=8/8 mask=0xff ran=15 gap=0.258s
[kernel 231.972 cpu3] i8042: line status=0x1c irqs=5566 bytes=5566 kbd gsi=1 rte=0x0000000000000024 aux gsi=12 rte=0x0000000000000024
[kernel 232.028 cpu2] sched: cpu=2 ready=0 parked=0 current=None
[kernel 232.150 cpu1] sched: cpu=1 ready=0 parked=0 current=None
[kernel 232.184 cpu5] sched: cpu=5 ready=0 parked=2 current=None
[kernel 232.218 cpu4] sched: cpu=4 ready=0 parked=2 current=None
[kernel 232.222 cpu0] heartbeat: t=232.222s alive=8/8 mask=0xff ran=14 gap=0.250s
[kernel 232.222 cpu0] i8042: line status=0x1c irqs=5566 bytes=5566 kbd gsi=1 rte=0x0000000000000024 aux gsi=12 rte=0x0000000000000024
[kernel 232.328 cpu6] sched: cpu=6 ready=0 parked=1 current=None
[kernel 232.462 cpu7] sched: cpu=7 ready=0 parked=0 current=None
[kernel 232.472 cpu0] heartbeat: t=232.472s alive=8/8 mask=0xff ran=15 gap=0.250s
[kernel 232.472 cpu0] i8042: line status=0x1c irqs=5566 bytes=5566 kbd gsi=1 rte=0x0000000000000024 aux gsi=12 rte=0x0000000000000024
[kernel 232.723 cpu4] heartbeat: t=232.723s alive=8/8 mask=0xff ran=15 gap=0.251s
[kernel 232.723 cpu4] i8042: line status=0x1c irqs=5566 bytes=5566 kbd gsi=1 rte=0x0000000000000024 aux gsi=12 rte=0x0000000000000024
[kernel 232.976 cpu3] heartbeat: t=232.976s alive=8/8 mask=0xff ran=15 gap=0.253s
[kernel 232.976 cpu3] i8042: line status=0x1c irqs=5566 bytes=5566 kbd gsi=1 rte=0x0000000000000024 aux gsi=12 rte=0x0000000000000024
[kernel 233.227 cpu3] heartbeat: t=233.227s alive=8/8 mask=0xff ran=11 gap=0.250s
[kernel 233.227 cpu3] i8042: line status=0x1c irqs=5566 bytes=5566 kbd gsi=1 rte=0x0000000000000024 aux gsi=12 rte=0x0000000000000024
[kernel 233.492 cpu3] heartbeat: t=233.492s alive=8/8 mask=0xff ran=13 gap=0.265s
[kernel 233.492 cpu3] i8042: line status=0x1c irqs=5566 bytes=5566 kbd gsi=1 rte=0x0000000000000024 aux gsi=12 rte=0x0000000000000024
[kernel 233.745 cpu3] heartbeat: t=233.745s alive=8/8 mask=0xff ran=13 gap=0.252s
[kernel 233.745 cpu3] i8042: line status=0x1c irqs=5566 bytes=5566 kbd gsi=1 rte=0x0000000000000024 aux gsi=12 rte=0x0000000000000024
[kernel 233.762 cpu0] i8042: 5566 interrupts, 5566 bytes, 704 keys, 1510 motion, 56 undecoded, 0 discarded, 0 overruns, 0 dropped, 0 lost edges — last byte at 227812ms
compositor: frames=2 rects=2 damage_px=18944 damage_px_max=9472 composite_us_min=61 composite_us_max=62 composite_us_total=124 scanout_wr_bytes=75776 scanout_blits=2 back_rd_bytes=75768 cursor=0 windows=2
[kernel 234.003 cpu3] heartbeat: t=234.003s alive=8/8 mask=0xff ran=12 gap=0.258s
[kernel 234.003 cpu3] i8042: line status=0x1c irqs=5566 bytes=5566 kbd gsi=1 rte=0x0000000000000024 aux gsi=12 rte=0x0000000000000024
[kernel 234.256 cpu1] heartbeat: t=234.256s alive=8/8 mask=0xff ran=13 gap=0.252s
[kernel 234.256 cpu1] i8042: line status=0x1c irqs=5566 bytes=5566 kbd gsi=1 rte=0x0000000000000024 aux gsi=12 rte=0x0000000000000024
[kernel 234.508 cpu3] heartbeat: t=234.508s alive=8/8 mask=0xff ran=15 gap=0.251s
[kernel 234.508 cpu3] i8042: line status=0x1c irqs=5566 bytes=5566 kbd gsi=1 rte=0x0000000000000024 aux gsi=12 rte=0x0000000000000024
[kernel 234.773 cpu3] heartbeat: t=234.773s alive=8/8 mask=0xff ran=14 gap=0.265s
[kernel 234.773 cpu3] i8042: line status=0x1c irqs=5566 bytes=5566 kbd gsi=1 rte=0x0000000000000024 aux gsi=12 rte=0x0000000000000024
[kernel 235.026 cpu7] heartbeat: t=235.026s alive=8/8 mask=0xff ran=14 gap=0.252s
[kernel 235.026 cpu7] i8042: line status=0x1c irqs=5566 bytes=5566 kbd gsi=1 rte=0x0000000000000024 aux gsi=12 rte=0x0000000000000024
[kernel 235.277 cpu3] heartbeat: t=235.277s alive=8/8 mask=0xff ran=15 gap=0.251s
[kernel 235.277 cpu3] i8042: line status=0x1c irqs=5566 bytes=5566 kbd gsi=1 rte=0x0000000000000024 aux gsi=12 rte=0x0000000000000024
[kernel 235.543 cpu3] heartbeat: t=235.543s alive=8/8 mask=0xff ran=15 gap=0.265s
[kernel 235.543 cpu3] i8042: line status=0x1c irqs=5566 bytes=5566 kbd gsi=1 rte=0x0000000000000024 aux gsi=12 rte=0x0000000000000024
[kernel 235.805 cpu3] heartbeat: t=235.805s alive=8/8 mask=0xff ran=15 gap=0.261s
[kernel 235.805 cpu3] i8042: line status=0x1c irqs=5566 bytes=5566 kbd gsi=1 rte=0x0000000000000024 aux gsi=12 rte=0x0000000000000024
compositor: frames=2 rects=2 damage_px=18944 damage_px_max=9472 composite_us_min=61 composite_us_max=62 composite_us_total=124 scanout_wr_bytes=75776 scanout_blits=2 back_rd_bytes=75768 cursor=0 windows=2
[kernel 236.067 cpu3] heartbeat: t=236.067s alive=8/8 mask=0xff ran=15 gap=0.261s
[kernel 236.067 cpu3] i8042: line status=0x1c irqs=5566 bytes=5566 kbd gsi=1 rte=0x0000000000000024 aux gsi=12 rte=0x0000000000000024
[kernel 236.322 cpu3] heartbeat: t=236.322s alive=8/8 mask=0xff ran=15 gap=0.255s
[kernel 236.322 cpu3] i8042: line status=0x1c irqs=5566 bytes=5566 kbd gsi=1 rte=0x0000000000000024 aux gsi=12 rte=0x0000000000000024
[kernel 236.579 cpu3] heartbeat: t=236.579s alive=8/8 mask=0xff ran=19 gap=0.256s
[kernel 236.579 cpu3] i8042: line status=0x1c irqs=5568 bytes=5568 kbd gsi=1 rte=0x0000000000000024 aux gsi=12 rte=0x0000000000000024
[kernel 236.843 cpu7] heartbeat: t=236.843s alive=8/8 mask=0xff ran=27 gap=0.263s
[kernel 236.843 cpu7] i8042: line status=0x1c irqs=5572 bytes=5572 kbd gsi=1 rte=0x0000000000000024 aux gsi=12 rte=0x0000000000000024
[kernel 237.096 cpu7] heartbeat: t=237.096s alive=8/8 mask=0xff ran=30 gap=0.252s
[kernel 237.096 cpu7] i8042: line status=0x1c irqs=5576 bytes=5576 kbd gsi=1 rte=0x0000000000000024 aux gsi=12 rte=0x0000000000000024
[kernel 237.347 cpu7] heartbeat: t=237.347s alive=8/8 mask=0xff ran=29 gap=0.251s
[kernel 237.347 cpu7] i8042: line status=0x1c irqs=5580 bytes=5580 kbd gsi=1 rte=0x0000000000000024 aux gsi=12 rte=0x0000000000000024
[kernel 237.601 cpu3] heartbeat: t=237.601s alive=8/8 mask=0xff ran=19 gap=0.253s
[kernel 237.601 cpu3] i8042: line status=0x1c irqs=5582 bytes=5582 kbd gsi=1 rte=0x0000000000000024 aux gsi=12 rte=0x0000000000000024
compositor: frames=10 rects=10 damage_px=11776 damage_px_max=9472 composite_us_min=5 composite_us_max=64 composite_us_total=121 scanout_wr_bytes=47104 scanout_blits=10 back_rd_bytes=37884 cursor=0 windows=2
[kernel 237.851 cpu6] heartbeat: t=237.851s alive=8/8 mask=0xff ran=25 gap=0.250s
[kernel 237.851 cpu6] i8042: line status=0x1c irqs=5585 bytes=5585 kbd gsi=1 rte=0x0000000000000024 aux gsi=12 rte=0x0000000000000024
[kernel 237.917 cpu5 tid=0] ELF: 3554 relocations indexed (RELATIVE + GLOB_DAT + TPOFF)
[kernel 237.917 cpu5 tid=0] spawn: TLS 1 modules, total_memsz=144
[kernel 237.917 cpu5 tid=0] spawn: /bin/ls pid=30 tid=0 base=0x10000000000 entry=0x1000002d4f4 cr3=0x602c000 symbols=2048KiB (layout=0ms relocs=0ms deps=0ms tls=0ms total=1ms)
/home/root> ls  editor        ls
[kernel 237.981 cpu2 tid=0] syscalls: pid=30 total=10 syscall_wall=36ms 0=1 6=1 17=1 21=1 63=2
[kernel 237.981 cpu2 tid=0] memory: pid=30 peak=4MB allocs=3 frees=0
[kernel 237.981 cpu2 tid=0] exit: ls pid=30 code=0 cpu=37ms
No files.
[kernel 238.105 cpu3] heartbeat: t=238.105s alive=8/8 mask=0xff ran=24 gap=0.254s
[kernel 238.105 cpu3] i8042: line status=0x1c irqs=5588 bytes=5588 kbd gsi=1 rte=0x0000000000000024 aux gsi=12 rte=0x0000000000000024
[kernel 238.361 cpu3] heartbeat: t=238.361s alive=8/8 mask=0xff ran=14 gap=0.255s
[kernel 238.361 cpu3] i8042: line status=0x1c irqs=5588 bytes=5588 kbd gsi=1 rte=0x0000000000000024 aux gsi=12 rte=0x0000000000000024
[kernel 238.624 cpu3] heartbeat: t=238.624s alive=8/8 mask=0xff ran=14 gap=0.263s
[kernel 238.624 cpu3] i8042: line status=0x1c irqs=5588 bytes=5588 kbd gsi=1 rte=0x0000000000000024 aux gsi=12 rte=0x0000000000000024
[kernel 238.875 cpu3] heartbeat: t=238.875s alive=8/8 mask=0xff ran=14 gap=0.250s
[kernel 238.875 cpu3] i8042: line status=0x1c irqs=5588 bytes=5588 kbd gsi=1 rte=0x0000000000000024 aux gsi=12 rte=0x0000000000000024
[kernel 239.125 cpu3] heartbeat: t=239.125s alive=8/8 mask=0xff ran=14 gap=0.250s
[kernel 239.125 cpu3] i8042: line status=0x1c irqs=5588 bytes=5588 kbd gsi=1 rte=0x0000000000000024 aux gsi=12 rte=0x0000000000000024
[kernel 239.381 cpu7] heartbeat: t=239.381s alive=8/8 mask=0xff ran=15 gap=0.256s
[kernel 239.381 cpu7] i8042: line status=0x1c irqs=5588 bytes=5588 kbd gsi=1 rte=0x0000000000000024 aux gsi=12 rte=0x0000000000000024
[kernel 239.637 cpu3] heartbeat: t=239.637s alive=8/8 mask=0xff ran=22 gap=0.255s
[kernel 239.637 cpu3] i8042: line status=0x1c irqs=5590 bytes=5590 kbd gsi=1 rte=0x0000000000000024 aux gsi=12 rte=0x0000000000000024
compositor: frames=8 rects=8 damage_px=928512 damage_px_max=452864 composite_us_min=5 composite_us_max=1620 composite_us_total=3316 scanout_wr_bytes=3714048 scanout_blits=8 back_rd_bytes=113652 cursor=0 windows=2
[kernel 239.892 cpu3] heartbeat: t=239.892s alive=8/8 mask=0xff ran=24 gap=0.254s
[kernel 239.892 cpu3] i8042: line status=0x1c irqs=5593 bytes=5593 kbd gsi=1 rte=0x0000000000000024 aux gsi=12 rte=0x0000000000000024
[kernel 240.151 cpu0] heartbeat: t=240.151s alive=8/8 mask=0xff ran=13 gap=0.259s
[kernel 240.151 cpu0] i8042: line status=0x1c irqs=5594 bytes=5594 kbd gsi=1 rte=0x0000000000000024 aux gsi=12 rte=0x0000000000000024
[kernel 240.402 cpu3] heartbeat: t=240.402s alive=8/8 mask=0xff ran=15 gap=0.250s
[kernel 240.402 cpu3] i8042: line status=0x1c irqs=5594 bytes=5594 kbd gsi=1 rte=0x0000000000000024 aux gsi=12 rte=0x0000000000000024
[kernel 240.664 cpu3] heartbeat: t=240.664s alive=8/8 mask=0xff ran=25 gap=0.262s
[kernel 240.664 cpu3] i8042: line status=0x1c irqs=5597 bytes=5597 kbd gsi=1 rte=0x0000000000000024 aux gsi=12 rte=0x0000000000000024
[kernel 240.915 cpu3] heartbeat: t=240.915s alive=8/8 mask=0xff ran=26 gap=0.250s
[kernel 240.915 cpu3] i8042: line status=0x1c irqs=5601 bytes=5601 kbd gsi=1 rte=0x0000000000000024 aux gsi=12 rte=0x0000000000000024
[kernel 241.175 cpu3] heartbeat: t=241.175s alive=8/8 mask=0xff ran=26 gap=0.260s
[kernel 241.175 cpu3] i8042: line status=0x1c irqs=5605 bytes=5605 kbd gsi=1 rte=0x0000000000000024 aux gsi=12 rte=0x0000000000000024
[kernel 241.288 cpu3] PMM: 248/15962MB used (7857 pages free)
[kernel 241.288 cpu3]   kernel-heap  alloc=     6 free=     0 held=     6 (12MB) rate=0/s
[kernel 241.288 cpu3]   demand-page  alloc=    35 free=    27 held=     8 (16MB) rate=0/s
[kernel 241.288 cpu3]   mmap         alloc=   166 free=   132 held=    34 (68MB) rate=0/s
[kernel 241.288 cpu3]   shared-mem   alloc=    36 free=    21 held=    15 (30MB) rate=0/s
[kernel 241.288 cpu3]   pipe         alloc=    48 free=    37 held=    11 (22MB) rate=0/s
[kernel 241.288 cpu3]   elf          alloc=    33 free=    26 held=     7 (14MB) rate=0/s
[kernel 241.288 cpu3]   dma          alloc=     6 free=     0 held=     6 (12MB) rate=0/s
[kernel 241.288 cpu3]   framebuffer  alloc=     1 free=     0 held=     1 (2MB) rate=0/s
[kernel 241.288 cpu3]   stack        alloc=   124 free=    96 held=    28 (56MB) rate=0/s
[kernel 241.288 cpu3]   init-tls     alloc=    43 free=    35 held=     8 (16MB) rate=0/s
[kernel 241.439 cpu3] heartbeat: t=241.439s alive=8/8 mask=0xff ran=25 gap=0.264s
[kernel 241.439 cpu3] i8042: line status=0x1c irqs=5610 bytes=5610 kbd gsi=1 rte=0x0000000000000024 aux gsi=12 rte=0x0000000000000024
[kernel 241.440 cpu0] sched: cpu=0 ready=0 parked=1 current=None
[kernel 241.655 cpu3] sched: cpu=3 ready=0 parked=2 current=None
[kernel 241.694 cpu3] heartbeat: t=241.694s alive=8/8 mask=0xff ran=21 gap=0.254s
[kernel 241.694 cpu3] i8042: line status=0x1c irqs=5614 bytes=5614 kbd gsi=1 rte=0x0000000000000024 aux gsi=12 rte=0x0000000000000024
compositor: frames=11 rects=11 damage_px=21248 damage_px_max=9472 composite_us_min=5 composite_us_max=67 composite_us_total=179 scanout_wr_bytes=84992 scanout_blits=11 back_rd_bytes=75768 cursor=0 windows=2
[kernel 241.956 cpu3] heartbeat: t=241.956s alive=8/8 mask=0xff ran=19 gap=0.261s
[kernel 241.956 cpu3] i8042: line status=0x1c irqs=5615 bytes=5615 kbd gsi=1 rte=0x0000000000000024 aux gsi=12 rte=0x0000000000000024
[kernel 242.104 cpu2] sched: cpu=2 ready=0 parked=0 current=None
[kernel 242.189 cpu5] sched: cpu=5 ready=0 parked=2 current=None
[kernel 242.204 cpu1] sched: cpu=1 ready=0 parked=0 current=None
[kernel 242.206 cpu0] heartbeat: t=242.206s alive=8/8 mask=0xff ran=27 gap=0.250s
[kernel 242.206 cpu0] i8042: line status=0x1c irqs=5619 bytes=5619 kbd gsi=1 rte=0x0000000000000024 aux gsi=12 rte=0x0000000000000024
[kernel 242.300 cpu4] sched: cpu=4 ready=0 parked=2 current=None
[kernel 242.415 cpu6] sched: cpu=6 ready=0 parked=1 current=None
[kernel 242.471 cpu3] heartbeat: t=242.471s alive=8/8 mask=0xff ran=23 gap=0.264s
[kernel 242.471 cpu3] i8042: line status=0x1c irqs=5622 bytes=5622 kbd gsi=1 rte=0x0000000000000024 aux gsi=12 rte=0x0000000000000024
[kernel 242.504 cpu7] sched: cpu=7 ready=0 parked=0 current=None
[kernel 242.729 cpu2] heartbeat: t=242.729s alive=8/8 mask=0xff ran=28 gap=0.258s
[kernel 242.729 cpu2] i8042: line status=0x1c irqs=5626 bytes=5626 kbd gsi=1 rte=0x0000000000000024 aux gsi=12 rte=0x0000000000000024
[kernel 242.982 cpu3] heartbeat: t=242.982s alive=8/8 mask=0xff ran=15 gap=0.253s
[kernel 242.982 cpu3] i8042: line status=0x1c irqs=5626 bytes=5626 kbd gsi=1 rte=0x0000000000000024 aux gsi=12 rte=0x0000000000000024
[kernel 243.234 cpu2] heartbeat: t=243.234s alive=8/8 mask=0xff ran=12 gap=0.252s
[kernel 243.234 cpu2] i8042: line status=0x1c irqs=5626 bytes=5626 kbd gsi=1 rte=0x0000000000000024 aux gsi=12 rte=0x0000000000000024
[kernel 243.487 cpu2] heartbeat: t=243.487s alive=8/8 mask=0xff ran=15 gap=0.252s
[kernel 243.487 cpu2] i8042: line status=0x1c irqs=5626 bytes=5626 kbd gsi=1 rte=0x0000000000000024 aux gsi=12 rte=0x0000000000000024
[kernel 243.742 cpu3] heartbeat: t=243.742s alive=8/8 mask=0xff ran=15 gap=0.254s
[kernel 243.742 cpu3] i8042: line status=0x1c irqs=5626 bytes=5626 kbd gsi=1 rte=0x0000000000000024 aux gsi=12 rte=0x0000000000000024
[kernel 243.762 cpu0] i8042: 5626 interrupts, 5626 bytes, 764 keys, 1510 motion, 56 undecoded, 0 discarded, 0 overruns, 0 dropped, 0 lost edges — last byte at 242665ms
compositor: frames=8 rects=8 damage_px=20480 damage_px_max=9472 composite_us_min=5 composite_us_max=68 composite_us_total=168 scanout_wr_bytes=81920 scanout_blits=8 back_rd_bytes=75768 cursor=0 windows=2
[kernel 244.005 cpu3] heartbeat: t=244.005s alive=8/8 mask=0xff ran=12 gap=0.263s
[kernel 244.006 cpu3] i8042: line status=0x1c irqs=5626 bytes=5626 kbd gsi=1 rte=0x0000000000000024 aux gsi=12 rte=0x0000000000000024
[kernel 244.265 cpu3] heartbeat: t=244.265s alive=8/8 mask=0xff ran=13 gap=0.259s
[kernel 244.265 cpu3] i8042: line status=0x1c irqs=5626 bytes=5626 kbd gsi=1 rte=0x0000000000000024 aux gsi=12 rte=0x0000000000000024
[kernel 244.515 cpu1] heartbeat: t=244.515s alive=8/8 mask=0xff ran=13 gap=0.250s
[kernel 244.515 cpu1] i8042: line status=0x1c irqs=5626 bytes=5626 kbd gsi=1 rte=0x0000000000000024 aux gsi=12 rte=0x0000000000000024
[kernel 244.773 cpu3] heartbeat: t=244.773s alive=8/8 mask=0xff ran=15 gap=0.257s
[kernel 244.773 cpu3] i8042: line status=0x1c irqs=5626 bytes=5626 kbd gsi=1 rte=0x0000000000000024 aux gsi=12 rte=0x0000000000000024
[kernel 244.812 cpu5 tid=0] ELF: 3554 relocations indexed (RELATIVE + GLOB_DAT + TPOFF)
[kernel 244.812 cpu5 tid=0] spawn: TLS 1 modules, total_memsz=144
[kernel 244.812 cpu5 tid=0] spawn: /bin/echo pid=31 tid=0 base=0x10000000000 entry=0x1000002d4f4 cr3=0x602c000 symbols=2048KiB (layout=0ms relocs=0ms deps=0ms tls=1ms total=1ms)
/home/root> c echo hi > a.txt
[kernel 244.856 cpu3 tid=0] syscalls: pid=31 total=7 syscall_wall=0ms 0=1 6=1 63=1
[kernel 244.856 cpu3 tid=0] memory: pid=31 peak=2MB allocs=2 frees=0
[kernel 244.876 cpu3 tid=0] exit: echo pid=31 code=0 cpu=0ms
[kernel 245.025 cpu0] heartbeat: t=245.025s alive=8/8 mask=0xff ran=22 gap=0.252s
[kernel 245.025 cpu0] i8042: line status=0x1c irqs=5628 bytes=5628 kbd gsi=1 rte=0x0000000000000024 aux gsi=12 rte=0x0000000000000024
[kernel 245.276 cpu3] heartbeat: t=245.276s alive=8/8 mask=0xff ran=15 gap=0.250s
[kernel 245.276 cpu3] i8042: line status=0x1c irqs=5628 bytes=5628 kbd gsi=1 rte=0x0000000000000024 aux gsi=12 rte=0x0000000000000024
[kernel 245.529 cpu3] heartbeat: t=245.529s alive=8/8 mask=0xff ran=20 gap=0.253s
[kernel 245.529 cpu3] i8042: line status=0x1c irqs=5629 bytes=5629 kbd gsi=1 rte=0x0000000000000024 aux gsi=12 rte=0x0000000000000024
[kernel 245.614 cpu5 tid=0] ELF: 3554 relocations indexed (RELATIVE + GLOB_DAT + TPOFF)
[kernel 245.614 cpu5 tid=0] spawn: TLS 1 modules, total_memsz=144
[kernel 245.615 cpu5 tid=0] spawn: /bin/ls pid=32 tid=0 base=0x10000000000 entry=0x1000002d4f4 cr3=0x602c000 symbols=2048KiB (layout=0ms relocs=0ms deps=0ms tls=0ms total=1ms)
/home/root> ls
[kernel 245.624 cpu4 tid=0] syscalls: pid=32 total=10 syscall_wall=5ms 0=1 6=1 17=1 21=1 63=2
[kernel 245.624 cpu4 tid=0] memory: pid=32 peak=4MB allocs=3 frees=0
[kernel 245.624 cpu4 tid=0] exit: ls pid=32 code=0 cpu=6ms
  a.txt (3 bytes)
[kernel 245.786 cpu0] heartbeat: t=245.786s alive=8/8 mask=0xff ran=33 gap=0.256s
[kernel 245.786 cpu0] i8042: line status=0x1c irqs=5634 bytes=5634 kbd gsi=1 rte=0x0000000000000024 aux gsi=12 rte=0x0000000000000024
compositor: frames=9 rects=9 damage_px=1373568 damage_px_max=452864 composite_us_min=5 composite_us_max=1789 composite_us_total=5270 scanout_wr_bytes=5494272 scanout_blits=9 back_rd_bytes=75768 cursor=0 windows=2
[kernel 246.040 cpu3] heartbeat: t=246.040s alive=8/8 mask=0xff ran=13 gap=0.253s
[kernel 246.040 cpu3] i8042: line status=0x1c irqs=5634 bytes=5634 kbd gsi=1 rte=0x0000000000000024 aux gsi=12 rte=0x0000000000000024
[kernel 246.292 cpu4] heartbeat: t=246.292s alive=8/8 mask=0xff ran=12 gap=0.251s
[kernel 246.292 cpu4] i8042: line status=0x1c irqs=5634 bytes=5634 kbd gsi=1 rte=0x0000000000000024 aux gsi=12 rte=0x0000000000000024
[kernel 246.543 cpu0] heartbeat: t=246.543s alive=8/8 mask=0xff ran=15 gap=0.251s
[kernel 246.543 cpu0] i8042: line status=0x1c irqs=5634 bytes=5634 kbd gsi=1 rte=0x0000000000000024 aux gsi=12 rte=0x0000000000000024
[kernel 246.808 cpu3] heartbeat: t=246.808s alive=8/8 mask=0xff ran=21 gap=0.264s
[kernel 246.808 cpu3] i8042: line status=0x1c irqs=5635 bytes=5635 kbd gsi=1 rte=0x0000000000000024 aux gsi=12 rte=0x0000000000000024
[kernel 247.066 cpu3] heartbeat: t=247.066s alive=8/8 mask=0xff ran=27 gap=0.258s
[kernel 247.066 cpu3] i8042: line status=0x1c irqs=5639 bytes=5639 kbd gsi=1 rte=0x0000000000000024 aux gsi=12 rte=0x0000000000000024
[kernel 247.330 cpu1] heartbeat: t=247.330s alive=8/8 mask=0xff ran=26 gap=0.264s
[kernel 247.330 cpu1] i8042: line status=0x1c irqs=5644 bytes=5644 kbd gsi=1 rte=0x0000000000000024 aux gsi=12 rte=0x0000000000000024
[kernel 247.595 cpu3] heartbeat: t=247.595s alive=8/8 mask=0xff ran=28 gap=0.264s
[kernel 247.595 cpu3] i8042: line status=0x1c irqs=5647 bytes=5647 kbd gsi=1 rte=0x0000000000000024 aux gsi=12 rte=0x0000000000000024
[kernel 247.783 cpu5 tid=0] ELF: 3554 relocations indexed (RELATIVE + GLOB_DAT + TPOFF)
[kernel 247.783 cpu5 tid=0] spawn: TLS 1 modules, total_memsz=144
[kernel 247.784 cpu5 tid=0] spawn: /bin/cat pid=33 tid=0 base=0x10000000000 entry=0x1000002d4f4 cr3=0x602c000 symbols=2048KiB (layout=0ms relocs=0ms deps=0ms tls=0ms total=1ms)
[kernel 247.784 cpu5 tid=0] syscalls: pid=33 total=12 syscall_wall=0ms 0=1 1=2 6=1 9=1 10=1 14=1 63=1
[kernel 247.784 cpu5 tid=0] memory: pid=33 peak=2MB allocs=2 frees=0
[kernel 247.784 cpu5 tid=0] exit: cat pid=33 code=0 cpu=0ms
/home/root> cat a./home/root> cat a.txt 
hi
[kernel 247.860 cpu0] heartbeat: t=247.860s alive=8/8 mask=0xff ran=23 gap=0.265s
[kernel 247.860 cpu0] i8042: line status=0x1c irqs=5650 bytes=5649 kbd gsi=1 rte=0x0000000000000024 aux gsi=12 rte=0x0000000000000024
compositor: frames=11 rects=11 damage_px=926848 damage_px_max=452864 composite_us_min=5 composite_us_max=1585 composite_us_total=3211 scanout_wr_bytes=3707392 scanout_blits=11 back_rd_bytes=75768 cursor=0 windows=2
[kernel 248.112 cpu3] heartbeat: t=248.112s alive=8/8 mask=0xff ran=16 gap=0.251s
[kernel 248.112 cpu3] i8042: line status=0x1c irqs=5650 bytes=5650 kbd gsi=1 rte=0x0000000000000024 aux gsi=12 rte=0x0000000000000024
[kernel 248.362 cpu3] heartbeat: t=248.362s alive=8/8 mask=0xff ran=14 gap=0.250s
[kernel 248.362 cpu3] i8042: line status=0x1c irqs=5650 bytes=5650 kbd gsi=1 rte=0x0000000000000024 aux gsi=12 rte=0x0000000000000024
[kernel 248.621 cpu3] heartbeat: t=248.621s alive=8/8 mask=0xff ran=14 gap=0.258s
[kernel 248.621 cpu3] i8042: line status=0x1c irqs=5650 bytes=5650 kbd gsi=1 rte=0x0000000000000024 aux gsi=12 rte=0x0000000000000024
[kernel 248.883 cpu3] heartbeat: t=248.883s alive=8/8 mask=0xff ran=15 gap=0.261s
[kernel 248.883 cpu3] i8042: line status=0x1c irqs=5650 bytes=5650 kbd gsi=1 rte=0x0000000000000024 aux gsi=12 rte=0x0000000000000024
[kernel 249.143 cpu3] heartbeat: t=249.143s alive=8/8 mask=0xff ran=15 gap=0.260s
[kernel 249.143 cpu3] i8042: line status=0x1c irqs=5650 bytes=5650 kbd gsi=1 rte=0x0000000000000024 aux gsi=12 rte=0x0000000000000024
[kernel 249.399 cpu3] heartbeat: t=249.399s alive=8/8 mask=0xff ran=15 gap=0.255s
[kernel 249.399 cpu3] i8042: line status=0x1c irqs=5650 bytes=5650 kbd gsi=1 rte=0x0000000000000024 aux gsi=12 rte=0x0000000000000024
[kernel 249.655 cpu3] heartbeat: t=249.655s alive=8/8 mask=0xff ran=15 gap=0.255s
[kernel 249.655 cpu3] i8042: line status=0x1c irqs=5650 bytes=5650 kbd gsi=1 rte=0x0000000000000024 aux gsi=12 rte=0x0000000000000024
[kernel 249.910 cpu1] heartbeat: t=249.910s alive=8/8 mask=0xff ran=12 gap=0.255s
[kernel 249.910 cpu1] i8042: line status=0x1c irqs=5650 bytes=5650 kbd gsi=1 rte=0x0000000000000024 aux gsi=12 rte=0x0000000000000024
compositor: frames=2 rects=2 damage_px=9728 damage_px_max=9472 composite_us_min=6 composite_us_max=70 composite_us_total=77 scanout_wr_bytes=38912 scanout_blits=2 back_rd_bytes=37884 cursor=0 windows=2
[kernel 250.162 cpu1] heartbeat: t=250.162s alive=8/8 mask=0xff ran=28 gap=0.252s
[kernel 250.162 cpu1] i8042: line status=0x1c irqs=5653 bytes=5653 kbd gsi=1 rte=0x0000000000000024 aux gsi=12 rte=0x0000000000000024
[kernel 250.426 cpu3] heartbeat: t=250.426s alive=8/8 mask=0xff ran=31 gap=0.264s
[kernel 250.426 cpu3] i8042: line status=0x1c irqs=5657 bytes=5657 kbd gsi=1 rte=0x0000000000000024 aux gsi=12 rte=0x0000000000000024
[kernel 250.679 cpu3] heartbeat: t=250.679s alive=8/8 mask=0xff ran=21 gap=0.252s
[kernel 250.679 cpu3] i8042: line status=0x1c irqs=5660 bytes=5660 kbd gsi=1 rte=0x0000000000000024 aux gsi=12 rte=0x0000000000000024
[kernel 250.939 cpu3] heartbeat: t=250.939s alive=8/8 mask=0xff ran=13 gap=0.259s
[kernel 250.939 cpu3] i8042: line status=0x1c irqs=5660 bytes=5660 kbd gsi=1 rte=0x0000000000000024 aux gsi=12 rte=0x0000000000000024
[kernel 251.190 cpu5] heartbeat: t=251.190s alive=8/8 mask=0xff ran=14 gap=0.251s
[kernel 251.190 cpu5] i8042: line status=0x1c irqs=5660 bytes=5660 kbd gsi=1 rte=0x0000000000000024 aux gsi=12 rte=0x0000000000000024
[kernel 251.288 cpu3] PMM: 250/15962MB used (7856 pages free)
[kernel 251.288 cpu3]   kernel-heap  alloc=     6 free=     0 held=     6 (12MB) rate=0/s
[kernel 251.288 cpu3]   demand-page  alloc=    38 free=    30 held=     8 (16MB) rate=0/s
[kernel 251.288 cpu3]   mmap         alloc=   171 free=   136 held=    35 (70MB) rate=0/s
[kernel 251.288 cpu3]   shared-mem   alloc=    36 free=    21 held=    15 (30MB) rate=0/s
[kernel 251.288 cpu3]   pipe         alloc=    48 free=    37 held=    11 (22MB) rate=0/s
[kernel 251.288 cpu3]   elf          alloc=    36 free=    29 held=     7 (14MB) rate=0/s
[kernel 251.288 cpu3]   dma          alloc=     6 free=     0 held=     6 (12MB) rate=0/s
[kernel 251.288 cpu3]   framebuffer  alloc=     1 free=     0 held=     1 (2MB) rate=0/s
[kernel 251.288 cpu3]   stack        alloc=   136 free=   108 held=    28 (56MB) rate=1/s
[kernel 251.288 cpu3]   init-tls     alloc=    46 free=    38 held=     8 (16MB) rate=0/s
[kernel 251.446 cpu3] heartbeat: t=251.446s alive=8/8 mask=0xff ran=13 gap=0.255s
[kernel 251.446 cpu3] i8042: line status=0x1c irqs=5660 bytes=5660 kbd gsi=1 rte=0x0000000000000024 aux gsi=12 rte=0x0000000000000024
[kernel 251.446 cpu0] sched: cpu=0 ready=0 parked=1 current=None
[kernel 251.656 cpu3] sched: cpu=3 ready=0 parked=2 current=None
[kernel 251.696 cpu4] heartbeat: t=251.696s alive=8/8 mask=0xff ran=13 gap=0.250s
[kernel 251.696 cpu4] i8042: line status=0x1c irqs=5660 bytes=5660 kbd gsi=1 rte=0x0000000000000024 aux gsi=12 rte=0x0000000000000024
[kernel 251.957 cpu3] heartbeat: t=251.957s alive=8/8 mask=0xff ran=15 gap=0.260s
[kernel 251.957 cpu3] i8042: line status=0x1c irqs=5660 bytes=5660 kbd gsi=1 rte=0x0000000000000024 aux gsi=12 rte=0x0000000000000024
compositor: frames=7 rects=7 damage_px=29440 damage_px_max=9472 composite_us_min=5 composite_us_max=68 composite_us_total=216 scanout_wr_bytes=117760 scanout_blits=7 back_rd_bytes=113652 cursor=0 windows=2
[kernel 252.194 cpu2] sched: cpu=2 ready=0 parked=0 current=None
[kernel 252.218 cpu3] heartbeat: t=252.218s alive=8/8 mask=0xff ran=15 gap=0.261s
[kernel 252.218 cpu3] i8042: line status=0x1c irqs=5660 bytes=5660 kbd gsi=1 rte=0x0000000000000024 aux gsi=12 rte=0x0000000000000024
[kernel 252.231 cpu5] sched: cpu=5 ready=0 parked=2 current=None
[kernel 252.300 cpu1] sched: cpu=1 ready=0 parked=0 current=None
[kernel 252.321 cpu4] sched: cpu=4 ready=0 parked=2 current=None
[kernel 252.474 cpu3] heartbeat: t=252.474s alive=8/8 mask=0xff ran=15 gap=0.255s
[kernel 252.474 cpu3] i8042: line status=0x1c irqs=5660 bytes=5660 kbd gsi=1 rte=0x0000000000000024 aux gsi=12 rte=0x0000000000000024
[kernel 252.485 cpu6] sched: cpu=6 ready=0 parked=1 current=None
[kernel 252.585 cpu7] sched: cpu=7 ready=0 parked=0 current=None
[kernel 252.725 cpu3] heartbeat: t=252.725s alive=8/8 mask=0xff ran=25 gap=0.250s
[kernel 252.725 cpu3] i8042: line status=0x1c irqs=5664 bytes=5664 kbd gsi=1 rte=0x0000000000000024 aux gsi=12 rte=0x0000000000000024
[kernel 252.981 cpu2] heartbeat: t=252.981s alive=8/8 mask=0xff ran=25 gap=0.256s
[kernel 252.981 cpu2] i8042: line status=0x1c irqs=5667 bytes=5667 kbd gsi=1 rte=0x0000000000000024 aux gsi=12 rte=0x0000000000000024
[kernel 253.237 cpu7] heartbeat: t=253.237s alive=8/8 mask=0xff ran=24 gap=0.256s
[kernel 253.237 cpu7] i8042: line status=0x1c irqs=5670 bytes=5670 kbd gsi=1 rte=0x0000000000000024 aux gsi=12 rte=0x0000000000000024
[kernel 253.493 cpu3] heartbeat: t=253.493s alive=8/8 mask=0xff ran=15 gap=0.255s
[kernel 253.493 cpu3] i8042: line status=0x1c irqs=5670 bytes=5670 kbd gsi=1 rte=0x0000000000000024 aux gsi=12 rte=0x0000000000000024
[kernel 253.759 cpu3] heartbeat: t=253.759s alive=8/8 mask=0xff ran=14 gap=0.266s
[kernel 253.759 cpu3] i8042: line status=0x1c irqs=5670 bytes=5670 kbd gsi=1 rte=0x0000000000000024 aux gsi=12 rte=0x0000000000000024
[kernel 253.762 cpu0] i8042: 5670 interrupts, 5670 bytes, 808 keys, 1510 motion, 56 undecoded, 0 discarded, 0 overruns, 0 dropped, 0 lost edges — last byte at 253176ms
compositor: frames=7 rects=7 damage_px=20224 damage_px_max=9472 composite_us_min=5 composite_us_max=62 composite_us_total=150 scanout_wr_bytes=80896 scanout_blits=7 back_rd_bytes=75768 cursor=0 windows=2
[kernel 254.009 cpu0] heartbeat: t=254.009s alive=8/8 mask=0xff ran=13 gap=0.250s
[kernel 254.009 cpu0] i8042: line status=0x1c irqs=5670 bytes=5670 kbd gsi=1 rte=0x0000000000000024 aux gsi=12 rte=0x0000000000000024
[kernel 254.268 cpu3] heartbeat: t=254.268s alive=8/8 mask=0xff ran=21 gap=0.258s
[kernel 254.268 cpu3] i8042: line status=0x1c irqs=5672 bytes=5672 kbd gsi=1 rte=0x0000000000000024 aux gsi=12 rte=0x0000000000000024
[kernel 254.523 cpu3] heartbeat: t=254.523s alive=8/8 mask=0xff ran=26 gap=0.254s
[kernel 254.523 cpu3] i8042: line status=0x1c irqs=5675 bytes=5675 kbd gsi=1 rte=0x0000000000000024 aux gsi=12 rte=0x0000000000000024
[kernel 254.785 cpu3] heartbeat: t=254.785s alive=8/8 mask=0xff ran=33 gap=0.261s
[kernel 254.785 cpu3] i8042: line status=0x1c irqs=5681 bytes=5681 kbd gsi=1 rte=0x0000000000000024 aux gsi=12 rte=0x0000000000000024
[kernel 255.036 cpu3] heartbeat: t=255.036s alive=8/8 mask=0xff ran=27 gap=0.251s
[kernel 255.036 cpu3] i8042: line status=0x1c irqs=5685 bytes=5685 kbd gsi=1 rte=0x0000000000000024 aux gsi=12 rte=0x0000000000000024
[kernel 255.289 cpu3] heartbeat: t=255.289s alive=8/8 mask=0xff ran=27 gap=0.252s
[kernel 255.289 cpu3] i8042: line status=0x1c irqs=5689 bytes=5689 kbd gsi=1 rte=0x0000000000000024 aux gsi=12 rte=0x0000000000000024
[kernel 255.543 cpu7] heartbeat: t=255.543s alive=8/8 mask=0xff ran=16 gap=0.254s
[kernel 255.543 cpu7] i8042: line status=0x1c irqs=5690 bytes=5690 kbd gsi=1 rte=0x0000000000000024 aux gsi=12 rte=0x0000000000000024
[kernel 255.804 cpu3] heartbeat: t=255.804s alive=8/8 mask=0xff ran=22 gap=0.260s
[kernel 255.804 cpu3] i8042: line status=0x1c irqs=5692 bytes=5692 kbd gsi=1 rte=0x0000000000000024 aux gsi=12 rte=0x0000000000000024
compositor: frames=13 rects=13 damage_px=21760 damage_px_max=9472 composite_us_min=5 composite_us_max=68 composite_us_total=198 scanout_wr_bytes=87040 scanout_blits=13 back_rd_bytes=75768 cursor=0 windows=2
[kernel 256.064 cpu7] heartbeat: t=256.064s alive=8/8 mask=0xff ran=15 gap=0.260s
[kernel 256.064 cpu7] i8042: line status=0x1c irqs=5692 bytes=5692 kbd gsi=1 rte=0x0000000000000024 aux gsi=12 rte=0x0000000000000024
[kernel 256.316 cpu3] heartbeat: t=256.316s alive=8/8 mask=0xff ran=15 gap=0.251s
[kernel 256.316 cpu3] i8042: line status=0x1c irqs=5692 bytes=5692 kbd gsi=1 rte=0x0000000000000024 aux gsi=12 rte=0x0000000000000024
[kernel 256.570 cpu7] heartbeat: t=256.570s alive=8/8 mask=0xff ran=12 gap=0.253s
[kernel 256.570 cpu7] i8042: line status=0x1c irqs=5692 bytes=5692 kbd gsi=1 rte=0x0000000000000024 aux gsi=12 rte=0x0000000000000024
[kernel 256.822 cpu7] heartbeat: t=256.822s alive=8/8 mask=0xff ran=22 gap=0.251s
[kernel 256.822 cpu7] i8042: line status=0x1c irqs=5694 bytes=5694 kbd gsi=1 rte=0x0000000000000024 aux gsi=12 rte=0x0000000000000024
[kernel 256.972 cpu5 tid=0] ELF: 3770 relocations indexed (RELATIVE + GLOB_DAT + TPOFF)
[kernel 256.972 cpu5 tid=0] spawn: TLS 1 modules, total_memsz=144
[kernel 256.972 cpu5 tid=0] spawn: /bin/editor pid=34 tid=0 base=0x10000000000 entry=0x100000234b4 cr3=0x602d000 symbols=2048KiB (layout=0ms relocs=0ms deps=0ms tls=1ms total=1ms)
/home/root> echo      editor a.t c
[kernel 257.072 cpu5] heartbeat: t=257.072s alive=8/8 mask=0xff ran=21 gap=0.250s
[kernel 257.072 cpu5] i8042: line status=0x1c irqs=5695 bytes=5695 kbd gsi=1 rte=0x0000000000000024 aux gsi=12 rte=0x0000000000000024
[kernel 257.330 cpu1] heartbeat: t=257.330s alive=8/8 mask=0xff ran=19 gap=0.257s
[kernel 257.330 cpu1] i8042: line status=0x1c irqs=5696 bytes=5696 kbd gsi=1 rte=0x0000000000000024 aux gsi=12 rte=0x0000000000000024
[kernel 257.587 cpu3] heartbeat: t=257.587s alive=8/8 mask=0xff ran=13 gap=0.257s
[kernel 257.587 cpu3] i8042: line status=0x1c irqs=5696 bytes=5696 kbd gsi=1 rte=0x0000000000000024 aux gsi=12 rte=0x0000000000000024
[kernel 257.841 cpu3] heartbeat: t=257.841s alive=8/8 mask=0xff ran=15 gap=0.254s
[kernel 257.841 cpu3] i8042: line status=0x1c irqs=5696 bytes=5696 kbd gsi=1 rte=0x0000000000000024 aux gsi=12 rte=0x0000000000000024
compositor: frames=8 rects=8 damage_px=7587530 damage_px_max=1996800 composite_us_min=5 composite_us_max=7032 composite_us_total=22573 scanout_wr_bytes=30350120 scanout_blits=8 back_rd_bytes=2639108 cursor=4 windows=3
[kernel 258.106 cpu3] heartbeat: t=258.106s alive=8/8 mask=0xff ran=13 gap=0.264s
[kernel 258.106 cpu3] i8042: line status=0x1c irqs=5696 bytes=5696 kbd gsi=1 rte=0x0000000000000024 aux gsi=12 rte=0x0000000000000024
[kernel 258.363 cpu1] heartbeat: t=258.363s alive=8/8 mask=0xff ran=17 gap=0.256s
[kernel 258.363 cpu1] i8042: line status=0x1c irqs=5696 bytes=5696 kbd gsi=1 rte=0x0000000000000024 aux gsi=12 rte=0x0000000000000024
[kernel 258.617 cpu1] heartbeat: t=258.617s alive=8/8 mask=0xff ran=15 gap=0.253s
[kernel 258.617 cpu1] i8042: line status=0x1c irqs=5696 bytes=5696 kbd gsi=1 rte=0x0000000000000024 aux gsi=12 rte=0x0000000000000024
[kernel 258.869 cpu3] heartbeat: t=258.869s alive=8/8 mask=0xff ran=17 gap=0.251s
[kernel 258.869 cpu3] i8042: line status=0x1c irqs=5696 bytes=5696 kbd gsi=1 rte=0x0000000000000024 aux gsi=12 rte=0x0000000000000024
[kernel 259.129 cpu3] heartbeat: t=259.129s alive=8/8 mask=0xff ran=14 gap=0.260s
[kernel 259.129 cpu3] i8042: line status=0x1c irqs=5696 bytes=5696 kbd gsi=1 rte=0x0000000000000024 aux gsi=12 rte=0x0000000000000024
[kernel 259.382 cpu3] heartbeat: t=259.382s alive=8/8 mask=0xff ran=16 gap=0.253s
[kernel 259.382 cpu3] i8042: line status=0x1c irqs=5696 bytes=5696 kbd gsi=1 rte=0x0000000000000024 aux gsi=12 rte=0x0000000000000024
[kernel 259.637 cpu1] heartbeat: t=259.637s alive=8/8 mask=0xff ran=15 gap=0.254s
[kernel 259.637 cpu1] i8042: line status=0x1c irqs=5696 bytes=5696 kbd gsi=1 rte=0x0000000000000024 aux gsi=12 rte=0x0000000000000024
[kernel 259.896 cpu3] heartbeat: t=259.896s alive=8/8 mask=0xff ran=17 gap=0.258s
[kernel 259.896 cpu3] i8042: line status=0x1c irqs=5696 bytes=5696 kbd gsi=1 rte=0x0000000000000024 aux gsi=12 rte=0x0000000000000024
compositor: frames=6 rects=6 damage_px=6843832 damage_px_max=1706222 composite_us_min=74 composite_us_max=4685 composite_us_total=18703 scanout_wr_bytes=27375328 scanout_blits=6 back_rd_bytes=1341376 cursor=4 windows=3
[kernel 260.149 cpu1] heartbeat: t=260.149s alive=8/8 mask=0xff ran=15 gap=0.252s
[kernel 260.149 cpu1] i8042: line status=0x1c irqs=5696 bytes=5696 kbd gsi=1 rte=0x0000000000000024 aux gsi=12 rte=0x0000000000000024
[kernel 260.408 cpu1] heartbeat: t=260.408s alive=8/8 mask=0xff ran=17 gap=0.259s
[kernel 260.408 cpu1] i8042: line status=0x1c irqs=5696 bytes=5696 kbd gsi=1 rte=0x0000000000000024 aux gsi=12 rte=0x0000000000000024
[kernel 260.660 cpu1] heartbeat: t=260.660s alive=8/8 mask=0xff ran=15 gap=0.251s
[kernel 260.660 cpu1] i8042: line status=0x1c irqs=5696 bytes=5696 kbd gsi=1 rte=0x0000000000000024 aux gsi=12 rte=0x0000000000000024
[kernel 260.910 cpu4] heartbeat: t=260.910s alive=8/8 mask=0xff ran=18 gap=0.250s
[kernel 260.910 cpu4] i8042: line status=0x1c irqs=5696 bytes=5696 kbd gsi=1 rte=0x0000000000000024 aux gsi=12 rte=0x0000000000000024
[kernel 261.161 cpu4] heartbeat: t=261.161s alive=8/8 mask=0xff ran=24 gap=0.251s
[kernel 261.162 cpu4] i8042: line status=0x1c irqs=5700 bytes=5700 kbd gsi=1 rte=0x0000000000000024 aux gsi=12 rte=0x0000000000000024
[kernel 261.294 cpu0] PMM: 282/15962MB used (7840 pages free)
[kernel 261.294 cpu0]   kernel-heap  alloc=     6 free=     0 held=     6 (12MB) rate=0/s
[kernel 261.294 cpu0]   demand-page  alloc=    39 free=    30 held=     9 (18MB) rate=0/s
[kernel 261.294 cpu0]   mmap         alloc=   173 free=   136 held=    37 (74MB) rate=0/s
[kernel 261.294 cpu0]   shared-mem   alloc=    41 free=    21 held=    20 (40MB) rate=0/s
[kernel 261.294 cpu0]   pipe         alloc=    50 free=    37 held=    13 (26MB) rate=0/s
[kernel 261.294 cpu0]   elf          alloc=    37 free=    29 held=     8 (16MB) rate=0/s
[kernel 261.294 cpu0]   dma          alloc=     6 free=     0 held=     6 (12MB) rate=0/s
[kernel 261.294 cpu0]   framebuffer  alloc=     1 free=     0 held=     1 (2MB) rate=0/s
[kernel 261.294 cpu0]   stack        alloc=   140 free=   108 held=    32 (64MB) rate=0/s
[kernel 261.294 cpu0]   init-tls     alloc=    47 free=    38 held=     9 (18MB) rate=0/s
[kernel 261.413 cpu1] heartbeat: t=261.413s alive=8/8 mask=0xff ran=23 gap=0.251s
[kernel 261.413 cpu1] i8042: line status=0x1c irqs=5704 bytes=5704 kbd gsi=1 rte=0x0000000000000024 aux gsi=12 rte=0x0000000000000024
[kernel 261.446 cpu0] sched: cpu=0 ready=0 parked=1 current=None
[kernel 261.657 cpu3] sched: cpu=3 ready=0 parked=2 current=None
[kernel 261.663 cpu0] heartbeat: t=261.663s alive=8/8 mask=0xff ran=18 gap=0.250s
[kernel 261.663 cpu0] i8042: line status=0x1c irqs=5705 bytes=5705 kbd gsi=1 rte=0x0000000000000024 aux gsi=12 rte=0x0000000000000024
[kernel 261.918 cpu3] heartbeat: t=261.918s alive=8/8 mask=0xff ran=17 gap=0.254s
[kernel 261.918 cpu3] i8042: line status=0x1c irqs=5706 bytes=5706 kbd gsi=1 rte=0x0000000000000024 aux gsi=12 rte=0x0000000000000024
compositor: frames=10 rects=10 damage_px=13668720 damage_px_max=1706222 composite_us_min=75 composite_us_max=4811 composite_us_total=37458 scanout_wr_bytes=54674880 scanout_blits=10 back_rd_bytes=2604624 cursor=8 windows=3
[kernel 262.177 cpu3] heartbeat: t=262.177s alive=8/8 mask=0xff ran=17 gap=0.259s
[kernel 262.177 cpu3] i8042: line status=0x1c irqs=5708 bytes=5708 kbd gsi=1 rte=0x0000000000000024 aux gsi=12 rte=0x0000000000000024
[kernel 262.289 cpu2] sched: cpu=2 ready=0 parked=0 current=None
[kernel 262.289 cpu5] sched: cpu=5 ready=0 parked=2 current=None
[kernel 262.350 cpu1] sched: cpu=1 ready=0 parked=0 current=None
[kernel 262.408 cpu4] sched: cpu=4 ready=0 parked=2 current=None
[kernel 262.432 cpu3] heartbeat: t=262.432s alive=8/8 mask=0xff ran=17 gap=0.254s
[kernel 262.432 cpu3] i8042: line status=0x1c irqs=5708 bytes=5708 kbd gsi=1 rte=0x0000000000000024 aux gsi=12 rte=0x0000000000000024
[kernel 262.565 cpu6] sched: cpu=6 ready=0 parked=2 current=None
[kernel 262.589 cpu7] sched: cpu=7 ready=0 parked=0 current=None
[kernel 262.687 cpu3] heartbeat: t=262.687s alive=8/8 mask=0xff ran=14 gap=0.255s
[kernel 262.687 cpu3] i8042: line status=0x1c irqs=5708 bytes=5708 kbd gsi=1 rte=0x0000000000000024 aux gsi=12 rte=0x0000000000000024
[kernel 262.945 cpu3] heartbeat: t=262.945s alive=8/8 mask=0xff ran=17 gap=0.258s
[kernel 262.945 cpu3] i8042: line status=0x1c irqs=5708 bytes=5708 kbd gsi=1 rte=0x0000000000000024 aux gsi=12 rte=0x0000000000000024
[kernel 263.201 cpu2] heartbeat: t=263.201s alive=8/8 mask=0xff ran=12 gap=0.255s
[kernel 263.201 cpu2] i8042: line status=0x1c irqs=5708 bytes=5708 kbd gsi=1 rte=0x0000000000000024 aux gsi=12 rte=0x0000000000000024
[kernel 263.456 cpu2] heartbeat: t=263.456s alive=8/8 mask=0xff ran=17 gap=0.254s
[kernel 263.456 cpu2] i8042: line status=0x1c irqs=5708 bytes=5708 kbd gsi=1 rte=0x0000000000000024 aux gsi=12 rte=0x0000000000000024
[kernel 263.708 cpu0] heartbeat: t=263.708s alive=8/8 mask=0xff ran=18 gap=0.252s
[kernel 263.708 cpu0] i8042: line status=0x3c irqs=5745 bytes=5744 kbd gsi=1 rte=0x0000000000000024 aux gsi=12 rte=0x0000000000000024
[kernel 263.772 cpu0] i8042: 5760 interrupts, 5760 bytes, 846 keys, 1527 motion, 56 undecoded, 0 discarded, 0 overruns, 0 dropped, 0 lost edges — last byte at 263772ms
[kernel 263.962 cpu1] heartbeat: t=263.962s alive=8/8 mask=0xff ran=23 gap=0.253s
[kernel 263.962 cpu1] i8042: line status=0x3c irqs=5804 bytes=5804 kbd gsi=1 rte=0x0000000000000024 aux gsi=12 rte=0x0000000000000024
compositor: frames=48 rects=49 damage_px=6869629 damage_px_max=1706222 composite_us_min=10 composite_us_max=4685 composite_us_total=20976 scanout_wr_bytes=27478516 scanout_blits=49 back_rd_bytes=18361120 cursor=45 windows=3
[kernel 264.214 cpu3] heartbeat: t=264.214s alive=8/8 mask=0xff ran=16 gap=0.252s
[kernel 264.214 cpu3] i8042: line status=0x3c irqs=5834 bytes=5834 kbd gsi=1 rte=0x0000000000000024 aux gsi=12 rte=0x0000000000000024
[kernel 264.470 cpu3] heartbeat: t=264.470s alive=8/8 mask=0xff ran=15 gap=0.255s
[kernel 264.470 cpu3] i8042: line status=0x3c irqs=5834 bytes=5834 kbd gsi=1 rte=0x0000000000000024 aux gsi=12 rte=0x0000000000000024
[kernel 264.728 cpu3] heartbeat: t=264.728s alive=8/8 mask=0xff ran=13 gap=0.257s
[kernel 264.728 cpu3] i8042: line status=0x3c irqs=5834 bytes=5834 kbd gsi=1 rte=0x0000000000000024 aux gsi=12 rte=0x0000000000000024
[kernel 264.984 cpu3] heartbeat: t=264.984s alive=8/8 mask=0xff ran=16 gap=0.255s
[kernel 264.984 cpu3] i8042: line status=0x3c irqs=5834 bytes=5834 kbd gsi=1 rte=0x0000000000000024 aux gsi=12 rte=0x0000000000000024
[kernel 265.245 cpu3] heartbeat: t=265.245s alive=8/8 mask=0xff ran=16 gap=0.261s
[kernel 265.245 cpu3] i8042: line status=0x3c irqs=5840 bytes=5840 kbd gsi=1 rte=0x0000000000000024 aux gsi=12 rte=0x0000000000000024
[kernel 265.497 cpu3] heartbeat: t=265.497s alive=8/8 mask=0xff ran=16 gap=0.251s
[kernel 265.497 cpu3] i8042: line status=0x3c irqs=5840 bytes=5840 kbd gsi=1 rte=0x0000000000000024 aux gsi=12 rte=0x0000000000000024
[kernel 265.751 cpu3] heartbeat: t=265.751s alive=8/8 mask=0xff ran=14 gap=0.254s
[kernel 265.751 cpu3] i8042: line status=0x3c irqs=5840 bytes=5840 kbd gsi=1 rte=0x0000000000000024 aux gsi=12 rte=0x0000000000000024
[kernel 266.008 cpu1] heartbeat: t=266.008s alive=8/8 mask=0xff ran=16 gap=0.256s
[kernel 266.008 cpu1] i8042: line status=0x3c irqs=5840 bytes=5840 kbd gsi=1 rte=0x0000000000000024 aux gsi=12 rte=0x0000000000000024
compositor: frames=8 rects=8 damage_px=8841032 damage_px_max=1996800 composite_us_min=74 composite_us_max=6253 composite_us_total=25184 scanout_wr_bytes=35364128 scanout_blits=8 back_rd_bytes=3812220 cursor=2 windows=3
[kernel 266.262 cpu3] heartbeat: t=266.262s alive=8/8 mask=0xff ran=15 gap=0.253s
[kernel 266.262 cpu3] i8042: line status=0x3c irqs=5840 bytes=5840 kbd gsi=1 rte=0x0000000000000024 aux gsi=12 rte=0x0000000000000024
[kernel 266.525 cpu1] heartbeat: t=266.525s alive=8/8 mask=0xff ran=21 gap=0.263s
[kernel 266.525 cpu1] i8042: line status=0x1c irqs=5843 bytes=5843 kbd gsi=1 rte=0x0000000000000024 aux gsi=12 rte=0x0000000000000024
[kernel 266.785 cpu3] heartbeat: t=266.785s alive=8/8 mask=0xff ran=17 gap=0.260s
[kernel 266.785 cpu3] i8042: line status=0x1c irqs=5844 bytes=5844 kbd gsi=1 rte=0x0000000000000024 aux gsi=12 rte=0x0000000000000024
[kernel 267.039 cpu6] heartbeat: t=267.039s alive=8/8 mask=0xff ran=19 gap=0.253s
[kernel 267.039 cpu6] i8042: line status=0x3c irqs=5868 bytes=5868 kbd gsi=1 rte=0x0000000000000024 aux gsi=12 rte=0x0000000000000024
[kernel 267.289 cpu3] heartbeat: t=267.289s alive=8/8 mask=0xff ran=17 gap=0.250s
[kernel 267.289 cpu3] i8042: line status=0x3c irqs=5892 bytes=5892 kbd gsi=1 rte=0x0000000000000024 aux gsi=12 rte=0x0000000000000024
[kernel 267.553 cpu3] heartbeat: t=267.553s alive=8/8 mask=0xff ran=16 gap=0.264s
[kernel 267.553 cpu3] i8042: line status=0x3c irqs=5919 bytes=5919 kbd gsi=1 rte=0x0000000000000024 aux gsi=12 rte=0x0000000000000024
[kernel 267.811 cpu6] heartbeat: t=267.811s alive=8/8 mask=0xff ran=16 gap=0.257s
[kernel 267.811 cpu6] i8042: line status=0x3c irqs=5937 bytes=5937 kbd gsi=1 rte=0x0000000000000024 aux gsi=12 rte=0x0000000000000024
[kernel 268.062 cpu0] heartbeat: t=268.062s alive=8/8 mask=0xff ran=15 gap=0.251s
[kernel 268.062 cpu0] i8042: line status=0x3c irqs=5937 bytes=5937 kbd gsi=1 rte=0x0000000000000024 aux gsi=12 rte=0x0000000000000024
compositor: frames=37 rects=52 damage_px=8860898 damage_px_max=1996800 composite_us_min=13 composite_us_max=6320 composite_us_total=27245 scanout_wr_bytes=35443592 scanout_blits=52 back_rd_bytes=14417272 cursor=33 windows=3
[kernel 268.320 cpu3] heartbeat: t=268.320s alive=8/8 mask=0xff ran=16 gap=0.257s
[kernel 268.320 cpu3] i8042: line status=0x3c irqs=5937 bytes=5937 kbd gsi=1 rte=0x0000000000000024 aux gsi=12 rte=0x0000000000000024
[kernel 268.580 cpu3] heartbeat: t=268.580s alive=8/8 mask=0xff ran=13 gap=0.259s
[kernel 268.580 cpu3] i8042: line status=0x3c irqs=5937 bytes=5937 kbd gsi=1 rte=0x0000000000000024 aux gsi=12 rte=0x0000000000000024
[kernel 268.831 cpu6] heartbeat: t=268.831s alive=8/8 mask=0xff ran=20 gap=0.251s
[kernel 268.831 cpu6] i8042: line status=0x3c irqs=5976 bytes=5976 kbd gsi=1 rte=0x0000000000000024 aux gsi=12 rte=0x0000000000000024
[kernel 269.083 cpu0] heartbeat: t=269.083s alive=8/8 mask=0xff ran=17 gap=0.251s
[kernel 269.083 cpu0] i8042: line status=0x3c irqs=5986 bytes=5985 kbd gsi=1 rte=0x0000000000000024 aux gsi=12 rte=0x0000000000000024
[kernel 269.335 cpu1] heartbeat: t=269.335s alive=8/8 mask=0xff ran=21 gap=0.252s
[kernel 269.335 cpu1] i8042: line status=0x3c irqs=6033 bytes=6033 kbd gsi=1 rte=0x0000000000000024 aux gsi=12 rte=0x0000000000000024
[kernel 269.590 cpu5] heartbeat: t=269.590s alive=8/8 mask=0xff ran=21 gap=0.255s
[kernel 269.590 cpu5] i8042: line status=0x3c irqs=6060 bytes=6060 kbd gsi=1 rte=0x0000000000000024 aux gsi=12 rte=0x0000000000000024
[kernel 269.849 cpu0] heartbeat: t=269.849s alive=8/8 mask=0xff ran=18 gap=0.258s
[kernel 269.849 cpu0] i8042: line status=0x3c irqs=6103 bytes=6102 kbd gsi=1 rte=0x0000000000000024 aux gsi=12 rte=0x0000000000000024
[kernel 270.099 cpu2] heartbeat: t=270.099s alive=8/8 mask=0xff ran=21 gap=0.250s
[kernel 270.099 cpu2] i8042: line status=0x3c irqs=6141 bytes=6141 kbd gsi=1 rte=0x0000000000000024 aux gsi=12 rte=0x0000000000000024
compositor: frames=70 rects=73 damage_px=39306619 damage_px_max=1996800 composite_us_min=4 composite_us_max=6248 composite_us_total=121295 scanout_wr_bytes=157226476 scanout_blits=73 back_rd_bytes=31572784 cursor=69 windows=3
[kernel 270.358 cpu3] heartbeat: t=270.358s alive=8/8 mask=0xff ran=17 gap=0.258s
[kernel 270.358 cpu3] i8042: line status=0x3c irqs=6162 bytes=6162 kbd gsi=1 rte=0x0000000000000024 aux gsi=12 rte=0x0000000000000024
[kernel 270.612 cpu4] heartbeat: t=270.612s alive=8/8 mask=0xff ran=20 gap=0.254s
[kernel 270.612 cpu4] i8042: line status=0x3c irqs=6189 bytes=6189 kbd gsi=1 rte=0x0000000000000024 aux gsi=12 rte=0x0000000000000024
[kernel 270.871 cpu6] heartbeat: t=270.871s alive=8/8 mask=0xff ran=16 gap=0.259s
[kernel 270.871 cpu6] i8042: line status=0x3c irqs=6195 bytes=6195 kbd gsi=1 rte=0x0000000000000024 aux gsi=12 rte=0x0000000000000024
[kernel 271.124 cpu4] heartbeat: t=271.124s alive=8/8 mask=0xff ran=21 gap=0.252s
[kernel 271.124 cpu4] i8042: line status=0x3c irqs=6225 bytes=6225 kbd gsi=1 rte=0x0000000000000024 aux gsi=12 rte=0x0000000000000024
[kernel 271.296 cpu7] PMM: 282/15962MB used (7840 pages free)
[kernel 271.296 cpu7]   kernel-heap  alloc=     6 free=     0 held=     6 (12MB) rate=0/s
[kernel 271.296 cpu7]   demand-page  alloc=    39 free=    30 held=     9 (18MB) rate=0/s
[kernel 271.296 cpu7]   mmap         alloc=   173 free=   136 held=    37 (74MB) rate=0/s
[kernel 271.296 cpu7]   shared-mem   alloc=    41 free=    21 held=    20 (40MB) rate=0/s
[kernel 271.296 cpu7]   pipe         alloc=    50 free=    37 held=    13 (26MB) rate=0/s
[kernel 271.296 cpu7]   elf          alloc=    37 free=    29 held=     8 (16MB) rate=0/s
[kernel 271.296 cpu7]   dma          alloc=     6 free=     0 held=     6 (12MB) rate=0/s
[kernel 271.296 cpu7]   framebuffer  alloc=     1 free=     0 held=     1 (2MB) rate=0/s
[kernel 271.296 cpu7]   stack        alloc=   140 free=   108 held=    32 (64MB) rate=0/s
[kernel 271.296 cpu7]   init-tls     alloc=    47 free=    38 held=     9 (18MB) rate=0/s
compositor: window closed pid=34 by its close button, 2 left
[kernel 271.298 cpu6 tid=0] syscalls: pid=34 total=417 syscall_wall=14264ms 0=69 1=72 6=1 8=181 9=3 10=4 14=2 38=2 39=1 63=2
[kernel 271.298 cpu6 tid=0] memory: pid=34 peak=4MB allocs=3 frees=0
[kernel 271.298 cpu6 tid=0] exit: editor pid=34 code=0 cpu=135ms
[kernel 271.387 cpu3] heartbeat: t=271.387s alive=8/8 mask=0xff ran=20 gap=0.263s
[kernel 271.387 cpu3] i8042: line status=0x3c irqs=6228 bytes=6228 kbd gsi=1 rte=0x0000000000000024 aux gsi=12 rte=0x0000000000000024
[kernel 271.531 cpu0] sched: cpu=0 ready=0 parked=1 current=None
[kernel 271.648 cpu3] heartbeat: t=271.648s alive=8/8 mask=0xff ran=15 gap=0.260s
[kernel 271.648 cpu3] i8042: line status=0x3c irqs=6231 bytes=6231 kbd gsi=1 rte=0x0000000000000024 aux gsi=12 rte=0x0000000000000024
[kernel 271.679 cpu3] sched: cpu=3 ready=0 parked=2 current=None
[kernel 271.907 cpu3] heartbeat: t=271.907s alive=8/8 mask=0xff ran=16 gap=0.258s
[kernel 271.907 cpu3] i8042: line status=0x3c irqs=6252 bytes=6252 kbd gsi=1 rte=0x0000000000000024 aux gsi=12 rte=0x0000000000000024
compositor: frames=41 rects=43 damage_px=5492571 damage_px_max=1996800 composite_us_min=8 composite_us_max=5610 composite_us_total=16847 scanout_wr_bytes=21970284 scanout_blits=43 back_rd_bytes=10502148 cursor=37 windows=2
[kernel 272.157 cpu0] heartbeat: t=272.157s alive=8/8 mask=0xff ran=16 gap=0.250s
[kernel 272.157 cpu0] i8042: line status=0x3c irqs=6255 bytes=6255 kbd gsi=1 rte=0x0000000000000024 aux gsi=12 rte=0x0000000000000024
[kernel 272.337 cpu5] sched: cpu=5 ready=0 parked=2 current=None
[kernel 272.354 cpu1] sched: cpu=1 ready=0 parked=0 current=None
[kernel 272.354 cpu2] sched: cpu=2 ready=0 parked=0 current=None
[kernel 272.424 cpu3] heartbeat: t=272.424s alive=8/8 mask=0xff ran=14 gap=0.266s
[kernel 272.424 cpu3] i8042: line status=0x3c irqs=6255 bytes=6255 kbd gsi=1 rte=0x0000000000000024 aux gsi=12 rte=0x0000000000000024
[kernel 272.454 cpu4] sched: cpu=4 ready=0 parked=2 current=None
[kernel 272.570 cpu6] sched: cpu=6 ready=0 parked=1 current=None
[kernel 272.654 cpu7] sched: cpu=7 ready=0 parked=0 current=None
[kernel 272.686 cpu3] heartbeat: t=272.686s alive=8/8 mask=0xff ran=14 gap=0.262s
[kernel 272.686 cpu3] i8042: line status=0x3c irqs=6255 bytes=6255 kbd gsi=1 rte=0x0000000000000024 aux gsi=12 rte=0x0000000000000024
[kernel 272.944 cpu3] heartbeat: t=272.944s alive=8/8 mask=0xff ran=14 gap=0.258s
[kernel 272.944 cpu3] i8042: line status=0x3c irqs=6255 bytes=6255 kbd gsi=1 rte=0x0000000000000024 aux gsi=12 rte=0x0000000000000024
[kernel 273.206 cpu3] heartbeat: t=273.206s alive=8/8 mask=0xff ran=15 gap=0.262s
[kernel 273.206 cpu3] i8042: line status=0x3c irqs=6255 bytes=6255 kbd gsi=1 rte=0x0000000000000024 aux gsi=12 rte=0x0000000000000024
[kernel 273.468 cpu3] heartbeat: t=273.468s alive=8/8 mask=0xff ran=15 gap=0.261s
[kernel 273.468 cpu3] i8042: line status=0x3c irqs=6255 bytes=6255 kbd gsi=1 rte=0x0000000000000024 aux gsi=12 rte=0x0000000000000024
[kernel 273.729 cpu3] heartbeat: t=273.729s alive=8/8 mask=0xff ran=15 gap=0.260s
[kernel 273.729 cpu3] i8042: line status=0x3c irqs=6255 bytes=6255 kbd gsi=1 rte=0x0000000000000024 aux gsi=12 rte=0x0000000000000024
[kernel 273.773 cpu4] i8042: 6255 interrupts, 6255 bytes, 850 keys, 1688 motion, 65 undecoded, 0 discarded, 0 overruns, 0 dropped, 0 lost edges — last byte at 271937ms
[kernel 273.981 cpu0] heartbeat: t=273.981s alive=8/8 mask=0xff ran=19 gap=0.252s
[kernel 273.981 cpu0] i8042: line status=0x3c irqs=6295 bytes=6294 kbd gsi=1 rte=0x0000000000000024 aux gsi=12 rte=0x0000000000000024
compositor: frames=22 rects=26 damage_px=32676 damage_px_max=10174 composite_us_min=8 composite_us_max=80 composite_us_total=450 scanout_wr_bytes=130704 scanout_blits=26 back_rd_bytes=84504 cursor=21 windows=2
[kernel 274.232 cpu4] heartbeat: t=274.232s alive=8/8 mask=0xff ran=17 gap=0.251s
[kernel 274.232 cpu4] i8042: line status=0x3c irqs=6330 bytes=6330 kbd gsi=1 rte=0x0000000000000024 aux gsi=12 rte=0x0000000000000024
[kernel 274.487 cpu5] heartbeat: t=274.487s alive=8/8 mask=0xff ran=16 gap=0.254s
[kernel 274.487 cpu5] i8042: line status=0x3c irqs=6345 bytes=6345 kbd gsi=1 rte=0x0000000000000024 aux gsi=12 rte=0x0000000000000024
[kernel 274.737 cpu0] heartbeat: t=274.737s alive=8/8 mask=0xff ran=15 gap=0.250s
[kernel 274.737 cpu0] i8042: line status=0x3c irqs=6346 bytes=6345 kbd gsi=1 rte=0x0000000000000024 aux gsi=12 rte=0x0000000000000024
[kernel 274.988 cpu3] heartbeat: t=274.988s alive=8/8 mask=0xff ran=17 gap=0.250s
[kernel 274.988 cpu3] i8042: line status=0x3c irqs=6378 bytes=6378 kbd gsi=1 rte=0x0000000000000024 aux gsi=12 rte=0x0000000000000024
[kernel 275.248 cpu3] heartbeat: t=275.248s alive=8/8 mask=0xff ran=13 gap=0.259s
[kernel 275.248 cpu3] i8042: line status=0x3c irqs=6378 bytes=6378 kbd gsi=1 rte=0x0000000000000024 aux gsi=12 rte=0x0000000000000024
[kernel 275.512 cpu3] heartbeat: t=275.512s alive=8/8 mask=0xff ran=14 gap=0.264s
[kernel 275.512 cpu3] i8042: line status=0x3c irqs=6378 bytes=6378 kbd gsi=1 rte=0x0000000000000024 aux gsi=12 rte=0x0000000000000024
[kernel 275.766 cpu3] heartbeat: t=275.766s alive=8/8 mask=0xff ran=13 gap=0.254s
[kernel 275.766 cpu3] i8042: line status=0x3c irqs=6378 bytes=6378 kbd gsi=1 rte=0x0000000000000024 aux gsi=12 rte=0x0000000000000024
[kernel 276.033 cpu3] heartbeat: t=276.033s alive=8/8 mask=0xff ran=20 gap=0.266s
[kernel 276.033 cpu3] i8042: line status=0x1c irqs=6379 bytes=6379 kbd gsi=1 rte=0x0000000000000024 aux gsi=12 rte=0x0000000000000024
compositor: frames=22 rects=30 damage_px=1222552 damage_px_max=1190400 composite_us_min=9 composite_us_max=3084 composite_us_total=3616 scanout_wr_bytes=4890208 scanout_blits=30 back_rd_bytes=83672 cursor=19 windows=2
[kernel 276.290 cpu3] heartbeat: t=276.290s alive=8/8 mask=0xff ran=21 gap=0.257s
[kernel 276.290 cpu3] i8042: line status=0x1c irqs=6382 bytes=6382 kbd gsi=1 rte=0x0000000000000024 aux gsi=12 rte=0x0000000000000024
[kernel 276.544 cpu3] heartbeat: t=276.544s alive=8/8 mask=0xff ran=14 gap=0.253s
[kernel 276.544 cpu3] i8042: line status=0x1c irqs=6382 bytes=6382 kbd gsi=1 rte=0x0000000000000024 aux gsi=12 rte=0x0000000000000024
[kernel 276.805 cpu3] heartbeat: t=276.805s alive=8/8 mask=0xff ran=14 gap=0.260s
[kernel 276.805 cpu3] i8042: line status=0x1c irqs=6382 bytes=6382 kbd gsi=1 rte=0x0000000000000024 aux gsi=12 rte=0x0000000000000024
[kernel 277.070 cpu1] heartbeat: t=277.070s alive=8/8 mask=0xff ran=15 gap=0.265s
[kernel 277.070 cpu1] i8042: line status=0x1c irqs=6382 bytes=6382 kbd gsi=1 rte=0x0000000000000024 aux gsi=12 rte=0x0000000000000024
[kernel 277.334 cpu3] heartbeat: t=277.334s alive=8/8 mask=0xff ran=23 gap=0.263s
[kernel 277.334 cpu3] i8042: line status=0x1c irqs=6384 bytes=6384 kbd gsi=1 rte=0x0000000000000024 aux gsi=12 rte=0x0000000000000024
[kernel 277.591 cpu3] heartbeat: t=277.591s alive=8/8 mask=0xff ran=22 gap=0.257s
[kernel 277.591 cpu3] i8042: line status=0x1c irqs=6386 bytes=6386 kbd gsi=1 rte=0x0000000000000024 aux gsi=12 rte=0x0000000000000024
[kernel 277.842 cpu6] heartbeat: t=277.842s alive=8/8 mask=0xff ran=18 gap=0.250s
[kernel 277.842 cpu6] i8042: line status=0x1c irqs=6388 bytes=6388 kbd gsi=1 rte=0x0000000000000024 aux gsi=12 rte=0x0000000000000024
[kernel 278.093 cpu7] heartbeat: t=278.093s alive=8/8 mask=0xff ran=15 gap=0.251s
[kernel 278.093 cpu7] i8042: line status=0x1c irqs=6388 bytes=6388 kbd gsi=1 rte=0x0000000000000024 aux gsi=12 rte=0x0000000000000024
compositor: frames=4 rects=4 damage_px=19456 damage_px_max=9472 composite_us_min=8 composite_us_max=65 composite_us_total=142 scanout_wr_bytes=77824 scanout_blits=4 back_rd_bytes=75768 cursor=0 windows=2
[kernel 278.344 cpu0] heartbeat: t=278.344s alive=8/8 mask=0xff ran=16 gap=0.250s
[kernel 278.344 cpu0] i8042: line status=0x3c irqs=6422 bytes=6421 kbd gsi=1 rte=0x0000000000000024 aux gsi=12 rte=0x0000000000000024
[kernel 278.600 cpu0] heartbeat: t=278.600s alive=8/8 mask=0xff ran=19 gap=0.255s
[kernel 278.600 cpu0] i8042: line status=0x3c irqs=6467 bytes=6466 kbd gsi=1 rte=0x0000000000000024 aux gsi=12 rte=0x0000000000000024
[kernel 278.852 cpu7] heartbeat: t=278.852s alive=8/8 mask=0xff ran=18 gap=0.252s
[kernel 278.852 cpu7] i8042: line status=0x3c irqs=6490 bytes=6490 kbd gsi=1 rte=0x0000000000000024 aux gsi=12 rte=0x0000000000000024
[kernel 279.116 cpu3] heartbeat: t=279.116s alive=8/8 mask=0xff ran=18 gap=0.264s
[kernel 279.116 cpu3] i8042: line status=0x3c irqs=6523 bytes=6523 kbd gsi=1 rte=0x0000000000000024 aux gsi=12 rte=0x0000000000000024
[kernel 279.370 cpu3] heartbeat: t=279.370s alive=8/8 mask=0xff ran=13 gap=0.253s
[kernel 279.370 cpu3] i8042: line status=0x3c irqs=6523 bytes=6523 kbd gsi=1 rte=0x0000000000000024 aux gsi=12 rte=0x0000000000000024
[kernel 279.631 cpu3] heartbeat: t=279.631s alive=8/8 mask=0xff ran=15 gap=0.261s
[kernel 279.631 cpu3] i8042: line status=0x3c irqs=6538 bytes=6538 kbd gsi=1 rte=0x0000000000000024 aux gsi=12 rte=0x0000000000000024
[kernel 279.882 cpu4] heartbeat: t=279.882s alive=8/8 mask=0xff ran=14 gap=0.251s
[kernel 279.882 cpu4] i8042: line status=0x3c irqs=6550 bytes=6550 kbd gsi=1 rte=0x0000000000000024 aux gsi=12 rte=0x0000000000000024
[kernel 280.147 cpu0] heartbeat: t=280.147s alive=8/8 mask=0xff ran=14 gap=0.264s
[kernel 280.147 cpu0] i8042: line status=0x3c irqs=6550 bytes=6550 kbd gsi=1 rte=0x0000000000000024 aux gsi=12 rte=0x0000000000000024
compositor: window closed pid=4 by its close button, 1 left
[kernel 280.164 cpu6 tid=0] syscalls: pid=5 total=337 syscall_wall=259217ms 0=94 1=75 6=1 9=21 10=20 14=86 20=1 21=12 25=11 26=11 63=1
[kernel 280.164 cpu6 tid=0] memory: pid=5 peak=2MB allocs=2 frees=0
[kernel 280.164 cpu6 tid=0] exit: shell pid=5 code=0 cpu=280ms
/home/root> doom    [kernel 280.164 cpu5 tid=0] syscalls: pid=4 total=1356 syscall_wall=259207ms 0=361 1=557 6=1 9=3 10=12 14=2 24=3 25=1 26=1 28=6 38=3 39=1 51=1 63=7
[kernel 280.164 cpu5 tid=0] memory: pid=4 peak=14MB allocs=8 frees=0
[kernel 280.164 cpu5 tid=0] exit: terminal pid=4 code=0 cpu=171ms
compositor: frames=55 rects=66 damage_px=1914711 damage_px_max=1862160 composite_us_min=8 composite_us_max=4016 composite_us_total=6763 scanout_wr_bytes=7658844 scanout_blits=66 back_rd_bytes=23098784 cursor=54 windows=1
[kernel 280.399 cpu3] heartbeat: t=280.399s alive=8/8 mask=0xff ran=20 gap=0.251s
[kernel 280.399 cpu3] i8042: line status=0x3c irqs=6556 bytes=6556 kbd gsi=1 rte=0x0000000000000024 aux gsi=12 rte=0x0000000000000024
[kernel 280.664 cpu3] heartbeat: t=280.664s alive=8/8 mask=0xff ran=15 gap=0.265s
[kernel 280.664 cpu3] i8042: line status=0x3c irqs=6556 bytes=6556 kbd gsi=1 rte=0x0000000000000024 aux gsi=12 rte=0x0000000000000024
[kernel 280.915 cpu4] heartbeat: t=280.915s alive=8/8 mask=0xff ran=17 gap=0.250s
[kernel 280.915 cpu4] i8042: line status=0x3c irqs=6580 bytes=6580 kbd gsi=1 rte=0x0000000000000024 aux gsi=12 rte=0x0000000000000024
[kernel 281.172 cpu3] heartbeat: t=281.172s alive=8/8 mask=0xff ran=15 gap=0.256s
[kernel 281.172 cpu3] i8042: line status=0x3c irqs=6580 bytes=6580 kbd gsi=1 rte=0x0000000000000024 aux gsi=12 rte=0x0000000000000024
[kernel 281.310 cpu3] PMM: 184/15962MB used (7889 pages free)
[kernel 281.310 cpu3]   kernel-heap  alloc=     6 free=     0 held=     6 (12MB) rate=0/s
[kernel 281.310 cpu3]   demand-page  alloc=    39 free=    33 held=     6 (12MB) rate=0/s
[kernel 281.310 cpu3]   mmap         alloc=   173 free=   146 held=    27 (54MB) rate=0/s
[kernel 281.310 cpu3]   shared-mem   alloc=    41 free=    32 held=     9 (18MB) rate=0/s
[kernel 281.310 cpu3]   pipe         alloc=    50 free=    44 held=     6 (12MB) rate=0/s
[kernel 281.310 cpu3]   elf          alloc=    37 free=    32 held=     5 (10MB) rate=0/s
[kernel 281.310 cpu3]   dma          alloc=     6 free=     0 held=     6 (12MB) rate=0/s
[kernel 281.310 cpu3]   framebuffer  alloc=     1 free=     0 held=     1 (2MB) rate=0/s
[kernel 281.310 cpu3]   stack        alloc=   140 free=   120 held=    20 (40MB) rate=0/s
[kernel 281.310 cpu3]   init-tls     alloc=    47 free=    41 held=     6 (12MB) rate=0/s
[kernel 281.435 cpu3] heartbeat: t=281.435s alive=8/8 mask=0xff ran=15 gap=0.263s
[kernel 281.435 cpu3] i8042: line status=0x3c irqs=6586 bytes=6586 kbd gsi=1 rte=0x0000000000000024 aux gsi=12 rte=0x0000000000000024
[kernel 281.557 cpu0] sched: cpu=0 ready=0 parked=1 current=None
[kernel 281.694 cpu3] sched: cpu=3 ready=0 parked=2 current=None
[kernel 281.694 cpu3] heartbeat: t=281.694s alive=8/8 mask=0xff ran=24 gap=0.259s
[kernel 281.694 cpu3] i8042: line status=0x1c irqs=6589 bytes=6589 kbd gsi=1 rte=0x0000000000000024 aux gsi=12 rte=0x0000000000000024
[kernel 281.957 cpu3] heartbeat: t=281.957s alive=8/8 mask=0xff ran=27 gap=0.262s
[kernel 281.957 cpu3] i8042: line status=0x1c irqs=6593 bytes=6593 kbd gsi=1 rte=0x0000000000000024 aux gsi=12 rte=0x0000000000000024
[kernel 282.220 cpu3] heartbeat: t=282.220s alive=8/8 mask=0xff ran=27 gap=0.263s
[kernel 282.220 cpu3] i8042: line status=0x1c irqs=6597 bytes=6597 kbd gsi=1 rte=0x0000000000000024 aux gsi=12 rte=0x0000000000000024
compositor: frames=19 rects=25 damage_px=1023912 damage_px_max=996480 composite_us_min=3 composite_us_max=1802 composite_us_total=2245 scanout_wr_bytes=4095648 scanout_blits=25 back_rd_bytes=1366812 cursor=12 windows=1
[kernel 282.362 cpu5] sched: cpu=5 ready=0 parked=1 current=None
[kernel 282.374 cpu1] sched: cpu=1 ready=0 parked=0 current=None
[kernel 282.374 cpu2] sched: cpu=2 ready=0 parked=0 current=None
/home/root> cat a/home/root> cat a.txt 
[kernel 282.463 cpu5 tid=0] ELF: 3554 relocations indexed (RELATIVE + GLOB_DAT + TPOFF)
[kernel 282.463 cpu5 tid=0] spawn: TLS 1 modules, total_memsz=144
[kernel 282.463 cpu5 tid=0] spawn: /bin/cat pid=35 tid=0 base=0x10000000000 entry=0x1000002d4f4 cr3=0x60fc000 symbols=2048KiB (layout=0ms relocs=0ms deps=0ms tls=1ms total=1ms)
[kernel 282.467 cpu4] sched: cpu=4 ready=0 parked=2 current=None
[kernel 282.470 cpu4] heartbeat: t=282.470s alive=8/8 mask=0xff ran=19 gap=0.250s
[kernel 282.470 cpu4] i8042: line status=0x1c irqs=6600 bytes=6600 kbd gsi=1 rte=0x0000000000000024 aux gsi=12 rte=0x0000000000000024
[kernel 282.516 cpu7 tid=0] syscalls: pid=35 total=12 syscall_wall=29ms 0=1 1=2 6=1 9=1 10=1 14=1 63=1
[kernel 282.516 cpu7 tid=0] memory: pid=35 peak=2MB allocs=2 frees=0
[kernel 282.516 cpu7 tid=0] exit: cat pid=35 code=0 cpu=30ms
hi
[kernel 282.616 cpu6] sched: cpu=6 ready=0 parked=0 current=None
[kernel 282.734 cpu3] heartbeat: t=282.734s alive=8/8 mask=0xff ran=18 gap=0.263s
[kernel 282.734 cpu3] i8042: line status=0x1c irqs=6600 bytes=6600 kbd gsi=1 rte=0x0000000000000024 aux gsi=12 rte=0x0000000000000024
[kernel 282.743 cpu7] sched: cpu=7 ready=0 parked=0 current=None
[kernel 282.987 cpu3] heartbeat: t=282.987s alive=8/8 mask=0xff ran=19 gap=0.253s
[kernel 282.987 cpu3] i8042: line status=0x1c irqs=6601 bytes=6601 kbd gsi=1 rte=0x0000000000000024 aux gsi=12 rte=0x0000000000000024
[kernel 283.244 cpu5] heartbeat: t=283.244s alive=8/8 mask=0xff ran=32 gap=0.256s
[kernel 283.244 cpu5] i8042: line status=0x1c irqs=6606 bytes=6606 kbd gsi=1 rte=0x0000000000000024 aux gsi=12 rte=0x0000000000000024
[kernel 283.503 cpu5] heartbeat: t=283.503s alive=8/8 mask=0xff ran=22 gap=0.258s
[kernel 283.503 cpu5] i8042: line status=0x1c irqs=6608 bytes=6608 kbd gsi=1 rte=0x0000000000000024 aux gsi=12 rte=0x0000000000000024
[kernel 283.757 cpu3] heartbeat: t=283.757s alive=8/8 mask=0xff ran=22 gap=0.253s
[kernel 283.757 cpu3] i8042: line status=0x1c irqs=6610 bytes=6610 kbd gsi=1 rte=0x0000000000000024 aux gsi=12 rte=0x0000000000000024
[kernel 283.773 cpu0] i8042: 6610 interrupts, 6610 bytes, 884 keys, 1795 motion, 65 undecoded, 0 discarded, 0 overruns, 0 dropped, 0 lost edges — last byte at 283640ms
/home/root> cat a/home/root> cat a.txt 
.config  a.txt  
[kernel 284.007 cpu0] heartbeat: t=284.007s alive=8/8 mask=0xff ran=21 gap=0.250s
[kernel 284.007 cpu0] i8042: line status=0x1c irqs=6613 bytes=6613 kbd gsi=1 rte=0x0000000000000024 aux gsi=12 rte=0x0000000000000024
[kernel 284.264 cpu3] heartbeat: t=284.264s alive=8/8 mask=0xff ran=17 gap=0.257s
[kernel 284.264 cpu3] i8042: line status=0x1c irqs=6614 bytes=6614 kbd gsi=1 rte=0x0000000000000024 aux gsi=12 rte=0x0000000000000024
compositor: frames=13 rects=13 damage_px=1826304 damage_px_max=452864 composite_us_min=3 composite_us_max=1208 composite_us_total=4860 scanout_wr_bytes=7305216 scanout_blits=13 back_rd_bytes=75768 cursor=0 windows=1
[kernel 284.520 cpu3] heartbeat: t=284.520s alive=8/8 mask=0xff ran=11 gap=0.255s
[kernel 284.520 cpu3] i8042: line status=0x1c irqs=6614 bytes=6614 kbd gsi=1 rte=0x0000000000000024 aux gsi=12 rte=0x0000000000000024
[kernel 284.783 cpu3] heartbeat: t=284.783s alive=8/8 mask=0xff ran=13 gap=0.262s
[kernel 284.783 cpu3] i8042: line status=0x1c irqs=6614 bytes=6614 kbd gsi=1 rte=0x0000000000000024 aux gsi=12 rte=0x0000000000000024
[kernel 285.042 cpu3] heartbeat: t=285.042s alive=8/8 mask=0xff ran=20 gap=0.259s
[kernel 285.042 cpu3] i8042: line status=0x1c irqs=6616 bytes=6616 kbd gsi=1 rte=0x0000000000000024 aux gsi=12 rte=0x0000000000000024
[kernel 285.295 cpu6] heartbeat: t=285.295s alive=8/8 mask=0xff ran=25 gap=0.253s
[kernel 285.295 cpu6] i8042: line status=0x1c irqs=6619 bytes=6619 kbd gsi=1 rte=0x0000000000000024 aux gsi=12 rte=0x0000000000000024
[kernel 285.547 cpu3] heartbeat: t=285.547s alive=8/8 mask=0xff ran=29 gap=0.252s
[kernel 285.547 cpu3] i8042: line status=0x1c irqs=6623 bytes=6623 kbd gsi=1 rte=0x0000000000000024 aux gsi=12 rte=0x0000000000000024
[kernel 285.808 cpu3] heartbeat: t=285.808s alive=8/8 mask=0xff ran=22 gap=0.260s
[kernel 285.808 cpu3] i8042: line status=0x1c irqs=6626 bytes=6626 kbd gsi=1 rte=0x0000000000000024 aux gsi=12 rte=0x0000000000000024
[kernel 286.058 cpu5] heartbeat: t=286.058s alive=8/8 mask=0xff ran=20 gap=0.250s
[kernel 286.058 cpu5] i8042: line status=0x1c irqs=6628 bytes=6628 kbd gsi=1 rte=0x0000000000000024 aux gsi=12 rte=0x0000000000000024
[kernel 286.309 cpu3] heartbeat: t=286.309s alive=8/8 mask=0xff ran=27 gap=0.250s
[kernel 286.309 cpu3] i8042: line status=0x1c irqs=6631 bytes=6631 kbd gsi=1 rte=0x0000000000000024 aux gsi=12 rte=0x0000000000000024
compositor: frames=11 rects=11 damage_px=21248 damage_px_max=9472 composite_us_min=3 composite_us_max=67 composite_us_total=167 scanout_wr_bytes=84992 scanout_blits=11 back_rd_bytes=75768 cursor=0 windows=1
[kernel 286.564 cpu3] heartbeat: t=286.564s alive=8/8 mask=0xff ran=23 gap=0.254s
[kernel 286.564 cpu3] i8042: line status=0x1c irqs=6635 bytes=6635 kbd gsi=1 rte=0x0000000000000024 aux gsi=12 rte=0x0000000000000024
[kernel 286.819 cpu3] heartbeat: t=286.819s alive=8/8 mask=0xff ran=19 gap=0.255s
[kernel 286.819 cpu3] i8042: line status=0x1c irqs=6638 bytes=6638 kbd gsi=1 rte=0x0000000000000024 aux gsi=12 rte=0x0000000000000024
[kernel 287.085 cpu3] heartbeat: t=287.085s alive=8/8 mask=0xff ran=15 gap=0.265s
[kernel 287.085 cpu3] i8042: line status=0x1c irqs=6638 bytes=6638 kbd gsi=1 rte=0x0000000000000024 aux gsi=12 rte=0x0000000000000024
[kernel 287.336 cpu4] heartbeat: t=287.336s alive=8/8 mask=0xff ran=14 gap=0.251s
[kernel 287.336 cpu4] i8042: line status=0x1c irqs=6638 bytes=6638 kbd gsi=1 rte=0x0000000000000024 aux gsi=12 rte=0x0000000000000024
[kernel 287.591 cpu3] heartbeat: t=287.591s alive=8/8 mask=0xff ran=15 gap=0.254s
[kernel 287.591 cpu3] i8042: line status=0x1c irqs=6638 bytes=6638 kbd gsi=1 rte=0x0000000000000024 aux gsi=12 rte=0x0000000000000024
[kernel 287.843 cpu2] heartbeat: t=287.843s alive=8/8 mask=0xff ran=15 gap=0.252s
[kernel 287.843 cpu2] i8042: line status=0x1c irqs=6638 bytes=6638 kbd gsi=1 rte=0x0000000000000024 aux gsi=12 rte=0x0000000000000024
[kernel 288.097 cpu3] heartbeat: t=288.097s alive=8/8 mask=0xff ran=15 gap=0.254s
[kernel 288.097 cpu3] i8042: line status=0x1c irqs=6638 bytes=6638 kbd gsi=1 rte=0x0000000000000024 aux gsi=12 rte=0x0000000000000024
[kernel 288.348 cpu4] heartbeat: t=288.348s alive=8/8 mask=0xff ran=12 gap=0.251s
[kernel 288.348 cpu4] i8042: line status=0x1c irqs=6638 bytes=6638 kbd gsi=1 rte=0x0000000000000024 aux gsi=12 rte=0x0000000000000024
compositor: frames=3 rects=3 damage_px=19200 damage_px_max=9472 composite_us_min=3 composite_us_max=59 composite_us_total=121 scanout_wr_bytes=76800 scanout_blits=3 back_rd_bytes=75768 cursor=0 windows=1
[kernel 288.601 cpu3] heartbeat: t=288.601s alive=8/8 mask=0xff ran=15 gap=0.252s
[kernel 288.601 cpu3] i8042: line status=0x1c irqs=6638 bytes=6638 kbd gsi=1 rte=0x0000000000000024 aux gsi=12 rte=0x0000000000000024
[kernel 288.865 cpu3] heartbeat: t=288.865s alive=8/8 mask=0xff ran=13 gap=0.264s
[kernel 288.866 cpu3] i8042: line status=0x1c irqs=6638 bytes=6638 kbd gsi=1 rte=0x0000000000000024 aux gsi=12 rte=0x0000000000000024
[kernel 289.129 cpu3] heartbeat: t=289.129s alive=8/8 mask=0xff ran=13 gap=0.263s
[kernel 289.129 cpu3] i8042: line status=0x1c irqs=6638 bytes=6638 kbd gsi=1 rte=0x0000000000000024 aux gsi=12 rte=0x0000000000000024
[kernel 289.392 cpu7] heartbeat: t=289.392s alive=8/8 mask=0xff ran=14 gap=0.262s
[kernel 289.392 cpu7] i8042: line status=0x1c irqs=6638 bytes=6638 kbd gsi=1 rte=0x0000000000000024 aux gsi=12 rte=0x0000000000000024
[kernel 289.645 cpu3] heartbeat: t=289.645s alive=8/8 mask=0xff ran=15 gap=0.253s
[kernel 289.645 cpu3] i8042: line status=0x1c irqs=6638 bytes=6638 kbd gsi=1 rte=0x0000000000000024 aux gsi=12 rte=0x0000000000000024
[kernel 289.912 cpu3] heartbeat: t=289.912s alive=8/8 mask=0xff ran=14 gap=0.266s
[kernel 289.912 cpu3] i8042: line status=0x1c irqs=6638 bytes=6638 kbd gsi=1 rte=0x0000000000000024 aux gsi=12 rte=0x0000000000000024
[kernel 290.166 cpu3] heartbeat: t=290.166s alive=8/8 mask=0xff ran=13 gap=0.254s
[kernel 290.166 cpu3] i8042: line status=0x1c irqs=6638 bytes=6638 kbd gsi=1 rte=0x0000000000000024 aux gsi=12 rte=0x0000000000000024
compositor: frames=2 rects=2 damage_px=18944 damage_px_max=9472 composite_us_min=58 composite_us_max=58 composite_us_total=116 scanout_wr_bytes=75776 scanout_blits=2 back_rd_bytes=75768 cursor=0 windows=1
[kernel 290.431 cpu3] heartbeat: t=290.431s alive=8/8 mask=0xff ran=14 gap=0.264s
[kernel 290.431 cpu3] i8042: line status=0x1c irqs=6638 bytes=6638 kbd gsi=1 rte=0x0000000000000024 aux gsi=12 rte=0x0000000000000024
[kernel 290.692 cpu1] heartbeat: t=290.692s alive=8/8 mask=0xff ran=14 gap=0.260s
[kernel 290.692 cpu1] i8042: line status=0x1c irqs=6638 bytes=6638 kbd gsi=1 rte=0x0000000000000024 aux gsi=12 rte=0x0000000000000024
[kernel 290.945 cpu3] heartbeat: t=290.945s alive=8/8 mask=0xff ran=15 gap=0.253s
[kernel 290.945 cpu3] i8042: line status=0x1c irqs=6638 bytes=6638 kbd gsi=1 rte=0x0000000000000024 aux gsi=12 rte=0x0000000000000024
[kernel 291.196 cpu3] heartbeat: t=291.196s alive=8/8 mask=0xff ran=14 gap=0.250s
[kernel 291.196 cpu3] i8042: line status=0x1c irqs=6638 bytes=6638 kbd gsi=1 rte=0x0000000000000024 aux gsi=12 rte=0x0000000000000024
[kernel 291.321 cpu0] PMM: 184/15962MB used (7889 pages free)
[kernel 291.321 cpu0]   kernel-heap  alloc=     6 free=     0 held=     6 (12MB) rate=0/s
[kernel 291.321 cpu0]   demand-page  alloc=    40 free=    34 held=     6 (12MB) rate=0/s
[kernel 291.321 cpu0]   mmap         alloc=   174 free=   147 held=    27 (54MB) rate=0/s
[kernel 291.321 cpu0]   shared-mem   alloc=    41 free=    32 held=     9 (18MB) rate=0/s
[kernel 291.321 cpu0]   pipe         alloc=    50 free=    44 held=     6 (12MB) rate=0/s
[kernel 291.321 cpu0]   elf          alloc=    38 free=    33 held=     5 (10MB) rate=0/s
[kernel 291.321 cpu0]   dma          alloc=     6 free=     0 held=     6 (12MB) rate=0/s
[kernel 291.321 cpu0]   framebuffer  alloc=     1 free=     0 held=     1 (2MB) rate=0/s
[kernel 291.321 cpu0]   stack        alloc=   144 free=   124 held=    20 (40MB) rate=0/s
[kernel 291.321 cpu0]   init-tls     alloc=    48 free=    42 held=     6 (12MB) rate=0/s
[kernel 291.449 cpu2] heartbeat: t=291.449s alive=8/8 mask=0xff ran=14 gap=0.252s
[kernel 291.449 cpu2] i8042: line status=0x1c irqs=6638 bytes=6638 kbd gsi=1 rte=0x0000000000000024 aux gsi=12 rte=0x0000000000000024
[kernel 291.600 cpu0] sched: cpu=0 ready=0 parked=1 current=None
[kernel 291.700 cpu2] heartbeat: t=291.700s alive=8/8 mask=0xff ran=15 gap=0.251s
[kernel 291.700 cpu2] i8042: line status=0x1c irqs=6638 bytes=6638 kbd gsi=1 rte=0x0000000000000024 aux gsi=12 rte=0x0000000000000024
[kernel 291.705 cpu3] sched: cpu=3 ready=0 parked=2 current=None
[kernel 291.951 cpu1] heartbeat: t=291.951s alive=8/8 mask=0xff ran=13 gap=0.251s
[kernel 291.951 cpu1] i8042: line status=0x1c irqs=6638 bytes=6638 kbd gsi=1 rte=0x0000000000000024 aux gsi=12 rte=0x0000000000000024
[kernel 292.216 cpu3] heartbeat: t=292.216s alive=8/8 mask=0xff ran=15 gap=0.265s
[kernel 292.216 cpu3] i8042: line status=0x1c irqs=6638 bytes=6638 kbd gsi=1 rte=0x0000000000000024 aux gsi=12 rte=0x0000000000000024
compositor: frames=2 rects=2 damage_px=18944 damage_px_max=9472 composite_us_min=69 composite_us_max=70 composite_us_total=139 scanout_wr_bytes=75776 scanout_blits=2 back_rd_bytes=75768 cursor=0 windows=1
[kernel 292.400 cpu5] sched: cpu=5 ready=0 parked=1 current=None
[kernel 292.437 cpu1] sched: cpu=1 ready=0 parked=0 current=None
[kernel 292.451 cpu2] sched: cpu=2 ready=0 parked=0 current=None
[kernel 292.466 cpu0] heartbeat: t=292.466s alive=8/8 mask=0xff ran=11 gap=0.250s
[kernel 292.466 cpu0] i8042: line status=0x1c irqs=6638 bytes=6638 kbd gsi=1 rte=0x0000000000000024 aux gsi=12 rte=0x0000000000000024
[kernel 292.500 cpu4] sched: cpu=4 ready=0 parked=2 current=None
[kernel 292.712 cpu6] sched: cpu=6 ready=0 parked=0 current=None
[kernel 292.716 cpu0] heartbeat: t=292.716s alive=8/8 mask=0xff ran=15 gap=0.250s
[kernel 292.716 cpu0] i8042: line status=0x1c irqs=6638 bytes=6638 kbd gsi=1 rte=0x0000000000000024 aux gsi=12 rte=0x0000000000000024
[kernel 292.751 cpu7] sched: cpu=7 ready=0 parked=0 current=None
[kernel 292.972 cpu3] heartbeat: t=292.972s alive=8/8 mask=0xff ran=15 gap=0.256s
[kernel 292.972 cpu3] i8042: line status=0x1c irqs=6638 bytes=6638 kbd gsi=1 rte=0x0000000000000024 aux gsi=12 rte=0x0000000000000024
[kernel 293.228 cpu3] heartbeat: t=293.228s alive=8/8 mask=0xff ran=14 gap=0.255s
[kernel 293.228 cpu3] i8042: line status=0x1c irqs=6638 bytes=6638 kbd gsi=1 rte=0x0000000000000024 aux gsi=12 rte=0x0000000000000024
[kernel 293.483 cpu3] heartbeat: t=293.483s alive=8/8 mask=0xff ran=14 gap=0.254s
[kernel 293.483 cpu3] i8042: line status=0x1c irqs=6638 bytes=6638 kbd gsi=1 rte=0x0000000000000024 aux gsi=12 rte=0x0000000000000024
[kernel 293.743 cpu3] heartbeat: t=293.743s alive=8/8 mask=0xff ran=14 gap=0.260s
[kernel 293.743 cpu3] i8042: line status=0x1c irqs=6638 bytes=6638 kbd gsi=1 rte=0x0000000000000024 aux gsi=12 rte=0x0000000000000024
[kernel 293.774 cpu2] i8042: 6638 interrupts, 6638 bytes, 912 keys, 1795 motion, 65 undecoded, 0 discarded, 0 overruns, 0 dropped, 0 lost edges — last byte at 286736ms
[kernel 293.994 cpu3] heartbeat: t=293.994s alive=8/8 mask=0xff ran=14 gap=0.250s
[kernel 293.994 cpu3] i8042: line status=0x1c irqs=6638 bytes=6638 kbd gsi=1 rte=0x0000000000000024 aux gsi=12 rte=0x0000000000000024
[kernel 294.247 cpu3] heartbeat: t=294.247s alive=8/8 mask=0xff ran=14 gap=0.253s
[kernel 294.247 cpu3] i8042: line status=0x1c irqs=6638 bytes=6638 kbd gsi=1 rte=0x0000000000000024 aux gsi=12 rte=0x0000000000000024
compositor: frames=2 rects=2 damage_px=18944 damage_px_max=9472 composite_us_min=67 composite_us_max=71 composite_us_total=139 scanout_wr_bytes=75776 scanout_blits=2 back_rd_bytes=75768 cursor=0 windows=1
[kernel 294.506 cpu7] heartbeat: t=294.506s alive=8/8 mask=0xff ran=21 gap=0.259s
[kernel 294.506 cpu7] i8042: line status=0x1c irqs=6639 bytes=6639 kbd gsi=1 rte=0x0000000000000024 aux gsi=12 rte=0x0000000000000024
[kernel 294.762 cpu3] heartbeat: t=294.762s alive=8/8 mask=0xff ran=22 gap=0.255s
[kernel 294.762 cpu3] i8042: line status=0x1c irqs=6641 bytes=6641 kbd gsi=1 rte=0x0000000000000024 aux gsi=12 rte=0x0000000000000024
[kernel 295.013 cpu3] heartbeat: t=295.013s alive=8/8 mask=0xff ran=31 gap=0.250s
[kernel 295.013 cpu3] i8042: line status=0x1c irqs=6647 bytes=6647 kbd gsi=1 rte=0x0000000000000024 aux gsi=12 rte=0x0000000000000024
[kernel 295.275 cpu1] heartbeat: t=295.275s alive=8/8 mask=0xff ran=26 gap=0.262s
[kernel 295.275 cpu1] i8042: line status=0x1c irqs=6651 bytes=6651 kbd gsi=1 rte=0x0000000000000024 aux gsi=12 rte=0x0000000000000024
[kernel 295.534 cpu3] heartbeat: t=295.534s alive=8/8 mask=0xff ran=37 gap=0.259s
[kernel 295.534 cpu3] i8042: line status=0x1c irqs=6657 bytes=6657 kbd gsi=1 rte=0x0000000000000024 aux gsi=12 rte=0x0000000000000024
[kernel 295.786 cpu0] heartbeat: t=295.786s alive=8/8 mask=0xff ran=27 gap=0.252s
[kernel 295.786 cpu0] i8042: line status=0x1c irqs=6663 bytes=6662 kbd gsi=1 rte=0x0000000000000024 aux gsi=12 rte=0x0000000000000024
[kernel 296.047 cpu3] heartbeat: t=296.047s alive=8/8 mask=0xff ran=34 gap=0.260s
[kernel 296.047 cpu3] i8042: line status=0x1c irqs=6667 bytes=6667 kbd gsi=1 rte=0x0000000000000024 aux gsi=12 rte=0x0000000000000024
[kernel 296.303 cpu3] heartbeat: t=296.303s alive=8/8 mask=0xff ran=30 gap=0.256s
[kernel 296.303 cpu3] i8042: line status=0x1c irqs=6672 bytes=6672 kbd gsi=1 rte=0x0000000000000024 aux gsi=12 rte=0x0000000000000024
[kernel 296.390 cpu5 tid=0] ELF: 3554 relocations indexed (RELATIVE + GLOB_DAT + TPOFF)
[kernel 296.390 cpu5 tid=0] spawn: TLS 1 modules, total_memsz=144
[kernel 296.391 cpu5 tid=0] spawn: /bin/echo pid=36 tid=0 base=0x10000000000 entry=0x1000002d4f4 cr3=0x1f25000 symbols=2048KiB (layout=0ms relocs=0ms deps=0ms tls=0ms total=1ms)
/home/root> /home/root> cat a.txt           echo how do i save
compositor: frames=21 rects=21 damage_px=476416 damage_px_max=452864 composite_us_min=3 composite_us_max=1015 composite_us_total=1253 scanout_wr_bytes=1905664 scanout_blits=21 back_rd_bytes=75768 cursor=0 windows=1
[kernel 296.432 cpu0 tid=0] syscalls: pid=36 total=7 syscall_wall=0ms 0=1 6=1 63=1
[kernel 296.432 cpu0 tid=0] memory: pid=36 peak=2MB allocs=2 frees=0
[kernel 296.432 cpu0 tid=0] exit: echo pid=36 code=0 cpu=0ms
how do i save
[kernel 296.556 cpu3] heartbeat: t=296.556s alive=8/8 mask=0xff ran=26 gap=0.252s
[kernel 296.556 cpu3] i8042: line status=0x1c irqs=6676 bytes=6676 kbd gsi=1 rte=0x0000000000000024 aux gsi=12 rte=0x0000000000000024
[kernel 296.811 cpu3] heartbeat: t=296.811s alive=8/8 mask=0xff ran=14 gap=0.255s
[kernel 296.812 cpu3] i8042: line status=0x1c irqs=6676 bytes=6676 kbd gsi=1 rte=0x0000000000000024 aux gsi=12 rte=0x0000000000000024
[kernel 297.066 cpu3] heartbeat: t=297.066s alive=8/8 mask=0xff ran=14 gap=0.254s
[kernel 297.066 cpu3] i8042: line status=0x1c irqs=6676 bytes=6676 kbd gsi=1 rte=0x0000000000000024 aux gsi=12 rte=0x0000000000000024
[kernel 297.326 cpu3] heartbeat: t=297.326s alive=8/8 mask=0xff ran=14 gap=0.260s
[kernel 297.326 cpu3] i8042: line status=0x1c irqs=6676 bytes=6676 kbd gsi=1 rte=0x0000000000000024 aux gsi=12 rte=0x0000000000000024
[kernel 297.589 cpu4] heartbeat: t=297.589s alive=8/8 mask=0xff ran=15 gap=0.262s
[kernel 297.589 cpu4] i8042: line status=0x1c irqs=6676 bytes=6676 kbd gsi=1 rte=0x0000000000000024 aux gsi=12 rte=0x0000000000000024
[kernel 297.842 cpu3] heartbeat: t=297.842s alive=8/8 mask=0xff ran=15 gap=0.253s
[kernel 297.842 cpu3] i8042: line status=0x1c irqs=6676 bytes=6676 kbd gsi=1 rte=0x0000000000000024 aux gsi=12 rte=0x0000000000000024
[kernel 298.101 cpu4] heartbeat: t=298.101s alive=8/8 mask=0xff ran=15 gap=0.258s
[kernel 298.101 cpu4] i8042: line status=0x1c irqs=6676 bytes=6676 kbd gsi=1 rte=0x0000000000000024 aux gsi=12 rte=0x0000000000000024
[kernel 298.353 cpu3] heartbeat: t=298.353s alive=8/8 mask=0xff ran=15 gap=0.252s
[kernel 298.353 cpu3] i8042: line status=0x1c irqs=6676 bytes=6676 kbd gsi=1 rte=0x0000000000000024 aux gsi=12 rte=0x0000000000000024
compositor: frames=4 rects=4 damage_px=465664 damage_px_max=445056 composite_us_min=12 composite_us_max=1148 composite_us_total=1299 scanout_wr_bytes=1862656 scanout_blits=4 back_rd_bytes=75768 cursor=0 windows=1
[kernel 298.607 cpu4] heartbeat: t=298.607s alive=8/8 mask=0xff ran=13 gap=0.253s
[kernel 298.607 cpu4] i8042: line status=0x1c irqs=6676 bytes=6676 kbd gsi=1 rte=0x0000000000000024 aux gsi=12 rte=0x0000000000000024
[kernel 298.857 cpu7] heartbeat: t=298.857s alive=8/8 mask=0xff ran=15 gap=0.250s
[kernel 298.857 cpu7] i8042: line status=0x1c irqs=6676 bytes=6676 kbd gsi=1 rte=0x0000000000000024 aux gsi=12 rte=0x0000000000000024
[kernel 299.110 cpu5] heartbeat: t=299.110s alive=8/8 mask=0xff ran=15 gap=0.252s
[kernel 299.110 cpu5] i8042: line status=0x1c irqs=6676 bytes=6676 kbd gsi=1 rte=0x0000000000000024 aux gsi=12 rte=0x0000000000000024
[kernel 299.371 cpu3] heartbeat: t=299.371s alive=8/8 mask=0xff ran=15 gap=0.260s
[kernel 299.371 cpu3] i8042: line status=0x1c irqs=6676 bytes=6676 kbd gsi=1 rte=0x0000000000000024 aux gsi=12 rte=0x0000000000000024
[kernel 299.636 cpu3] heartbeat: t=299.636s alive=8/8 mask=0xff ran=13 gap=0.265s
[kernel 299.636 cpu3] i8042: line status=0x1c irqs=6676 bytes=6676 kbd gsi=1 rte=0x0000000000000024 aux gsi=12 rte=0x0000000000000024
[kernel 299.899 cpu3] heartbeat: t=299.899s alive=8/8 mask=0xff ran=13 gap=0.263s
[kernel 299.899 cpu3] i8042: line status=0x1c irqs=6676 bytes=6676 kbd gsi=1 rte=0x0000000000000024 aux gsi=12 rte=0x0000000000000024
[kernel 300.158 cpu4] heartbeat: t=300.158s alive=8/8 mask=0xff ran=14 gap=0.259s
[kernel 300.158 cpu4] i8042: line status=0x1c irqs=6676 bytes=6676 kbd gsi=1 rte=0x0000000000000024 aux gsi=12 rte=0x0000000000000024
[kernel 300.410 cpu7] heartbeat: t=300.410s alive=8/8 mask=0xff ran=15 gap=0.251s
[kernel 300.410 cpu7] i8042: line status=0x1c irqs=6676 bytes=6676 kbd gsi=1 rte=0x0000000000000024 aux gsi=12 rte=0x0000000000000024
compositor: frames=2 rects=2 damage_px=18944 damage_px_max=9472 composite_us_min=74 composite_us_max=77 composite_us_total=152 scanout_wr_bytes=75776 scanout_blits=2 back_rd_bytes=75768 cursor=0 windows=1
[kernel 300.667 cpu3] heartbeat: t=300.667s alive=8/8 mask=0xff ran=14 gap=0.257s
[kernel 300.667 cpu3] i8042: line status=0x1c irqs=6676 bytes=6676 kbd gsi=1 rte=0x0000000000000024 aux gsi=12 rte=0x0000000000000024
[kernel 300.923 cpu3] heartbeat: t=300.923s alive=8/8 mask=0xff ran=14 gap=0.255s
[kernel 300.923 cpu3] i8042: line status=0x1c irqs=6676 bytes=6676 kbd gsi=1 rte=0x0000000000000024 aux gsi=12 rte=0x0000000000000024
[kernel 301.175 cpu7] heartbeat: t=301.175s alive=8/8 mask=0xff ran=14 gap=0.251s
[kernel 301.175 cpu7] i8042: line status=0x1c irqs=6676 bytes=6676 kbd gsi=1 rte=0x0000000000000024 aux gsi=12 rte=0x0000000000000024
[kernel 301.322 cpu3] PMM: 184/15962MB used (7889 pages free)
[kernel 301.322 cpu3]   kernel-heap  alloc=     6 free=     0 held=     6 (12MB) rate=0/s
[kernel 301.322 cpu3]   demand-page  alloc=    41 free=    35 held=     6 (12MB) rate=0/s
[kernel 301.322 cpu3]   mmap         alloc=   175 free=   148 held=    27 (54MB) rate=0/s
[kernel 301.322 cpu3]   shared-mem   alloc=    41 free=    32 held=     9 (18MB) rate=0/s
[kernel 301.322 cpu3]   pipe         alloc=    50 free=    44 held=     6 (12MB) rate=0/s
[kernel 301.322 cpu3]   elf          alloc=    39 free=    34 held=     5 (10MB) rate=0/s
[kernel 301.322 cpu3]   dma          alloc=     6 free=     0 held=     6 (12MB) rate=0/s
[kernel 301.322 cpu3]   framebuffer  alloc=     1 free=     0 held=     1 (2MB) rate=0/s
[kernel 301.322 cpu3]   stack        alloc=   148 free=   128 held=    20 (40MB) rate=0/s
[kernel 301.322 cpu3]   init-tls     alloc=    49 free=    43 held=     6 (12MB) rate=0/s
[kernel 301.436 cpu0] heartbeat: t=301.436s alive=8/8 mask=0xff ran=14 gap=0.260s
[kernel 301.436 cpu0] i8042: line status=0x1c irqs=6676 bytes=6676 kbd gsi=1 rte=0x0000000000000024 aux gsi=12 rte=0x0000000000000024
[kernel 301.641 cpu0] sched: cpu=0 ready=0 parked=1 current=None
[kernel 301.686 cpu3] heartbeat: t=301.686s alive=8/8 mask=0xff ran=15 gap=0.250s
[kernel 301.686 cpu3] i8042: line status=0x1c irqs=6676 bytes=6676 kbd gsi=1 rte=0x0000000000000024 aux gsi=12 rte=0x0000000000000024
[kernel 301.743 cpu3] sched: cpu=3 ready=0 parked=2 current=None
[kernel 301.938 cpu6] heartbeat: t=301.938s alive=8/8 mask=0xff ran=10 gap=0.251s
[kernel 301.938 cpu6] i8042: line status=0x1c irqs=6676 bytes=6676 kbd gsi=1 rte=0x0000000000000024 aux gsi=12 rte=0x0000000000000024
[kernel 302.189 cpu3] heartbeat: t=302.189s alive=8/8 mask=0xff ran=15 gap=0.251s
[kernel 302.189 cpu3] i8042: line status=0x1c irqs=6676 bytes=6676 kbd gsi=1 rte=0x0000000000000024 aux gsi=12 rte=0x0000000000000024
[kernel 302.440 cpu0] heartbeat: t=302.440s alive=8/8 mask=0xff ran=12 gap=0.251s
[kernel 302.440 cpu0] i8042: line status=0x1c irqs=6676 bytes=6676 kbd gsi=1 rte=0x0000000000000024 aux gsi=12 rte=0x0000000000000024
[kernel 302.459 cpu5] sched: cpu=5 ready=0 parked=1 current=None
compositor: frames=2 rects=2 damage_px=18944 damage_px_max=9472 composite_us_min=66 composite_us_max=68 composite_us_total=135 scanout_wr_bytes=75776 scanout_blits=2 back_rd_bytes=75768 cursor=0 windows=1
[kernel 302.501 cpu1] sched: cpu=1 ready=0 parked=0 current=None
[kernel 302.510 cpu2] sched: cpu=2 ready=0 parked=0 current=None
[kernel 302.542 cpu4] sched: cpu=4 ready=0 parked=2 current=None
[kernel 302.691 cpu6] heartbeat: t=302.691s alive=8/8 mask=0xff ran=11 gap=0.250s
[kernel 302.691 cpu6] i8042: line status=0x1c irqs=6676 bytes=6676 kbd gsi=1 rte=0x0000000000000024 aux gsi=12 rte=0x0000000000000024
[kernel 302.795 cpu7] sched: cpu=7 ready=0 parked=0 current=None
[kernel 302.823 cpu6] sched: cpu=6 ready=0 parked=0 current=None
[kernel 302.943 cpu3] heartbeat: t=302.943s alive=8/8 mask=0xff ran=15 gap=0.252s
[kernel 302.943 cpu3] i8042: line status=0x1c irqs=6676 bytes=6676 kbd gsi=1 rte=0x0000000000000024 aux gsi=12 rte=0x0000000000000024
[kernel 303.197 cpu3] heartbeat: t=303.197s alive=8/8 mask=0xff ran=13 gap=0.254s
[kernel 303.198 cpu3] i8042: line status=0x1c irqs=6676 bytes=6676 kbd gsi=1 rte=0x0000000000000024 aux gsi=12 rte=0x0000000000000024
[kernel 303.459 cpu3] heartbeat: t=303.459s alive=8/8 mask=0xff ran=14 gap=0.261s
[kernel 303.459 cpu3] i8042: line status=0x1c irqs=6676 bytes=6676 kbd gsi=1 rte=0x0000000000000024 aux gsi=12 rte=0x0000000000000024
[kernel 303.711 cpu3] heartbeat: t=303.711s alive=8/8 mask=0xff ran=13 gap=0.252s
[kernel 303.711 cpu3] i8042: line status=0x1c irqs=6676 bytes=6676 kbd gsi=1 rte=0x0000000000000024 aux gsi=12 rte=0x0000000000000024
[kernel 303.783 cpu3] i8042: 6676 interrupts, 6676 bytes, 950 keys, 1795 motion, 65 undecoded, 0 discarded, 0 overruns, 0 dropped, 0 lost edges — last byte at 296476ms
[kernel 303.964 cpu2] heartbeat: t=303.964s alive=8/8 mask=0xff ran=13 gap=0.252s
[kernel 303.964 cpu2] i8042: line status=0x1c irqs=6676 bytes=6676 kbd gsi=1 rte=0x0000000000000024 aux gsi=12 rte=0x0000000000000024
[kernel 304.215 cpu3] heartbeat: t=304.215s alive=8/8 mask=0xff ran=15 gap=0.250s
[kernel 304.215 cpu3] i8042: line status=0x1c irqs=6676 bytes=6676 kbd gsi=1 rte=0x0000000000000024 aux gsi=12 rte=0x0000000000000024
[kernel 304.467 cpu4] heartbeat: t=304.467s alive=8/8 mask=0xff ran=15 gap=0.252s
[kernel 304.467 cpu4] i8042: line status=0x1c irqs=6676 bytes=6676 kbd gsi=1 rte=0x0000000000000024 aux gsi=12 rte=0x0000000000000024
compositor: frames=2 rects=2 damage_px=18944 damage_px_max=9472 composite_us_min=62 composite_us_max=68 composite_us_total=130 scanout_wr_bytes=75776 scanout_blits=2 back_rd_bytes=75768 cursor=0 windows=1
[kernel 304.733 cpu3] heartbeat: t=304.733s alive=8/8 mask=0xff ran=15 gap=0.266s
[kernel 304.733 cpu3] i8042: line status=0x1c irqs=6676 bytes=6676 kbd gsi=1 rte=0x0000000000000024 aux gsi=12 rte=0x0000000000000024
[kernel 304.988 cpu5] heartbeat: t=304.988s alive=8/8 mask=0xff ran=15 gap=0.254s
[kernel 304.988 cpu5] i8042: line status=0x1c irqs=6676 bytes=6676 kbd gsi=1 rte=0x0000000000000024 aux gsi=12 rte=0x0000000000000024
[kernel 305.246 cpu3] heartbeat: t=305.246s alive=8/8 mask=0xff ran=15 gap=0.257s
[kernel 305.246 cpu3] i8042: line status=0x1c irqs=6676 bytes=6676 kbd gsi=1 rte=0x0000000000000024 aux gsi=12 rte=0x0000000000000024
[kernel 305.505 cpu0] heartbeat: t=305.505s alive=8/8 mask=0xff ran=12 gap=0.258s
[kernel 305.505 cpu0] i8042: line status=0x1c irqs=6676 bytes=6676 kbd gsi=1 rte=0x0000000000000024 aux gsi=12 rte=0x0000000000000024
[kernel 305.755 cpu5] heartbeat: t=305.755s alive=8/8 mask=0xff ran=22 gap=0.250s
[kernel 305.755 cpu5] i8042: line status=0x1c irqs=6678 bytes=6678 kbd gsi=1 rte=0x0000000000000024 aux gsi=12 rte=0x0000000000000024
[kernel 306.006 cpu3] heartbeat: t=306.006s alive=8/8 mask=0xff ran=27 gap=0.250s
[kernel 306.006 cpu3] i8042: line status=0x1c irqs=6681 bytes=6681 kbd gsi=1 rte=0x0000000000000024 aux gsi=12 rte=0x0000000000000024
[kernel 306.261 cpu3] heartbeat: t=306.261s alive=8/8 mask=0xff ran=19 gap=0.255s
[kernel 306.261 cpu3] i8042: line status=0x1c irqs=6683 bytes=6683 kbd gsi=1 rte=0x0000000000000024 aux gsi=12 rte=0x0000000000000024
compositor: frames=6 rects=6 damage_px=19968 damage_px_max=9472 composite_us_min=3 composite_us_max=61 composite_us_total=140 scanout_wr_bytes=79872 scanout_blits=6 back_rd_bytes=75768 cursor=0 windows=1
[kernel 306.511 cpu0] heartbeat: t=306.511s alive=8/8 mask=0xff ran=14 gap=0.250s
[kernel 306.511 cpu0] i8042: line status=0x1c irqs=6684 bytes=6684 kbd gsi=1 rte=0x0000000000000024 aux gsi=12 rte=0x0000000000000024
[kernel 306.773 cpu3] heartbeat: t=306.773s alive=8/8 mask=0xff ran=13 gap=0.261s
[kernel 306.773 cpu3] i8042: line status=0x1c irqs=6684 bytes=6684 kbd gsi=1 rte=0x0000000000000024 aux gsi=12 rte=0x0000000000000024
[kernel 307.032 cpu5] heartbeat: t=307.032s alive=8/8 mask=0xff ran=19 gap=0.259s
[kernel 307.032 cpu5] i8042: line status=0x1c irqs=6686 bytes=6686 kbd gsi=1 rte=0x0000000000000024 aux gsi=12 rte=0x0000000000000024
[kernel 307.285 cpu3] heartbeat: t=307.285s alive=8/8 mask=0xff ran=15 gap=0.253s
[kernel 307.285 cpu3] i8042: line status=0x1c irqs=6686 bytes=6686 kbd gsi=1 rte=0x0000000000000024 aux gsi=12 rte=0x0000000000000024
[kernel 307.547 cpu3] heartbeat: t=307.547s alive=8/8 mask=0xff ran=16 gap=0.262s
[kernel 307.547 cpu3] i8042: line status=0x3c irqs=6689 bytes=6689 kbd gsi=1 rte=0x0000000000000024 aux gsi=12 rte=0x0000000000000024
[kernel 307.807 cpu3] heartbeat: t=307.807s alive=8/8 mask=0xff ran=14 gap=0.259s
[kernel 307.807 cpu3] i8042: line status=0x3c irqs=6689 bytes=6689 kbd gsi=1 rte=0x0000000000000024 aux gsi=12 rte=0x0000000000000024
[kernel 308.060 cpu5] heartbeat: t=308.060s alive=8/8 mask=0xff ran=15 gap=0.252s
[kernel 308.060 cpu5] i8042: line status=0x3c irqs=6692 bytes=6692 kbd gsi=1 rte=0x0000000000000024 aux gsi=12 rte=0x0000000000000024
[kernel 308.313 cpu3] heartbeat: t=308.313s alive=8/8 mask=0xff ran=15 gap=0.253s
[kernel 308.313 cpu3] i8042: line status=0x3c irqs=6692 bytes=6692 kbd gsi=1 rte=0x0000000000000024 aux gsi=12 rte=0x0000000000000024
compositor: frames=6 rects=6 damage_px=20128 damage_px_max=9472 composite_us_min=4 composite_us_max=59 composite_us_total=152 scanout_wr_bytes=80512 scanout_blits=6 back_rd_bytes=77016 cursor=3 windows=1
[kernel 308.574 cpu3] heartbeat: t=308.574s alive=8/8 mask=0xff ran=14 gap=0.260s
[kernel 308.574 cpu3] i8042: line status=0x3c irqs=6692 bytes=6692 kbd gsi=1 rte=0x0000000000000024 aux gsi=12 rte=0x0000000000000024
[kernel 308.839 cpu3] heartbeat: t=308.839s alive=8/8 mask=0xff ran=15 gap=0.265s
[kernel 308.839 cpu3] i8042: line status=0x3c irqs=6692 bytes=6692 kbd gsi=1 rte=0x0000000000000024 aux gsi=12 rte=0x0000000000000024
[kernel 309.101 cpu3] heartbeat: t=309.101s alive=8/8 mask=0xff ran=15 gap=0.262s
[kernel 309.101 cpu3] i8042: line status=0x3c irqs=6692 bytes=6692 kbd gsi=1 rte=0x0000000000000024 aux gsi=12 rte=0x0000000000000024
[kernel 309.356 cpu7] heartbeat: t=309.356s alive=8/8 mask=0xff ran=15 gap=0.254s
[kernel 309.356 cpu7] i8042: line status=0x3c irqs=6692 bytes=6692 kbd gsi=1 rte=0x0000000000000024 aux gsi=12 rte=0x0000000000000024
[kernel 309.612 cpu3] heartbeat: t=309.612s alive=8/8 mask=0xff ran=15 gap=0.256s
[kernel 309.612 cpu3] i8042: line status=0x3c irqs=6692 bytes=6692 kbd gsi=1 rte=0x0000000000000024 aux gsi=12 rte=0x0000000000000024
[kernel 309.863 cpu4] heartbeat: t=309.863s alive=8/8 mask=0xff ran=12 gap=0.250s
[kernel 309.863 cpu4] i8042: line status=0x3c irqs=6692 bytes=6692 kbd gsi=1 rte=0x0000000000000024 aux gsi=12 rte=0x0000000000000024
[kernel 310.115 cpu4] heartbeat: t=310.115s alive=8/8 mask=0xff ran=15 gap=0.252s
[kernel 310.115 cpu4] i8042: line status=0x3c irqs=6692 bytes=6692 kbd gsi=1 rte=0x0000000000000024 aux gsi=12 rte=0x0000000000000024
[kernel 310.367 cpu7] heartbeat: t=310.367s alive=8/8 mask=0xff ran=15 gap=0.252s
[kernel 310.367 cpu7] i8042: line status=0x3c irqs=6692 bytes=6692 kbd gsi=1 rte=0x0000000000000024 aux gsi=12 rte=0x0000000000000024
compositor: frames=2 rects=2 damage_px=18944 damage_px_max=9472 composite_us_min=64 composite_us_max=68 composite_us_total=133 scanout_wr_bytes=75776 scanout_blits=2 back_rd_bytes=75768 cursor=0 windows=1
[kernel 310.619 cpu7] heartbeat: t=310.619s alive=8/8 mask=0xff ran=13 gap=0.251s
[kernel 310.619 cpu7] i8042: line status=0x3c irqs=6692 bytes=6692 kbd gsi=1 rte=0x0000000000000024 aux gsi=12 rte=0x0000000000000024
[kernel 310.872 cpu3] heartbeat: t=310.872s alive=8/8 mask=0xff ran=15 gap=0.252s
[kernel 310.872 cpu3] i8042: line status=0x3c irqs=6692 bytes=6692 kbd gsi=1 rte=0x0000000000000024 aux gsi=12 rte=0x0000000000000024
[kernel 311.131 cpu3] heartbeat: t=311.131s alive=8/8 mask=0xff ran=13 gap=0.259s
[kernel 311.131 cpu3] i8042: line status=0x3c irqs=6692 bytes=6692 kbd gsi=1 rte=0x0000000000000024 aux gsi=12 rte=0x0000000000000024
[kernel 311.331 cpu3] PMM: 184/15962MB used (7889 pages free)
[kernel 311.331 cpu3]   kernel-heap  alloc=     6 free=     0 held=     6 (12MB) rate=0/s
[kernel 311.331 cpu3]   demand-page  alloc=    41 free=    35 held=     6 (12MB) rate=0/s
[kernel 311.331 cpu3]   mmap         alloc=   175 free=   148 held=    27 (54MB) rate=0/s
[kernel 311.331 cpu3]   shared-mem   alloc=    41 free=    32 held=     9 (18MB) rate=0/s
[kernel 311.331 cpu3]   pipe         alloc=    50 free=    44 held=     6 (12MB) rate=0/s
[kernel 311.331 cpu3]   elf          alloc=    39 free=    34 held=     5 (10MB) rate=0/s
[kernel 311.331 cpu3]   dma          alloc=     6 free=     0 held=     6 (12MB) rate=0/s
[kernel 311.331 cpu3]   framebuffer  alloc=     1 free=     0 held=     1 (2MB) rate=0/s
[kernel 311.331 cpu3]   stack        alloc=   148 free=   128 held=    20 (40MB) rate=0/s
[kernel 311.331 cpu3]   init-tls     alloc=    49 free=    43 held=     6 (12MB) rate=0/s
[kernel 311.387 cpu3] heartbeat: t=311.387s alive=8/8 mask=0xff ran=11 gap=0.255s
[kernel 311.387 cpu3] i8042: line status=0x3c irqs=6692 bytes=6692 kbd gsi=1 rte=0x0000000000000024 aux gsi=12 rte=0x0000000000000024
[kernel 311.641 cpu3] heartbeat: t=311.641s alive=8/8 mask=0xff ran=14 gap=0.254s
[kernel 311.641 cpu3] i8042: line status=0x3c irqs=6692 bytes=6692 kbd gsi=1 rte=0x0000000000000024 aux gsi=12 rte=0x0000000000000024
[kernel 311.641 cpu0] sched: cpu=0 ready=0 parked=1 current=None
[kernel 311.752 cpu3] sched: cpu=3 ready=0 parked=2 current=None
[kernel 311.902 cpu3] heartbeat: t=311.902s alive=8/8 mask=0xff ran=13 gap=0.261s
[kernel 311.902 cpu3] i8042: line status=0x3c irqs=6692 bytes=6692 kbd gsi=1 rte=0x0000000000000024 aux gsi=12 rte=0x0000000000000024
[kernel 312.168 cpu3] heartbeat: t=312.168s alive=8/8 mask=0xff ran=15 gap=0.265s
[kernel 312.168 cpu3] i8042: line status=0x3c irqs=6692 bytes=6692 kbd gsi=1 rte=0x0000000000000024 aux gsi=12 rte=0x0000000000000024
[kernel 312.423 cpu3] heartbeat: t=312.423s alive=8/8 mask=0xff ran=14 gap=0.255s
[kernel 312.423 cpu3] i8042: line status=0x3c irqs=6692 bytes=6692 kbd gsi=1 rte=0x0000000000000024 aux gsi=12 rte=0x0000000000000024
[kernel 312.480 cpu5] sched: cpu=5 ready=0 parked=1 current=None
compositor: frames=2 rects=2 damage_px=18944 damage_px_max=9472 composite_us_min=58 composite_us_max=75 composite_us_total=134 scanout_wr_bytes=75776 scanout_blits=2 back_rd_bytes=75768 cursor=0 windows=1
[kernel 312.568 cpu1] sched: cpu=1 ready=0 parked=0 current=None
[kernel 312.582 cpu2] sched: cpu=2 ready=0 parked=0 current=None
[kernel 312.585 cpu4] sched: cpu=4 ready=0 parked=2 current=None
[kernel 312.673 cpu0] heartbeat: t=312.673s alive=8/8 mask=0xff ran=21 gap=0.250s
[kernel 312.673 cpu0] i8042: line status=0x1c irqs=6694 bytes=6694 kbd gsi=1 rte=0x0000000000000024 aux gsi=12 rte=0x0000000000000024
[kernel 312.868 cpu7] sched: cpu=7 ready=0 parked=0 current=None
[kernel 312.872 cpu6] sched: cpu=6 ready=0 parked=0 current=None
[kernel 312.923 cpu0] heartbeat: t=312.923s alive=8/8 mask=0xff ran=12 gap=0.250s
[kernel 312.923 cpu0] i8042: line status=0x1c irqs=6694 bytes=6694 kbd gsi=1 rte=0x0000000000000024 aux gsi=12 rte=0x0000000000000024
[kernel 313.183 cpu3] heartbeat: t=313.183s alive=8/8 mask=0xff ran=13 gap=0.259s
[kernel 313.183 cpu3] i8042: line status=0x1c irqs=6694 bytes=6694 kbd gsi=1 rte=0x0000000000000024 aux gsi=12 rte=0x0000000000000024
[kernel 313.440 cpu3] heartbeat: t=313.440s alive=8/8 mask=0xff ran=18 gap=0.257s
[kernel 313.440 cpu3] i8042: line status=0x1c irqs=6695 bytes=6695 kbd gsi=1 rte=0x0000000000000024 aux gsi=12 rte=0x0000000000000024
[kernel 313.703 cpu3] heartbeat: t=313.703s alive=8/8 mask=0xff ran=14 gap=0.263s
[kernel 313.703 cpu3] i8042: line status=0x1c irqs=6696 bytes=6696 kbd gsi=1 rte=0x0000000000000024 aux gsi=12 rte=0x0000000000000024
[kernel 313.786 cpu3] i8042: 6696 interrupts, 6696 bytes, 964 keys, 1797 motion, 65 undecoded, 0 discarded, 0 overruns, 0 dropped, 0 lost edges — last byte at 313462ms
[kernel 313.956 cpu5] heartbeat: t=313.956s alive=8/8 mask=0xff ran=12 gap=0.253s
[kernel 313.956 cpu5] i8042: line status=0x1c irqs=6696 bytes=6696 kbd gsi=1 rte=0x0000000000000024 aux gsi=12 rte=0x0000000000000024
[kernel 314.212 cpu7] heartbeat: t=314.212s alive=8/8 mask=0xff ran=15 gap=0.255s
[kernel 314.212 cpu7] i8042: line status=0x1c irqs=6696 bytes=6696 kbd gsi=1 rte=0x0000000000000024 aux gsi=12 rte=0x0000000000000024
[kernel 314.463 cpu3] heartbeat: t=314.463s alive=8/8 mask=0xff ran=15 gap=0.251s
[kernel 314.463 cpu3] i8042: line status=0x1c irqs=6696 bytes=6696 kbd gsi=1 rte=0x0000000000000024 aux gsi=12 rte=0x0000000000000024
compositor: frames=4 rects=4 damage_px=992640 damage_px_max=973440 composite_us_min=4 composite_us_max=1741 composite_us_total=1891 scanout_wr_bytes=3970560 scanout_blits=4 back_rd_bytes=76184 cursor=1 windows=1
[kernel 314.721 cpu3] heartbeat: t=314.721s alive=8/8 mask=0xff ran=13 gap=0.258s
[kernel 314.721 cpu3] i8042: line status=0x1c irqs=6696 bytes=6696 kbd gsi=1 rte=0x0000000000000024 aux gsi=12 rte=0x0000000000000024
[kernel 314.972 cpu1] heartbeat: t=314.972s alive=8/8 mask=0xff ran=14 gap=0.251s
[kernel 314.972 cpu1] i8042: line status=0x1c irqs=6696 bytes=6696 kbd gsi=1 rte=0x0000000000000024 aux gsi=12 rte=0x0000000000000024
[kernel 315.235 cpu3] heartbeat: t=315.235s alive=8/8 mask=0xff ran=16 gap=0.262s
[kernel 315.235 cpu3] i8042: line status=0x1c irqs=6698 bytes=6698 kbd gsi=1 rte=0x0000000000000024 aux gsi=12 rte=0x0000000000000024
[kernel 315.493 cpu1] heartbeat: t=315.493s alive=8/8 mask=0xff ran=23 gap=0.257s
[kernel 315.493 cpu1] i8042: line status=0x1c irqs=6702 bytes=6702 kbd gsi=1 rte=0x0000000000000024 aux gsi=12 rte=0x0000000000000024
[kernel 315.749 cpu7] heartbeat: t=315.749s alive=8/8 mask=0xff ran=15 gap=0.256s
[kernel 315.749 cpu7] i8042: line status=0x1c irqs=6702 bytes=6702 kbd gsi=1 rte=0x0000000000000024 aux gsi=12 rte=0x0000000000000024
[kernel 316.005 cpu5] heartbeat: t=316.005s alive=8/8 mask=0xff ran=23 gap=0.255s
[kernel 316.005 cpu5] i8042: line status=0x1c irqs=6704 bytes=6704 kbd gsi=1 rte=0x0000000000000024 aux gsi=12 rte=0x0000000000000024
[kernel 316.255 cpu3] heartbeat: t=316.255s alive=8/8 mask=0xff ran=28 gap=0.250s
[kernel 316.255 cpu3] i8042: line status=0x1c irqs=6707 bytes=6707 kbd gsi=1 rte=0x0000000000000024 aux gsi=12 rte=0x0000000000000024
[kernel 316.516 cpu3] heartbeat: t=316.516s alive=8/8 mask=0xff ran=28 gap=0.260s
[kernel 316.516 cpu3] i8042: line status=0x1c irqs=6711 bytes=6711 kbd gsi=1 rte=0x0000000000000024 aux gsi=12 rte=0x0000000000000024
compositor: frames=9 rects=9 damage_px=20736 damage_px_max=9472 composite_us_min=3 composite_us_max=70 composite_us_total=165 scanout_wr_bytes=82944 scanout_blits=9 back_rd_bytes=75768 cursor=0 windows=1
[kernel 316.773 cpu7] heartbeat: t=316.773s alive=8/8 mask=0xff ran=27 gap=0.256s
[kernel 316.773 cpu7] i8042: line status=0x1c irqs=6716 bytes=6716 kbd gsi=1 rte=0x0000000000000024 aux gsi=12 rte=0x0000000000000024
[kernel 317.023 cpu4] heartbeat: t=317.023s alive=8/8 mask=0xff ran=20 gap=0.250s
[kernel 317.023 cpu4] i8042: line status=0x1c irqs=6717 bytes=6717 kbd gsi=1 rte=0x0000000000000024 aux gsi=12 rte=0x0000000000000024
[kernel 317.274 cpu0] heartbeat: t=317.274s alive=8/8 mask=0xff ran=17 gap=0.251s
[kernel 317.274 cpu0] i8042: line status=0x1c irqs=6718 bytes=6718 kbd gsi=1 rte=0x0000000000000024 aux gsi=12 rte=0x0000000000000024
[kernel 317.527 cpu7] heartbeat: t=317.527s alive=8/8 mask=0xff ran=13 gap=0.252s
[kernel 317.527 cpu7] i8042: line status=0x1c irqs=6718 bytes=6718 kbd gsi=1 rte=0x0000000000000024 aux gsi=12 rte=0x0000000000000024
[kernel 317.778 cpu3] heartbeat: t=317.778s alive=8/8 mask=0xff ran=15 gap=0.250s
[kernel 317.778 cpu3] i8042: line status=0x1c irqs=6718 bytes=6718 kbd gsi=1 rte=0x0000000000000024 aux gsi=12 rte=0x0000000000000024
[kernel 318.041 cpu3] heartbeat: t=318.041s alive=8/8 mask=0xff ran=13 gap=0.263s
[kernel 318.041 cpu3] i8042: line status=0x1c irqs=6718 bytes=6718 kbd gsi=1 rte=0x0000000000000024 aux gsi=12 rte=0x0000000000000024
[kernel 318.307 cpu3] heartbeat: t=318.307s alive=8/8 mask=0xff ran=14 gap=0.266s
[kernel 318.307 cpu3] i8042: line status=0x1c irqs=6718 bytes=6718 kbd gsi=1 rte=0x0000000000000024 aux gsi=12 rte=0x0000000000000024
[kernel 318.562 cpu6] heartbeat: t=318.562s alive=8/8 mask=0xff ran=19 gap=0.254s
[kernel 318.562 cpu6] i8042: line status=0x1c irqs=6719 bytes=6719 kbd gsi=1 rte=0x0000000000000024 aux gsi=12 rte=0x0000000000000024
compositor: frames=5 rects=5 damage_px=19712 damage_px_max=9472 composite_us_min=3 composite_us_max=70 composite_us_total=149 scanout_wr_bytes=78848 scanout_blits=5 back_rd_bytes=75768 cursor=0 windows=1
[kernel 318.812 cpu3] heartbeat: t=318.812s alive=8/8 mask=0xff ran=27 gap=0.250s
[kernel 318.812 cpu3] i8042: line status=0x1c irqs=6723 bytes=6723 kbd gsi=1 rte=0x0000000000000024 aux gsi=12 rte=0x0000000000000024
[kernel 319.065 cpu2] heartbeat: t=319.065s alive=8/8 mask=0xff ran=26 gap=0.252s
[kernel 319.065 cpu2] i8042: line status=0x1c irqs=6726 bytes=6726 kbd gsi=1 rte=0x0000000000000024 aux gsi=12 rte=0x0000000000000024
[kernel 319.323 cpu1] heartbeat: t=319.323s alive=8/8 mask=0xff ran=19 gap=0.257s
[kernel 319.323 cpu1] i8042: line status=0x1c irqs=6728 bytes=6728 kbd gsi=1 rte=0x0000000000000024 aux gsi=12 rte=0x0000000000000024
[kernel 319.575 cpu7] heartbeat: t=319.575s alive=8/8 mask=0xff ran=15 gap=0.252s
[kernel 319.575 cpu7] i8042: line status=0x1c irqs=6728 bytes=6728 kbd gsi=1 rte=0x0000000000000024 aux gsi=12 rte=0x0000000000000024
[kernel 319.837 cpu3] heartbeat: t=319.837s alive=8/8 mask=0xff ran=23 gap=0.261s
[kernel 319.837 cpu3] i8042: line status=0x1c irqs=6730 bytes=6730 kbd gsi=1 rte=0x0000000000000024 aux gsi=12 rte=0x0000000000000024
[kernel 320.089 cpu6] heartbeat: t=320.089s alive=8/8 mask=0xff ran=18 gap=0.252s
[kernel 320.089 cpu6] i8042: line status=0x1c irqs=6732 bytes=6732 kbd gsi=1 rte=0x0000000000000024 aux gsi=12 rte=0x0000000000000024
[kernel 320.343 cpu1] heartbeat: t=320.343s alive=8/8 mask=0xff ran=22 gap=0.254s
[kernel 320.343 cpu1] i8042: line status=0x1c irqs=6734 bytes=6734 kbd gsi=1 rte=0x0000000000000024 aux gsi=12 rte=0x0000000000000024
[kernel 320.598 cpu2] heartbeat: t=320.598s alive=8/8 mask=0xff ran=22 gap=0.254s
[kernel 320.598 cpu2] i8042: line status=0x1c irqs=6736 bytes=6736 kbd gsi=1 rte=0x0000000000000024 aux gsi=12 rte=0x0000000000000024
compositor: frames=9 rects=9 damage_px=20736 damage_px_max=9472 composite_us_min=4 composite_us_max=71 composite_us_total=170 scanout_wr_bytes=82944 scanout_blits=9 back_rd_bytes=75768 cursor=0 windows=1
[kernel 320.850 cpu0] heartbeat: t=320.850s alive=8/8 mask=0xff ran=21 gap=0.252s
[kernel 320.850 cpu0] i8042: line status=0x1c irqs=6738 bytes=6737 kbd gsi=1 rte=0x0000000000000024 aux gsi=12 rte=0x0000000000000024
[kernel 321.101 cpu6] heartbeat: t=321.101s alive=8/8 mask=0xff ran=25 gap=0.251s
[kernel 321.101 cpu6] i8042: line status=0x1c irqs=6741 bytes=6741 kbd gsi=1 rte=0x0000000000000024 aux gsi=12 rte=0x0000000000000024
[kernel 321.345 cpu3] PMM: 184/15962MB used (7889 pages free)
[kernel 321.345 cpu3]   kernel-heap  alloc=     6 free=     0 held=     6 (12MB) rate=0/s
[kernel 321.345 cpu3]   demand-page  alloc=    41 free=    35 held=     6 (12MB) rate=0/s
[kernel 321.345 cpu3]   mmap         alloc=   175 free=   148 held=    27 (54MB) rate=0/s
[kernel 321.345 cpu3]   shared-mem   alloc=    41 free=    32 held=     9 (18MB) rate=0/s
[kernel 321.345 cpu3]   pipe         alloc=    50 free=    44 held=     6 (12MB) rate=0/s
[kernel 321.345 cpu3]   elf          alloc=    39 free=    34 held=     5 (10MB) rate=0/s
[kernel 321.345 cpu3]   dma          alloc=     6 free=     0 held=     6 (12MB) rate=0/s
[kernel 321.345 cpu3]   framebuffer  alloc=     1 free=     0 held=     1 (2MB) rate=0/s
[kernel 321.345 cpu3]   stack        alloc=   148 free=   128 held=    20 (40MB) rate=0/s
[kernel 321.345 cpu3]   init-tls     alloc=    49 free=    43 held=     6 (12MB) rate=0/s
[kernel 321.351 cpu0] heartbeat: t=321.351s alive=8/8 mask=0xff ran=21 gap=0.250s
[kernel 321.351 cpu0] i8042: line status=0x1c irqs=6743 bytes=6743 kbd gsi=1 rte=0x0000000000000024 aux gsi=12 rte=0x0000000000000024
[kernel 321.603 cpu2] heartbeat: t=321.603s alive=8/8 mask=0xff ran=14 gap=0.252s
[kernel 321.603 cpu2] i8042: line status=0x1c irqs=6744 bytes=6744 kbd gsi=1 rte=0x0000000000000024 aux gsi=12 rte=0x0000000000000024
[kernel 321.641 cpu0] sched: cpu=0 ready=0 parked=1 current=None
[kernel 321.760 cpu3] sched: cpu=3 ready=0 parked=2 current=None
[kernel 321.864 cpu3] heartbeat: t=321.864s alive=8/8 mask=0xff ran=13 gap=0.260s
[kernel 321.864 cpu3] i8042: line status=0x1c irqs=6744 bytes=6744 kbd gsi=1 rte=0x0000000000000024 aux gsi=12 rte=0x0000000000000024
[kernel 322.124 cpu3] heartbeat: t=322.124s alive=8/8 mask=0xff ran=14 gap=0.259s
[kernel 322.124 cpu3] i8042: line status=0x1c irqs=6744 bytes=6744 kbd gsi=1 rte=0x0000000000000024 aux gsi=12 rte=0x0000000000000024
[kernel 322.389 cpu3] heartbeat: t=322.389s alive=8/8 mask=0xff ran=14 gap=0.265s
[kernel 322.389 cpu3] i8042: line status=0x1c irqs=6744 bytes=6744 kbd gsi=1 rte=0x0000000000000024 aux gsi=12 rte=0x0000000000000024
[kernel 322.495 cpu5] sched: cpu=5 ready=0 parked=1 current=None
[kernel 322.593 cpu1] sched: cpu=1 ready=0 parked=0 current=None
[kernel 322.593 cpu4] sched: cpu=4 ready=0 parked=2 current=None
compositor: frames=5 rects=5 damage_px=19712 damage_px_max=9472 composite_us_min=3 composite_us_max=69 composite_us_total=143 scanout_wr_bytes=78848 scanout_blits=5 back_rd_bytes=75768 cursor=0 windows=1
[kernel 322.639 cpu0] heartbeat: t=322.639s alive=8/8 mask=0xff ran=14 gap=0.250s
[kernel 322.639 cpu0] i8042: line status=0x1c irqs=6744 bytes=6744 kbd gsi=1 rte=0x0000000000000024 aux gsi=12 rte=0x0000000000000024
[kernel 322.644 cpu2] sched: cpu=2 ready=0 parked=0 current=None
[kernel 322.893 cpu6] sched: cpu=6 ready=0 parked=0 current=None
[kernel 322.893 cpu6] heartbeat: t=322.893s alive=8/8 mask=0xff ran=15 gap=0.253s
[kernel 322.893 cpu6] i8042: line status=0x1c irqs=6744 bytes=6744 kbd gsi=1 rte=0x0000000000000024 aux gsi=12 rte=0x0000000000000024
[kernel 322.926 cpu7] sched: cpu=7 ready=0 parked=0 current=None
[kernel 323.146 cpu3] heartbeat: t=323.146s alive=8/8 mask=0xff ran=15 gap=0.253s
[kernel 323.146 cpu3] i8042: line status=0x1c irqs=6744 bytes=6744 kbd gsi=1 rte=0x0000000000000024 aux gsi=12 rte=0x0000000000000024
[kernel 323.405 cpu6] heartbeat: t=323.405s alive=8/8 mask=0xff ran=15 gap=0.258s
[kernel 323.405 cpu6] i8042: line status=0x1c irqs=6744 bytes=6744 kbd gsi=1 rte=0x0000000000000024 aux gsi=12 rte=0x0000000000000024
[kernel 323.657 cpu3] heartbeat: t=323.657s alive=8/8 mask=0xff ran=15 gap=0.251s
[kernel 323.657 cpu3] i8042: line status=0x1c irqs=6744 bytes=6744 kbd gsi=1 rte=0x0000000000000024 aux gsi=12 rte=0x0000000000000024
[kernel 323.800 cpu3] i8042: 6744 interrupts, 6744 bytes, 1010 keys, 1797 motion, 65 undecoded, 0 discarded, 0 overruns, 0 dropped, 0 lost edges — last byte at 321373ms
[kernel 323.911 cpu6] heartbeat: t=323.911s alive=8/8 mask=0xff ran=10 gap=0.253s
[kernel 323.911 cpu6] i8042: line status=0x1c irqs=6744 bytes=6744 kbd gsi=1 rte=0x0000000000000024 aux gsi=12 rte=0x0000000000000024
[kernel 324.164 cpu6] heartbeat: t=324.164s alive=8/8 mask=0xff ran=15 gap=0.253s
[kernel 324.164 cpu6] i8042: line status=0x1c irqs=6744 bytes=6744 kbd gsi=1 rte=0x0000000000000024 aux gsi=12 rte=0x0000000000000024
[kernel 324.415 cpu5] heartbeat: t=324.415s alive=8/8 mask=0xff ran=15 gap=0.251s
[kernel 324.415 cpu5] i8042: line status=0x1c irqs=6744 bytes=6744 kbd gsi=1 rte=0x0000000000000024 aux gsi=12 rte=0x0000000000000024
compositor: frames=2 rects=2 damage_px=18944 damage_px_max=9472 composite_us_min=68 composite_us_max=73 composite_us_total=142 scanout_wr_bytes=75776 scanout_blits=2 back_rd_bytes=75768 cursor=0 windows=1
[kernel 324.665 cpu0] heartbeat: t=324.665s alive=8/8 mask=0xff ran=15 gap=0.250s
[kernel 324.665 cpu0] i8042: line status=0x1c irqs=6744 bytes=6744 kbd gsi=1 rte=0x0000000000000024 aux gsi=12 rte=0x0000000000000024
[kernel 324.917 cpu3] heartbeat: t=324.917s alive=8/8 mask=0xff ran=13 gap=0.251s
[kernel 324.917 cpu3] i8042: line status=0x1c irqs=6744 bytes=6744 kbd gsi=1 rte=0x0000000000000024 aux gsi=12 rte=0x0000000000000024
[kernel 325.175 cpu3] heartbeat: t=325.175s alive=8/8 mask=0xff ran=13 gap=0.258s
[kernel 325.175 cpu3] i8042: line status=0x1c irqs=6744 bytes=6744 kbd gsi=1 rte=0x0000000000000024 aux gsi=12 rte=0x0000000000000024
[kernel 325.430 cpu3] heartbeat: t=325.430s alive=8/8 mask=0xff ran=13 gap=0.254s
[kernel 325.430 cpu3] i8042: line status=0x1c irqs=6744 bytes=6744 kbd gsi=1 rte=0x0000000000000024 aux gsi=12 rte=0x0000000000000024
[kernel 325.691 cpu3] heartbeat: t=325.691s alive=8/8 mask=0xff ran=14 gap=0.261s
[kernel 325.691 cpu3] i8042: line status=0x1c irqs=6744 bytes=6744 kbd gsi=1 rte=0x0000000000000024 aux gsi=12 rte=0x0000000000000024
[kernel 325.944 cpu3] heartbeat: t=325.944s alive=8/8 mask=0xff ran=13 gap=0.252s
[kernel 325.944 cpu3] i8042: line status=0x1c irqs=6744 bytes=6744 kbd gsi=1 rte=0x0000000000000024 aux gsi=12 rte=0x0000000000000024
[kernel 326.200 cpu3] heartbeat: t=326.200s alive=8/8 mask=0xff ran=14 gap=0.255s
[kernel 326.200 cpu3] i8042: line status=0x1c irqs=6744 bytes=6744 kbd gsi=1 rte=0x0000000000000024 aux gsi=12 rte=0x0000000000000024
[kernel 326.457 cpu3] heartbeat: t=326.457s alive=8/8 mask=0xff ran=20 gap=0.257s
[kernel 326.457 cpu3] i8042: line status=0x1c irqs=6745 bytes=6745 kbd gsi=1 rte=0x0000000000000024 aux gsi=12 rte=0x0000000000000024
compositor: frames=4 rects=4 damage_px=19456 damage_px_max=9472 composite_us_min=4 composite_us_max=70 composite_us_total=137 scanout_wr_bytes=77824 scanout_blits=4 back_rd_bytes=75768 cursor=0 windows=1
[kernel 326.708 cpu0] heartbeat: t=326.708s alive=8/8 mask=0xff ran=21 gap=0.251s
[kernel 326.708 cpu0] i8042: line status=0x1c irqs=6749 bytes=6748 kbd gsi=1 rte=0x0000000000000024 aux gsi=12 rte=0x0000000000000024
[kernel 326.960 cpu0] heartbeat: t=326.960s alive=8/8 mask=0xff ran=29 gap=0.251s
[kernel 326.960 cpu0] i8042: line status=0x1c irqs=6752 bytes=6752 kbd gsi=1 rte=0x0000000000000024 aux gsi=12 rte=0x0000000000000024
[kernel 327.211 cpu3] heartbeat: t=327.211s alive=8/8 mask=0xff ran=15 gap=0.250s
[kernel 327.211 cpu3] i8042: line status=0x1c irqs=6752 bytes=6752 kbd gsi=1 rte=0x0000000000000024 aux gsi=12 rte=0x0000000000000024
[kernel 327.473 cpu2] heartbeat: t=327.473s alive=8/8 mask=0xff ran=21 gap=0.261s
[kernel 327.473 cpu2] i8042: line status=0x1c irqs=6753 bytes=6753 kbd gsi=1 rte=0x0000000000000024 aux gsi=12 rte=0x0000000000000024
[kernel 327.730 cpu3] heartbeat: t=327.730s alive=8/8 mask=0xff ran=36 gap=0.257s
[kernel 327.730 cpu3] i8042: line status=0x1c irqs=6759 bytes=6759 kbd gsi=1 rte=0x0000000000000024 aux gsi=12 rte=0x0000000000000024
[kernel 327.993 cpu0] heartbeat: t=327.993s alive=8/8 mask=0xff ran=20 gap=0.262s
[kernel 327.993 cpu0] i8042: line status=0x1c irqs=6762 bytes=6762 kbd gsi=1 rte=0x0000000000000024 aux gsi=12 rte=0x0000000000000024
[kernel 328.246 cpu6] heartbeat: t=328.246s alive=8/8 mask=0xff ran=23 gap=0.253s
[kernel 328.246 cpu6] i8042: line status=0x1c irqs=6764 bytes=6764 kbd gsi=1 rte=0x0000000000000024 aux gsi=12 rte=0x0000000000000024
[kernel 328.500 cpu6] heartbeat: t=328.500s alive=8/8 mask=0xff ran=16 gap=0.253s
[kernel 328.500 cpu6] i8042: line status=0x1c irqs=6765 bytes=6765 kbd gsi=1 rte=0x0000000000000024 aux gsi=12 rte=0x0000000000000024
compositor: frames=10 rects=10 damage_px=20992 damage_px_max=9472 composite_us_min=3 composite_us_max=68 composite_us_total=173 scanout_wr_bytes=83968 scanout_blits=10 back_rd_bytes=75768 cursor=0 windows=1
[kernel 328.751 cpu6] heartbeat: t=328.751s alive=8/8 mask=0xff ran=15 gap=0.251s
[kernel 328.751 cpu6] i8042: line status=0x1c irqs=6766 bytes=6766 kbd gsi=1 rte=0x0000000000000024 aux gsi=12 rte=0x0000000000000024
[kernel 329.007 cpu3] heartbeat: t=329.007s alive=8/8 mask=0xff ran=28 gap=0.256s
[kernel 329.007 cpu3] i8042: line status=0x1c irqs=6770 bytes=6770 kbd gsi=1 rte=0x0000000000000024 aux gsi=12 rte=0x0000000000000024
[kernel 329.265 cpu3] heartbeat: t=329.265s alive=8/8 mask=0xff ran=26 gap=0.257s
[kernel 329.265 cpu3] i8042: line status=0x1c irqs=6774 bytes=6774 kbd gsi=1 rte=0x0000000000000024 aux gsi=12 rte=0x0000000000000024
[kernel 329.520 cpu3] heartbeat: t=329.520s alive=8/8 mask=0xff ran=21 gap=0.255s
[kernel 329.520 cpu3] i8042: line status=0x1c irqs=6777 bytes=6777 kbd gsi=1 rte=0x0000000000000024 aux gsi=12 rte=0x0000000000000024
[kernel 329.779 cpu2] heartbeat: t=329.779s alive=8/8 mask=0xff ran=22 gap=0.258s
[kernel 329.779 cpu2] i8042: line status=0x1c irqs=6779 bytes=6779 kbd gsi=1 rte=0x0000000000000024 aux gsi=12 rte=0x0000000000000024
[kernel 330.036 cpu3] heartbeat: t=330.036s alive=8/8 mask=0xff ran=15 gap=0.257s
[kernel 330.037 cpu3] i8042: line status=0x1c irqs=6779 bytes=6779 kbd gsi=1 rte=0x0000000000000024 aux gsi=12 rte=0x0000000000000024
[kernel 330.287 cpu6] heartbeat: t=330.287s alive=8/8 mask=0xff ran=14 gap=0.250s
[kernel 330.287 cpu6] i8042: line status=0x1c irqs=6781 bytes=6781 kbd gsi=1 rte=0x0000000000000024 aux gsi=12 rte=0x0000000000000024
[kernel 330.538 cpu3] heartbeat: t=330.538s alive=8/8 mask=0xff ran=16 gap=0.250s
[kernel 330.538 cpu3] i8042: line status=0x1c irqs=6785 bytes=6785 kbd gsi=1 rte=0x0000000000000024 aux gsi=12 rte=0x0000000000000024
compositor: frames=9 rects=9 damage_px=20736 damage_px_max=9472 composite_us_min=3 composite_us_max=67 composite_us_total=173 scanout_wr_bytes=82944 scanout_blits=9 back_rd_bytes=75768 cursor=0 windows=1
[kernel 330.793 cpu3] heartbeat: t=330.793s alive=8/8 mask=0xff ran=27 gap=0.255s
[kernel 330.793 cpu3] i8042: line status=0x1c irqs=6788 bytes=6788 kbd gsi=1 rte=0x0000000000000024 aux gsi=12 rte=0x0000000000000024
[kernel 331.045 cpu3] heartbeat: t=331.045s alive=8/8 mask=0xff ran=28 gap=0.251s
[kernel 331.045 cpu3] i8042: line status=0x1c irqs=6792 bytes=6792 kbd gsi=1 rte=0x0000000000000024 aux gsi=12 rte=0x0000000000000024
[kernel 331.296 cpu3] heartbeat: t=331.296s alive=8/8 mask=0xff ran=29 gap=0.250s
[kernel 331.296 cpu3] i8042: line status=0x1c irqs=6797 bytes=6797 kbd gsi=1 rte=0x0000000000000024 aux gsi=12 rte=0x0000000000000024
[kernel 331.345 cpu5] PMM: 184/15962MB used (7889 pages free)
[kernel 331.345 cpu5]   kernel-heap  alloc=     6 free=     0 held=     6 (12MB) rate=0/s
[kernel 331.345 cpu5]   demand-page  alloc=    41 free=    35 held=     6 (12MB) rate=0/s
[kernel 331.345 cpu5]   mmap         alloc=   175 free=   148 held=    27 (54MB) rate=0/s
[kernel 331.345 cpu5]   shared-mem   alloc=    41 free=    32 held=     9 (18MB) rate=0/s
[kernel 331.345 cpu5]   pipe         alloc=    50 free=    44 held=     6 (12MB) rate=0/s
[kernel 331.345 cpu5]   elf          alloc=    39 free=    34 held=     5 (10MB) rate=0/s
[kernel 331.345 cpu5]   dma          alloc=     6 free=     0 held=     6 (12MB) rate=0/s
[kernel 331.345 cpu5]   framebuffer  alloc=     1 free=     0 held=     1 (2MB) rate=0/s
[kernel 331.345 cpu5]   stack        alloc=   148 free=   128 held=    20 (40MB) rate=0/s
[kernel 331.345 cpu5]   init-tls     alloc=    49 free=    43 held=     6 (12MB) rate=0/s
[kernel 331.547 cpu7] heartbeat: t=331.547s alive=8/8 mask=0xff ran=27 gap=0.251s
[kernel 331.547 cpu7] i8042: line status=0x1c irqs=6800 bytes=6800 kbd gsi=1 rte=0x0000000000000024 aux gsi=12 rte=0x0000000000000024
[kernel 331.692 cpu0] sched: cpu=0 ready=0 parked=1 current=None
[kernel 331.763 cpu3] sched: cpu=3 ready=0 parked=2 current=None
[kernel 331.797 cpu0] heartbeat: t=331.797s alive=8/8 mask=0xff ran=20 gap=0.250s
[kernel 331.797 cpu0] i8042: line status=0x1c irqs=6804 bytes=6804 kbd gsi=1 rte=0x0000000000000024 aux gsi=12 rte=0x0000000000000024
[kernel 332.061 cpu3] heartbeat: t=332.061s alive=8/8 mask=0xff ran=33 gap=0.264s
[kernel 332.061 cpu3] i8042: line status=0x1c irqs=6808 bytes=6808 kbd gsi=1 rte=0x0000000000000024 aux gsi=12 rte=0x0000000000000024
[kernel 332.311 cpu1] heartbeat: t=332.311s alive=8/8 mask=0xff ran=20 gap=0.250s
[kernel 332.311 cpu1] i8042: line status=0x1c irqs=6810 bytes=6810 kbd gsi=1 rte=0x0000000000000024 aux gsi=12 rte=0x0000000000000024
[kernel 332.562 cpu0] heartbeat: t=332.562s alive=8/8 mask=0xff ran=16 gap=0.251s
[kernel 332.562 cpu0] i8042: line status=0x1c irqs=6811 bytes=6811 kbd gsi=1 rte=0x0000000000000024 aux gsi=12 rte=0x0000000000000024
[kernel 332.593 cpu5] sched: cpu=5 ready=0 parked=1 current=None
[kernel 332.644 cpu2] sched: cpu=2 ready=0 parked=0 current=None
[kernel 332.646 cpu4] sched: cpu=4 ready=0 parked=2 current=None
[kernel 332.654 cpu1] sched: cpu=1 ready=0 parked=0 current=None
compositor: frames=15 rects=15 damage_px=22272 damage_px_max=9472 composite_us_min=3 composite_us_max=73 composite_us_total=192 scanout_wr_bytes=89088 scanout_blits=15 back_rd_bytes=75768 cursor=0 windows=1
[kernel 332.819 cpu4] heartbeat: t=332.819s alive=8/8 mask=0xff ran=22 gap=0.256s
[kernel 332.819 cpu4] i8042: line status=0x1c irqs=6813 bytes=6813 kbd gsi=1 rte=0x0000000000000024 aux gsi=12 rte=0x0000000000000024
[kernel 332.946 cpu6] sched: cpu=6 ready=0 parked=0 current=None
[kernel 332.946 cpu7] sched: cpu=7 ready=0 parked=0 current=None
[kernel 333.070 cpu3] heartbeat: t=333.070s alive=8/8 mask=0xff ran=22 gap=0.251s
[kernel 333.070 cpu3] i8042: line status=0x1c irqs=6815 bytes=6815 kbd gsi=1 rte=0x0000000000000024 aux gsi=12 rte=0x0000000000000024
[kernel 333.335 cpu3] heartbeat: t=333.335s alive=8/8 mask=0xff ran=32 gap=0.265s
[kernel 333.335 cpu3] i8042: line status=0x1c irqs=6820 bytes=6820 kbd gsi=1 rte=0x0000000000000024 aux gsi=12 rte=0x0000000000000024
[kernel 333.586 cpu3] heartbeat: t=333.586s alive=8/8 mask=0xff ran=21 gap=0.250s
[kernel 333.586 cpu3] i8042: line status=0x1c irqs=6822 bytes=6822 kbd gsi=1 rte=0x0000000000000024 aux gsi=12 rte=0x0000000000000024
[kernel 333.808 cpu3] i8042: 6825 interrupts, 6825 bytes, 1086 keys, 1797 motion, 70 undecoded, 0 discarded, 0 overruns, 0 dropped, 0 lost edges — last byte at 333757ms
[kernel 333.841 cpu3] heartbeat: t=333.841s alive=8/8 mask=0xff ran=22 gap=0.255s
[kernel 333.841 cpu3] i8042: line status=0x1c irqs=6825 bytes=6825 kbd gsi=1 rte=0x0000000000000024 aux gsi=12 rte=0x0000000000000024
[kernel 334.097 cpu2] heartbeat: t=334.097s alive=8/8 mask=0xff ran=22 gap=0.255s
[kernel 334.097 cpu2] i8042: line status=0x1c irqs=6827 bytes=6827 kbd gsi=1 rte=0x0000000000000024 aux gsi=12 rte=0x0000000000000024
[kernel 334.347 cpu7] heartbeat: t=334.347s alive=8/8 mask=0xff ran=23 gap=0.250s
[kernel 334.347 cpu7] i8042: line status=0x1c irqs=6829 bytes=6829 kbd gsi=1 rte=0x0000000000000024 aux gsi=12 rte=0x0000000000000024
[kernel 334.597 cpu1] heartbeat: t=334.597s alive=8/8 mask=0xff ran=32 gap=0.250s
[kernel 334.597 cpu1] i8042: line status=0x1c irqs=6833 bytes=6833 kbd gsi=1 rte=0x0000000000000024 aux gsi=12 rte=0x0000000000000024
compositor: frames=13 rects=13 damage_px=12544 damage_px_max=9472 composite_us_min=3 composite_us_max=67 composite_us_total=116 scanout_wr_bytes=50176 scanout_blits=13 back_rd_bytes=37884 cursor=0 windows=1
[kernel 334.852 cpu7] heartbeat: t=334.852s alive=8/8 mask=0xff ran=22 gap=0.255s
[kernel 334.852 cpu7] i8042: line status=0x1c irqs=6838 bytes=6838 kbd gsi=1 rte=0x0000000000000024 aux gsi=12 rte=0x0000000000000024
[kernel 335.105 cpu7] heartbeat: t=335.105s alive=8/8 mask=0xff ran=22 gap=0.253s
[kernel 335.105 cpu7] i8042: line status=0x1c irqs=6840 bytes=6840 kbd gsi=1 rte=0x0000000000000024 aux gsi=12 rte=0x0000000000000024
[kernel 335.357 cpu7] heartbeat: t=335.357s alive=8/8 mask=0xff ran=29 gap=0.251s
[kernel 335.357 cpu7] i8042: line status=0x1c irqs=6844 bytes=6844 kbd gsi=1 rte=0x0000000000000024 aux gsi=12 rte=0x0000000000000024
[kernel 335.614 cpu5] heartbeat: t=335.614s alive=8/8 mask=0xff ran=30 gap=0.257s
[kernel 335.614 cpu5] i8042: line status=0x1c irqs=6849 bytes=6849 kbd gsi=1 rte=0x0000000000000024 aux gsi=12 rte=0x0000000000000024
[kernel 335.872 cpu3] heartbeat: t=335.872s alive=8/8 mask=0xff ran=24 gap=0.258s
[kernel 335.872 cpu3] i8042: line status=0x1c irqs=6852 bytes=6852 kbd gsi=1 rte=0x0000000000000024 aux gsi=12 rte=0x0000000000000024
[kernel 336.135 cpu3] heartbeat: t=336.135s alive=8/8 mask=0xff ran=14 gap=0.263s
[kernel 336.135 cpu3] i8042: line status=0x1c irqs=6853 bytes=6853 kbd gsi=1 rte=0x0000000000000024 aux gsi=12 rte=0x0000000000000024
[kernel 336.386 cpu3] heartbeat: t=336.386s alive=8/8 mask=0xff ran=20 gap=0.250s
[kernel 336.386 cpu3] i8042: line status=0x1c irqs=6855 bytes=6855 kbd gsi=1 rte=0x0000000000000024 aux gsi=12 rte=0x0000000000000024
[kernel 336.642 cpu1] heartbeat: t=336.642s alive=8/8 mask=0xff ran=13 gap=0.256s
[kernel 336.642 cpu1] i8042: line status=0x1c irqs=6855 bytes=6855 kbd gsi=1 rte=0x0000000000000024 aux gsi=12 rte=0x0000000000000024
compositor: frames=10 rects=10 damage_px=30208 damage_px_max=9472 composite_us_min=3 composite_us_max=69 composite_us_total=231 scanout_wr_bytes=120832 scanout_blits=10 back_rd_bytes=113652 cursor=0 windows=1
[kernel 336.895 cpu7] heartbeat: t=336.895s alive=8/8 mask=0xff ran=15 gap=0.253s
[kernel 336.895 cpu7] i8042: line status=0x1c irqs=6855 bytes=6855 kbd gsi=1 rte=0x0000000000000024 aux gsi=12 rte=0x0000000000000024
[kernel 337.153 cpu3] heartbeat: t=337.153s alive=8/8 mask=0xff ran=15 gap=0.258s
[kernel 337.153 cpu3] i8042: line status=0x1c irqs=6855 bytes=6855 kbd gsi=1 rte=0x0000000000000024 aux gsi=12 rte=0x0000000000000024
[kernel 337.417 cpu7] heartbeat: t=337.417s alive=8/8 mask=0xff ran=14 gap=0.263s
[kernel 337.417 cpu7] i8042: line status=0x1c irqs=6855 bytes=6855 kbd gsi=1 rte=0x0000000000000024 aux gsi=12 rte=0x0000000000000024
[kernel 337.678 cpu6] heartbeat: t=337.678s alive=8/8 mask=0xff ran=17 gap=0.260s
[kernel 337.678 cpu6] i8042: line status=0x1c irqs=6857 bytes=6857 kbd gsi=1 rte=0x0000000000000024 aux gsi=12 rte=0x0000000000000024
[kernel 337.938 cpu7] heartbeat: t=337.938s alive=8/8 mask=0xff ran=17 gap=0.259s
[kernel 337.938 cpu7] i8042: line status=0x1c irqs=6859 bytes=6859 kbd gsi=1 rte=0x0000000000000024 aux gsi=12 rte=0x0000000000000024
[kernel 338.194 cpu3] heartbeat: t=338.194s alive=8/8 mask=0xff ran=15 gap=0.255s
[kernel 338.194 cpu3] i8042: line status=0x1c irqs=6859 bytes=6859 kbd gsi=1 rte=0x0000000000000024 aux gsi=12 rte=0x0000000000000024
[kernel 338.456 cpu3] heartbeat: t=338.456s alive=8/8 mask=0xff ran=15 gap=0.262s
[kernel 338.456 cpu3] i8042: line status=0x1c irqs=6859 bytes=6859 kbd gsi=1 rte=0x0000000000000024 aux gsi=12 rte=0x0000000000000024
[kernel 338.716 cpu3] heartbeat: t=338.716s alive=8/8 mask=0xff ran=15 gap=0.260s
[kernel 338.716 cpu3] i8042: line status=0x1c irqs=6859 bytes=6859 kbd gsi=1 rte=0x0000000000000024 aux gsi=12 rte=0x0000000000000024
compositor: frames=2 rects=2 damage_px=18944 damage_px_max=9472 composite_us_min=71 composite_us_max=76 composite_us_total=148 scanout_wr_bytes=75776 scanout_blits=2 back_rd_bytes=75768 cursor=0 windows=1
[kernel 338.972 cpu3] heartbeat: t=338.972s alive=8/8 mask=0xff ran=15 gap=0.256s
[kernel 338.972 cpu3] i8042: line status=0x1c irqs=6859 bytes=6859 kbd gsi=1 rte=0x0000000000000024 aux gsi=12 rte=0x0000000000000024
[kernel 339.227 cpu4] heartbeat: t=339.227s alive=8/8 mask=0xff ran=12 gap=0.254s
[kernel 339.227 cpu4] i8042: line status=0x1c irqs=6859 bytes=6859 kbd gsi=1 rte=0x0000000000000024 aux gsi=12 rte=0x0000000000000024
[kernel 339.479 cpu1] heartbeat: t=339.479s alive=8/8 mask=0xff ran=21 gap=0.252s
[kernel 339.479 cpu1] i8042: line status=0x1c irqs=6860 bytes=6860 kbd gsi=1 rte=0x0000000000000024 aux gsi=12 rte=0x0000000000000024
[kernel 339.731 cpu1] heartbeat: t=339.731s alive=8/8 mask=0xff ran=16 gap=0.251s
[kernel 339.731 cpu1] i8042: line status=0x1c irqs=6861 bytes=6861 kbd gsi=1 rte=0x0000000000000024 aux gsi=12 rte=0x0000000000000024
[kernel 339.992 cpu3] heartbeat: t=339.992s alive=8/8 mask=0xff ran=22 gap=0.261s
[kernel 339.992 cpu3] i8042: line status=0x1c irqs=6863 bytes=6863 kbd gsi=1 rte=0x0000000000000024 aux gsi=12 rte=0x0000000000000024
[kernel 340.252 cpu3] heartbeat: t=340.252s alive=8/8 mask=0xff ran=22 gap=0.259s
[kernel 340.252 cpu3] i8042: line status=0x1c irqs=6867 bytes=6867 kbd gsi=1 rte=0x0000000000000024 aux gsi=12 rte=0x0000000000000024
[kernel 340.514 cpu3] heartbeat: t=340.514s alive=8/8 mask=0xff ran=14 gap=0.262s
[kernel 340.514 cpu3] i8042: line status=0x1c irqs=6869 bytes=6869 kbd gsi=1 rte=0x0000000000000024 aux gsi=12 rte=0x0000000000000024
compositor: frames=5 rects=5 damage_px=19712 damage_px_max=9472 composite_us_min=4 composite_us_max=69 composite_us_total=141 scanout_wr_bytes=78848 scanout_blits=5 back_rd_bytes=75768 cursor=0 windows=1
[kernel 340.764 cpu0] heartbeat: t=340.764s alive=8/8 mask=0xff ran=13 gap=0.250s
[kernel 340.764 cpu0] i8042: line status=0x1c irqs=6869 bytes=6869 kbd gsi=1 rte=0x0000000000000024 aux gsi=12 rte=0x0000000000000024
[kernel 341.022 cpu3] heartbeat: t=341.022s alive=8/8 mask=0xff ran=14 gap=0.257s
[kernel 341.022 cpu3] i8042: line status=0x1c irqs=6869 bytes=6869 kbd gsi=1 rte=0x0000000000000024 aux gsi=12 rte=0x0000000000000024
[kernel 341.281 cpu3] heartbeat: t=341.281s alive=8/8 mask=0xff ran=14 gap=0.259s
[kernel 341.281 cpu3] i8042: line status=0x1c irqs=6869 bytes=6869 kbd gsi=1 rte=0x0000000000000024 aux gsi=12 rte=0x0000000000000024
[kernel 341.362 cpu3] PMM: 184/15962MB used (7889 pages free)
[kernel 341.362 cpu3]   kernel-heap  alloc=     6 free=     0 held=     6 (12MB) rate=0/s
[kernel 341.362 cpu3]   demand-page  alloc=    41 free=    35 held=     6 (12MB) rate=0/s
[kernel 341.362 cpu3]   mmap         alloc=   175 free=   148 held=    27 (54MB) rate=0/s
[kernel 341.362 cpu3]   shared-mem   alloc=    41 free=    32 held=     9 (18MB) rate=0/s
[kernel 341.362 cpu3]   pipe         alloc=    50 free=    44 held=     6 (12MB) rate=0/s
[kernel 341.362 cpu3]   elf          alloc=    39 free=    34 held=     5 (10MB) rate=0/s
[kernel 341.362 cpu3]   dma          alloc=     6 free=     0 held=     6 (12MB) rate=0/s
[kernel 341.362 cpu3]   framebuffer  alloc=     1 free=     0 held=     1 (2MB) rate=0/s
[kernel 341.362 cpu3]   stack        alloc=   148 free=   128 held=    20 (40MB) rate=0/s
[kernel 341.362 cpu3]   init-tls     alloc=    49 free=    43 held=     6 (12MB) rate=0/s
[kernel 341.532 cpu3] heartbeat: t=341.532s alive=8/8 mask=0xff ran=12 gap=0.251s
[kernel 341.532 cpu3] i8042: line status=0x1c irqs=6869 bytes=6869 kbd gsi=1 rte=0x0000000000000024 aux gsi=12 rte=0x0000000000000024
[kernel 341.744 cpu0] sched: cpu=0 ready=0 parked=1 current=None
[kernel 341.778 cpu3] sched: cpu=3 ready=0 parked=2 current=None
[kernel 341.782 cpu0] heartbeat: t=341.782s alive=8/8 mask=0xff ran=14 gap=0.250s
[kernel 341.782 cpu0] i8042: line status=0x1c irqs=6869 bytes=6869 kbd gsi=1 rte=0x0000000000000024 aux gsi=12 rte=0x0000000000000024
[kernel 342.038 cpu3] heartbeat: t=342.038s alive=8/8 mask=0xff ran=15 gap=0.255s
[kernel 342.038 cpu3] i8042: line status=0x1c irqs=6869 bytes=6869 kbd gsi=1 rte=0x0000000000000024 aux gsi=12 rte=0x0000000000000024
[kernel 342.294 cpu3] heartbeat: t=342.294s alive=8/8 mask=0xff ran=27 gap=0.255s
[kernel 342.294 cpu3] i8042: line status=0x1c irqs=6872 bytes=6872 kbd gsi=1 rte=0x0000000000000024 aux gsi=12 rte=0x0000000000000024
[kernel 342.554 cpu3] heartbeat: t=342.554s alive=8/8 mask=0xff ran=26 gap=0.260s
[kernel 342.554 cpu3] i8042: line status=0x1c irqs=6876 bytes=6876 kbd gsi=1 rte=0x0000000000000024 aux gsi=12 rte=0x0000000000000024
[kernel 342.607 cpu5] sched: cpu=5 ready=0 parked=1 current=None
[kernel 342.654 cpu4] sched: cpu=4 ready=0 parked=2 current=None
[kernel 342.688 cpu1] sched: cpu=1 ready=0 parked=0 current=None
[kernel 342.742 cpu2] sched: cpu=2 ready=0 parked=0 current=None
compositor: frames=7 rects=7 damage_px=20224 damage_px_max=9472 composite_us_min=4 composite_us_max=80 composite_us_total=172 scanout_wr_bytes=80896 scanout_blits=7 back_rd_bytes=75768 cursor=0 windows=1
[kernel 342.813 cpu1] heartbeat: t=342.813s alive=8/8 mask=0xff ran=18 gap=0.258s
[kernel 342.813 cpu1] i8042: line status=0x1c irqs=6879 bytes=6879 kbd gsi=1 rte=0x0000000000000024 aux gsi=12 rte=0x0000000000000024
[kernel 342.964 cpu7] sched: cpu=7 ready=0 parked=0 current=None
[kernel 343.013 cpu6] sched: cpu=6 ready=0 parked=0 current=None
[kernel 343.064 cpu3] heartbeat: t=343.064s alive=8/8 mask=0xff ran=15 gap=0.250s
[kernel 343.064 cpu3] i8042: line status=0x1c irqs=6879 bytes=6879 kbd gsi=1 rte=0x0000000000000024 aux gsi=12 rte=0x0000000000000024
[kernel 343.324 cpu3] heartbeat: t=343.324s alive=8/8 mask=0xff ran=13 gap=0.259s
[kernel 343.324 cpu3] i8042: line status=0x1c irqs=6879 bytes=6879 kbd gsi=1 rte=0x0000000000000024 aux gsi=12 rte=0x0000000000000024
[kernel 343.582 cpu3] heartbeat: t=343.582s alive=8/8 mask=0xff ran=13 gap=0.257s
[kernel 343.582 cpu3] i8042: line status=0x1c irqs=6879 bytes=6879 kbd gsi=1 rte=0x0000000000000024 aux gsi=12 rte=0x0000000000000024
[kernel 343.809 cpu0] i8042: 6879 interrupts, 6879 bytes, 1136 keys, 1797 motion, 70 undecoded, 0 discarded, 0 overruns, 0 dropped, 0 lost edges — last byte at 342654ms
[kernel 343.843 cpu3] heartbeat: t=343.843s alive=8/8 mask=0xff ran=14 gap=0.261s
[kernel 343.843 cpu3] i8042: line status=0x1c irqs=6879 bytes=6879 kbd gsi=1 rte=0x0000000000000024 aux gsi=12 rte=0x0000000000000024
[kernel 344.103 cpu3] heartbeat: t=344.103s alive=8/8 mask=0xff ran=22 gap=0.260s
[kernel 344.103 cpu3] i8042: line status=0x1c irqs=6881 bytes=6881 kbd gsi=1 rte=0x0000000000000024 aux gsi=12 rte=0x0000000000000024
[kernel 344.358 cpu3] heartbeat: t=344.358s alive=8/8 mask=0xff ran=21 gap=0.255s
[kernel 344.358 cpu3] i8042: line status=0x1c irqs=6883 bytes=6883 kbd gsi=1 rte=0x0000000000000024 aux gsi=12 rte=0x0000000000000024
[kernel 344.622 cpu3] heartbeat: t=344.622s alive=8/8 mask=0xff ran=14 gap=0.264s
[kernel 344.622 cpu3] i8042: line status=0x1c irqs=6883 bytes=6883 kbd gsi=1 rte=0x0000000000000024 aux gsi=12 rte=0x0000000000000024
compositor: frames=4 rects=4 damage_px=19456 damage_px_max=9472 composite_us_min=4 composite_us_max=69 composite_us_total=144 scanout_wr_bytes=77824 scanout_blits=4 back_rd_bytes=75768 cursor=0 windows=1
[kernel 344.873 cpu3] heartbeat: t=344.873s alive=8/8 mask=0xff ran=14 gap=0.251s
[kernel 344.873 cpu3] i8042: line status=0x1c irqs=6883 bytes=6883 kbd gsi=1 rte=0x0000000000000024 aux gsi=12 rte=0x0000000000000024
[kernel 345.132 cpu3] heartbeat: t=345.132s alive=8/8 mask=0xff ran=14 gap=0.259s
[kernel 345.132 cpu3] i8042: line status=0x1c irqs=6883 bytes=6883 kbd gsi=1 rte=0x0000000000000024 aux gsi=12 rte=0x0000000000000024
[kernel 345.395 cpu3] heartbeat: t=345.395s alive=8/8 mask=0xff ran=17 gap=0.262s
[kernel 345.395 cpu3] i8042: line status=0x1c irqs=6884 bytes=6884 kbd gsi=1 rte=0x0000000000000024 aux gsi=12 rte=0x0000000000000024
[kernel 345.647 cpu6] heartbeat: t=345.647s alive=8/8 mask=0xff ran=28 gap=0.252s
[kernel 345.647 cpu6] i8042: line status=0x1c irqs=6888 bytes=6888 kbd gsi=1 rte=0x0000000000000024 aux gsi=12 rte=0x0000000000000024
[kernel 345.906 cpu3] heartbeat: t=345.906s alive=8/8 mask=0xff ran=17 gap=0.259s
[kernel 345.906 cpu3] i8042: line status=0x1c irqs=6889 bytes=6889 kbd gsi=1 rte=0x0000000000000024 aux gsi=12 rte=0x0000000000000024
[kernel 346.160 cpu1] heartbeat: t=346.160s alive=8/8 mask=0xff ran=14 gap=0.253s
[kernel 346.160 cpu1] i8042: line status=0x1c irqs=6890 bytes=6890 kbd gsi=1 rte=0x0000000000000024 aux gsi=12 rte=0x0000000000000024
[kernel 346.419 cpu3] heartbeat: t=346.419s alive=8/8 mask=0xff ran=38 gap=0.259s
[kernel 346.419 cpu3] i8042: line status=0x1c irqs=6896 bytes=6896 kbd gsi=1 rte=0x0000000000000024 aux gsi=12 rte=0x0000000000000024
[kernel 346.673 cpu0] heartbeat: t=346.673s alive=8/8 mask=0xff ran=14 gap=0.253s
[kernel 346.673 cpu0] i8042: line status=0x1c irqs=6898 bytes=6897 kbd gsi=1 rte=0x0000000000000024 aux gsi=12 rte=0x0000000000000024
compositor: frames=8 rects=8 damage_px=20480 damage_px_max=9472 composite_us_min=3 composite_us_max=70 composite_us_total=164 scanout_wr_bytes=81920 scanout_blits=8 back_rd_bytes=75768 cursor=0 windows=1
[kernel 346.928 cpu3] heartbeat: t=346.928s alive=8/8 mask=0xff ran=20 gap=0.254s
[kernel 346.928 cpu3] i8042: line status=0x1c irqs=6899 bytes=6899 kbd gsi=1 rte=0x0000000000000024 aux gsi=12 rte=0x0000000000000024
[kernel 347.188 cpu3] heartbeat: t=347.188s alive=8/8 mask=0xff ran=20 gap=0.260s
[kernel 347.188 cpu3] i8042: line status=0x1c irqs=6901 bytes=6901 kbd gsi=1 rte=0x0000000000000024 aux gsi=12 rte=0x0000000000000024
[kernel 347.442 cpu0] heartbeat: t=347.442s alive=8/8 mask=0xff ran=13 gap=0.254s
[kernel 347.442 cpu0] i8042: line status=0x1c irqs=6902 bytes=6901 kbd gsi=1 rte=0x0000000000000024 aux gsi=12 rte=0x0000000000000024
[kernel 347.704 cpu3] heartbeat: t=347.704s alive=8/8 mask=0xff ran=27 gap=0.262s
[kernel 347.704 cpu3] i8042: line status=0x1c irqs=6904 bytes=6904 kbd gsi=1 rte=0x0000000000000024 aux gsi=12 rte=0x0000000000000024
[kernel 347.956 cpu3] heartbeat: t=347.956s alive=8/8 mask=0xff ran=21 gap=0.251s
[kernel 347.956 cpu3] i8042: line status=0x1c irqs=6907 bytes=6907 kbd gsi=1 rte=0x0000000000000024 aux gsi=12 rte=0x0000000000000024
[kernel 348.208 cpu7] heartbeat: t=348.208s alive=8/8 mask=0xff ran=33 gap=0.251s
[kernel 348.208 cpu7] i8042: line status=0x1c irqs=6912 bytes=6912 kbd gsi=1 rte=0x0000000000000024 aux gsi=12 rte=0x0000000000000024
[kernel 348.459 cpu3] heartbeat: t=348.459s alive=8/8 mask=0xff ran=29 gap=0.251s
[kernel 348.459 cpu3] i8042: line status=0x1c irqs=6917 bytes=6917 kbd gsi=1 rte=0x0000000000000024 aux gsi=12 rte=0x0000000000000024
[kernel 348.711 cpu3] heartbeat: t=348.711s alive=8/8 mask=0xff ran=26 gap=0.252s
[kernel 348.711 cpu3] i8042: line status=0x1c irqs=6920 bytes=6920 kbd gsi=1 rte=0x0000000000000024 aux gsi=12 rte=0x0000000000000024
compositor: frames=13 rects=13 damage_px=21760 damage_px_max=9472 composite_us_min=3 composite_us_max=67 composite_us_total=173 scanout_wr_bytes=87040 scanout_blits=13 back_rd_bytes=75768 cursor=0 windows=1
[kernel 348.965 cpu2] heartbeat: t=348.965s alive=8/8 mask=0xff ran=15 gap=0.254s
[kernel 348.965 cpu2] i8042: line status=0x1c irqs=6921 bytes=6921 kbd gsi=1 rte=0x0000000000000024 aux gsi=12 rte=0x0000000000000024
[kernel 349.226 cpu3] heartbeat: t=349.226s alive=8/8 mask=0xff ran=15 gap=0.260s
[kernel 349.226 cpu3] i8042: line status=0x1c irqs=6921 bytes=6921 kbd gsi=1 rte=0x0000000000000024 aux gsi=12 rte=0x0000000000000024
[kernel 349.481 cpu3] heartbeat: t=349.481s alive=8/8 mask=0xff ran=16 gap=0.255s
[kernel 349.481 cpu3] i8042: line status=0x1c irqs=6922 bytes=6922 kbd gsi=1 rte=0x0000000000000024 aux gsi=12 rte=0x0000000000000024
[kernel 349.743 cpu7] heartbeat: t=349.743s alive=8/8 mask=0xff ran=21 gap=0.262s
[kernel 349.743 cpu7] i8042: line status=0x1c irqs=6923 bytes=6923 kbd gsi=1 rte=0x0000000000000024 aux gsi=12 rte=0x0000000000000024
[kernel 350.010 cpu3] heartbeat: t=350.010s alive=8/8 mask=0xff ran=17 gap=0.266s
[kernel 350.010 cpu3] i8042: line status=0x1c irqs=6924 bytes=6924 kbd gsi=1 rte=0x0000000000000024 aux gsi=12 rte=0x0000000000000024
[kernel 350.264 cpu7] heartbeat: t=350.264s alive=8/8 mask=0xff ran=15 gap=0.253s
[kernel 350.264 cpu7] i8042: line status=0x1c irqs=6924 bytes=6924 kbd gsi=1 rte=0x0000000000000024 aux gsi=12 rte=0x0000000000000024
[kernel 350.517 cpu3] heartbeat: t=350.517s alive=8/8 mask=0xff ran=15 gap=0.252s
[kernel 350.517 cpu3] i8042: line status=0x1c irqs=6924 bytes=6924 kbd gsi=1 rte=0x0000000000000024 aux gsi=12 rte=0x0000000000000024
[kernel 350.772 cpu3] heartbeat: t=350.772s alive=8/8 mask=0xff ran=19 gap=0.255s
[kernel 350.772 cpu3] i8042: line status=0x1c irqs=6926 bytes=6926 kbd gsi=1 rte=0x0000000000000024 aux gsi=12 rte=0x0000000000000024
compositor: frames=4 rects=4 damage_px=19456 damage_px_max=9472 composite_us_min=3 composite_us_max=70 composite_us_total=145 scanout_wr_bytes=77824 scanout_blits=4 back_rd_bytes=75768 cursor=0 windows=1
[kernel 351.023 cpu7] heartbeat: t=351.023s alive=8/8 mask=0xff ran=10 gap=0.250s
[kernel 351.023 cpu7] i8042: line status=0x1c irqs=6926 bytes=6926 kbd gsi=1 rte=0x0000000000000024 aux gsi=12 rte=0x0000000000000024
[kernel 351.277 cpu3] heartbeat: t=351.277s alive=8/8 mask=0xff ran=15 gap=0.254s
[kernel 351.277 cpu3] i8042: line status=0x1c irqs=6926 bytes=6926 kbd gsi=1 rte=0x0000000000000024 aux gsi=12 rte=0x0000000000000024
[kernel 351.364 cpu3] PMM: 184/15962MB used (7889 pages free)
[kernel 351.364 cpu3]   kernel-heap  alloc=     6 free=     0 held=     6 (12MB) rate=0/s
[kernel 351.364 cpu3]   demand-page  alloc=    41 free=    35 held=     6 (12MB) rate=0/s
[kernel 351.364 cpu3]   mmap         alloc=   175 free=   148 held=    27 (54MB) rate=0/s
[kernel 351.364 cpu3]   shared-mem   alloc=    41 free=    32 held=     9 (18MB) rate=0/s
[kernel 351.364 cpu3]   pipe         alloc=    50 free=    44 held=     6 (12MB) rate=0/s
[kernel 351.364 cpu3]   elf          alloc=    39 free=    34 held=     5 (10MB) rate=0/s
[kernel 351.364 cpu3]   dma          alloc=     6 free=     0 held=     6 (12MB) rate=0/s
[kernel 351.364 cpu3]   framebuffer  alloc=     1 free=     0 held=     1 (2MB) rate=0/s
[kernel 351.364 cpu3]   stack        alloc=   148 free=   128 held=    20 (40MB) rate=0/s
[kernel 351.364 cpu3]   init-tls     alloc=    49 free=    43 held=     6 (12MB) rate=0/s
[kernel 351.531 cpu1] heartbeat: t=351.531s alive=8/8 mask=0xff ran=11 gap=0.254s
[kernel 351.531 cpu1] i8042: line status=0x1c irqs=6926 bytes=6926 kbd gsi=1 rte=0x0000000000000024 aux gsi=12 rte=0x0000000000000024
[kernel 351.782 cpu2] heartbeat: t=351.782s alive=8/8 mask=0xff ran=22 gap=0.251s
[kernel 351.782 cpu2] i8042: line status=0x1c irqs=6928 bytes=6928 kbd gsi=1 rte=0x0000000000000024 aux gsi=12 rte=0x0000000000000024
[kernel 351.783 cpu0] sched: cpu=0 ready=0 parked=1 current=None
[kernel 351.785 cpu3] sched: cpu=3 ready=0 parked=2 current=None
[kernel 352.043 cpu3] heartbeat: t=352.043s alive=8/8 mask=0xff ran=17 gap=0.260s
[kernel 352.043 cpu3] i8042: line status=0x1c irqs=6929 bytes=6929 kbd gsi=1 rte=0x0000000000000024 aux gsi=12 rte=0x0000000000000024
[kernel 352.294 cpu3] heartbeat: t=352.294s alive=8/8 mask=0xff ran=14 gap=0.250s
[kernel 352.294 cpu3] i8042: line status=0x1c irqs=6929 bytes=6929 kbd gsi=1 rte=0x0000000000000024 aux gsi=12 rte=0x0000000000000024
[kernel 352.545 cpu3] heartbeat: t=352.545s alive=8/8 mask=0xff ran=15 gap=0.251s
[kernel 352.545 cpu3] i8042: line status=0x1c irqs=6931 bytes=6931 kbd gsi=1 rte=0x0000000000000024 aux gsi=12 rte=0x0000000000000024
[kernel 352.615 cpu5] sched: cpu=5 ready=0 parked=1 current=None
[kernel 352.678 cpu4] sched: cpu=4 ready=0 parked=2 current=None
[kernel 352.754 cpu1] sched: cpu=1 ready=0 parked=0 current=None
[kernel 352.797 cpu5] heartbeat: t=352.797s alive=8/8 mask=0xff ran=20 gap=0.252s
[kernel 352.797 cpu5] i8042: line status=0x1c irqs=6932 bytes=6932 kbd gsi=1 rte=0x0000000000000024 aux gsi=12 rte=0x0000000000000024
[kernel 352.815 cpu2] sched: cpu=2 ready=0 parked=0 current=None
compositor: frames=4 rects=4 damage_px=19456 damage_px_max=9472 composite_us_min=4 composite_us_max=68 composite_us_total=135 scanout_wr_bytes=77824 scanout_blits=4 back_rd_bytes=75768 cursor=0 windows=1
[kernel 352.971 cpu7] sched: cpu=7 ready=0 parked=0 current=None
[kernel 353.054 cpu6] sched: cpu=6 ready=0 parked=0 current=None
[kernel 353.054 cpu6] heartbeat: t=353.054s alive=8/8 mask=0xff ran=18 gap=0.256s
[kernel 353.054 cpu6] i8042: line status=0x1c irqs=6935 bytes=6935 kbd gsi=1 rte=0x0000000000000024 aux gsi=12 rte=0x0000000000000024
[kernel 353.308 cpu5] heartbeat: t=353.308s alive=8/8 mask=0xff ran=15 gap=0.253s
[kernel 353.308 cpu5] i8042: line status=0x1c irqs=6935 bytes=6935 kbd gsi=1 rte=0x0000000000000024 aux gsi=12 rte=0x0000000000000024
[kernel 353.560 cpu3] heartbeat: t=353.560s alive=8/8 mask=0xff ran=15 gap=0.252s
[kernel 353.560 cpu3] i8042: line status=0x1c irqs=6935 bytes=6935 kbd gsi=1 rte=0x0000000000000024 aux gsi=12 rte=0x0000000000000024
[kernel 353.814 cpu6] heartbeat: t=353.814s alive=8/8 mask=0xff ran=13 gap=0.254s
[kernel 353.814 cpu6] i8042: line status=0x1c irqs=6935 bytes=6935 kbd gsi=1 rte=0x0000000000000024 aux gsi=12 rte=0x0000000000000024
[kernel 353.815 cpu0] i8042: 6935 interrupts, 6935 bytes, 1190 keys, 1797 motion, 70 undecoded, 0 discarded, 0 overruns, 0 dropped, 0 lost edges — last byte at 352875ms
[kernel 354.074 cpu3] heartbeat: t=354.074s alive=8/8 mask=0xff ran=13 gap=0.259s
[kernel 354.074 cpu3] i8042: line status=0x1c irqs=6935 bytes=6935 kbd gsi=1 rte=0x0000000000000024 aux gsi=12 rte=0x0000000000000024
[kernel 354.334 cpu3] heartbeat: t=354.334s alive=8/8 mask=0xff ran=13 gap=0.259s
[kernel 354.334 cpu3] i8042: line status=0x1c irqs=6935 bytes=6935 kbd gsi=1 rte=0x0000000000000024 aux gsi=12 rte=0x0000000000000024
[kernel 354.600 cpu3] heartbeat: t=354.600s alive=8/8 mask=0xff ran=14 gap=0.266s
[kernel 354.600 cpu3] i8042: line status=0x1c irqs=6935 bytes=6935 kbd gsi=1 rte=0x0000000000000024 aux gsi=12 rte=0x0000000000000024
[kernel 354.858 cpu3] heartbeat: t=354.858s alive=8/8 mask=0xff ran=13 gap=0.257s
[kernel 354.858 cpu3] i8042: line status=0x1c irqs=6935 bytes=6935 kbd gsi=1 rte=0x0000000000000024 aux gsi=12 rte=0x0000000000000024
compositor: frames=2 rects=2 damage_px=18944 damage_px_max=9472 composite_us_min=62 composite_us_max=69 composite_us_total=132 scanout_wr_bytes=75776 scanout_blits=2 back_rd_bytes=75768 cursor=0 windows=1
[kernel 355.122 cpu3] heartbeat: t=355.122s alive=8/8 mask=0xff ran=13 gap=0.263s
[kernel 355.122 cpu3] i8042: line status=0x1c irqs=6935 bytes=6935 kbd gsi=1 rte=0x0000000000000024 aux gsi=12 rte=0x0000000000000024
[kernel 355.376 cpu1] heartbeat: t=355.376s alive=8/8 mask=0xff ran=14 gap=0.254s
[kernel 355.376 cpu1] i8042: line status=0x1c irqs=6935 bytes=6935 kbd gsi=1 rte=0x0000000000000024 aux gsi=12 rte=0x0000000000000024
[kernel 355.628 cpu3] heartbeat: t=355.628s alive=8/8 mask=0xff ran=15 gap=0.252s
[kernel 355.628 cpu3] i8042: line status=0x1c irqs=6935 bytes=6935 kbd gsi=1 rte=0x0000000000000024 aux gsi=12 rte=0x0000000000000024
[kernel 355.882 cpu3] heartbeat: t=355.882s alive=8/8 mask=0xff ran=14 gap=0.254s
[kernel 355.882 cpu3] i8042: line status=0x1c irqs=6935 bytes=6935 kbd gsi=1 rte=0x0000000000000024 aux gsi=12 rte=0x0000000000000024
[kernel 356.143 cpu3] heartbeat: t=356.143s alive=8/8 mask=0xff ran=14 gap=0.260s
[kernel 356.143 cpu3] i8042: line status=0x1c irqs=6935 bytes=6935 kbd gsi=1 rte=0x0000000000000024 aux gsi=12 rte=0x0000000000000024
[kernel 356.407 cpu4] heartbeat: t=356.407s alive=8/8 mask=0xff ran=15 gap=0.263s
[kernel 356.407 cpu4] i8042: line status=0x1c irqs=6935 bytes=6935 kbd gsi=1 rte=0x0000000000000024 aux gsi=12 rte=0x0000000000000024
[kernel 356.659 cpu3] heartbeat: t=356.659s alive=8/8 mask=0xff ran=15 gap=0.252s
[kernel 356.659 cpu3] i8042: line status=0x1c irqs=6935 bytes=6935 kbd gsi=1 rte=0x0000000000000024 aux gsi=12 rte=0x0000000000000024
[kernel 356.919 cpu4] heartbeat: t=356.919s alive=8/8 mask=0xff ran=15 gap=0.259s
[kernel 356.919 cpu4] i8042: line status=0x1c irqs=6935 bytes=6935 kbd gsi=1 rte=0x0000000000000024 aux gsi=12 rte=0x0000000000000024
compositor: frames=2 rects=2 damage_px=18944 damage_px_max=9472 composite_us_min=67 composite_us_max=69 composite_us_total=136 scanout_wr_bytes=75776 scanout_blits=2 back_rd_bytes=75768 cursor=0 windows=1
[kernel 357.170 cpu3] heartbeat: t=357.170s alive=8/8 mask=0xff ran=15 gap=0.251s
[kernel 357.170 cpu3] i8042: line status=0x1c irqs=6935 bytes=6935 kbd gsi=1 rte=0x0000000000000024 aux gsi=12 rte=0x0000000000000024
[kernel 357.429 cpu5] heartbeat: t=357.429s alive=8/8 mask=0xff ran=19 gap=0.259s
[kernel 357.429 cpu5] i8042: line status=0x1c irqs=6937 bytes=6937 kbd gsi=1 rte=0x0000000000000024 aux gsi=12 rte=0x0000000000000024
[kernel 357.687 cpu3] heartbeat: t=357.687s alive=8/8 mask=0xff ran=25 gap=0.257s
[kernel 357.687 cpu3] i8042: line status=0x1c irqs=6941 bytes=6941 kbd gsi=1 rte=0x0000000000000024 aux gsi=12 rte=0x0000000000000024
[kernel 357.938 cpu0] heartbeat: t=357.938s alive=8/8 mask=0xff ran=12 gap=0.251s
[kernel 357.938 cpu0] i8042: line status=0x1c irqs=6941 bytes=6941 kbd gsi=1 rte=0x0000000000000024 aux gsi=12 rte=0x0000000000000024
[kernel 358.189 cpu3] heartbeat: t=358.189s alive=8/8 mask=0xff ran=15 gap=0.250s
[kernel 358.189 cpu3] i8042: line status=0x1c irqs=6941 bytes=6941 kbd gsi=1 rte=0x0000000000000024 aux gsi=12 rte=0x0000000000000024
[kernel 358.439 cpu0] heartbeat: t=358.439s alive=8/8 mask=0xff ran=19 gap=0.250s
[kernel 358.439 cpu0] i8042: line status=0x1c irqs=6943 bytes=6943 kbd gsi=1 rte=0x0000000000000024 aux gsi=12 rte=0x0000000000000024
[kernel 358.689 cpu3] heartbeat: t=358.689s alive=8/8 mask=0xff ran=15 gap=0.250s
[kernel 358.689 cpu3] i8042: line status=0x1c irqs=6943 bytes=6943 kbd gsi=1 rte=0x0000000000000024 aux gsi=12 rte=0x0000000000000024
compositor: frames=5 rects=5 damage_px=19712 damage_px_max=9472 composite_us_min=3 composite_us_max=66 composite_us_total=138 scanout_wr_bytes=78848 scanout_blits=5 back_rd_bytes=75768 cursor=0 windows=1
[kernel 358.939 cpu0] heartbeat: t=358.939s alive=8/8 mask=0xff ran=14 gap=0.250s
[kernel 358.939 cpu0] i8042: line status=0x1c irqs=6943 bytes=6943 kbd gsi=1 rte=0x0000000000000024 aux gsi=12 rte=0x0000000000000024
[kernel 359.197 cpu3] heartbeat: t=359.197s alive=8/8 mask=0xff ran=13 gap=0.257s
[kernel 359.197 cpu3] i8042: line status=0x1c irqs=6943 bytes=6943 kbd gsi=1 rte=0x0000000000000024 aux gsi=12 rte=0x0000000000000024
[kernel 359.454 cpu3] heartbeat: t=359.454s alive=8/8 mask=0xff ran=19 gap=0.256s
[kernel 359.454 cpu3] i8042: line status=0x1c irqs=6944 bytes=6944 kbd gsi=1 rte=0x0000000000000024 aux gsi=12 rte=0x0000000000000024
[kernel 359.707 cpu7] heartbeat: t=359.707s alive=8/8 mask=0xff ran=28 gap=0.253s
[kernel 359.707 cpu7] i8042: line status=0x1c irqs=6948 bytes=6948 kbd gsi=1 rte=0x0000000000000024 aux gsi=12 rte=0x0000000000000024
[kernel 359.973 cpu3] heartbeat: t=359.973s alive=8/8 mask=0xff ran=17 gap=0.265s
[kernel 359.973 cpu3] i8042: line status=0x1c irqs=6949 bytes=6949 kbd gsi=1 rte=0x0000000000000024 aux gsi=12 rte=0x0000000000000024
[kernel 360.227 cpu3] heartbeat: t=360.227s alive=8/8 mask=0xff ran=14 gap=0.254s
[kernel 360.227 cpu3] i8042: line status=0x1c irqs=6949 bytes=6949 kbd gsi=1 rte=0x0000000000000024 aux gsi=12 rte=0x0000000000000024
/home/root> echo   #include<stdio> .h> void main(void)               int an  main(void) ä {println("Helo o lo world");} > a.c
stdio.h: entity not found
}: not found
[kernel 360.477 cpu4] heartbeat: t=360.477s alive=8/8 mask=0xff ran=17 gap=0.250s
[kernel 360.477 cpu4] i8042: line status=0x1c irqs=6950 bytes=6950 kbd gsi=1 rte=0x0000000000000024 aux gsi=12 rte=0x0000000000000024
[kernel 360.728 cpu2] heartbeat: t=360.728s alive=8/8 mask=0xff ran=18 gap=0.251s
[kernel 360.729 cpu2] i8042: line status=0x1c irqs=6951 bytes=6951 kbd gsi=1 rte=0x0000000000000024 aux gsi=12 rte=0x0000000000000024
compositor: frames=7 rects=7 damage_px=1229824 damage_px_max=608768 composite_us_min=4 composite_us_max=1359 composite_us_total=2765 scanout_wr_bytes=4919296 scanout_blits=7 back_rd_bytes=75768 cursor=0 windows=1
[kernel 360.992 cpu3] heartbeat: t=360.992s alive=8/8 mask=0xff ran=15 gap=0.263s
[kernel 360.992 cpu3] i8042: line status=0x1c irqs=6951 bytes=6951 kbd gsi=1 rte=0x0000000000000024 aux gsi=12 rte=0x0000000000000024
[kernel 361.247 cpu5] heartbeat: t=361.247s alive=8/8 mask=0xff ran=15 gap=0.254s
[kernel 361.247 cpu5] i8042: line status=0x1c irqs=6951 bytes=6951 kbd gsi=1 rte=0x0000000000000024 aux gsi=12 rte=0x0000000000000024
[kernel 361.365 cpu3] PMM: 186/15962MB used (7888 pages free)
[kernel 361.365 cpu3]   kernel-heap  alloc=     6 free=     0 held=     6 (12MB) rate=0/s
[kernel 361.365 cpu3]   demand-page  alloc=    41 free=    35 held=     6 (12MB) rate=0/s
[kernel 361.365 cpu3]   mmap         alloc=   176 free=   148 held=    28 (56MB) rate=0/s
[kernel 361.365 cpu3]   shared-mem   alloc=    41 free=    32 held=     9 (18MB) rate=0/s
[kernel 361.366 cpu3]   pipe         alloc=    50 free=    44 held=     6 (12MB) rate=0/s
[kernel 361.366 cpu3]   elf          alloc=    39 free=    34 held=     5 (10MB) rate=0/s
[kernel 361.366 cpu3]   dma          alloc=     6 free=     0 held=     6 (12MB) rate=0/s
[kernel 361.366 cpu3]   framebuffer  alloc=     1 free=     0 held=     1 (2MB) rate=0/s
[kernel 361.366 cpu3]   stack        alloc=   148 free=   128 held=    20 (40MB) rate=0/s
[kernel 361.366 cpu3]   init-tls     alloc=    49 free=    43 held=     6 (12MB) rate=0/s
[kernel 361.498 cpu3] heartbeat: t=361.498s alive=8/8 mask=0xff ran=12 gap=0.250s
[kernel 361.498 cpu3] i8042: line status=0x1c irqs=6951 bytes=6951 kbd gsi=1 rte=0x0000000000000024 aux gsi=12 rte=0x0000000000000024
[kernel 361.764 cpu3] heartbeat: t=361.764s alive=8/8 mask=0xff ran=14 gap=0.266s
[kernel 361.764 cpu3] i8042: line status=0x1c irqs=6951 bytes=6951 kbd gsi=1 rte=0x0000000000000024 aux gsi=12 rte=0x0000000000000024
[kernel 361.783 cpu0] sched: cpu=0 ready=0 parked=1 current=None
[kernel 361.807 cpu3] sched: cpu=3 ready=0 parked=2 current=None
[kernel 362.026 cpu3] heartbeat: t=362.026s alive=8/8 mask=0xff ran=12 gap=0.261s
[kernel 362.026 cpu3] i8042: line status=0x1c irqs=6951 bytes=6951 kbd gsi=1 rte=0x0000000000000024 aux gsi=12 rte=0x0000000000000024
[kernel 362.280 cpu3] heartbeat: t=362.280s alive=8/8 mask=0xff ran=13 gap=0.254s
[kernel 362.280 cpu3] i8042: line status=0x1c irqs=6951 bytes=6951 kbd gsi=1 rte=0x0000000000000024 aux gsi=12 rte=0x0000000000000024
[kernel 362.540 cpu3] heartbeat: t=362.540s alive=8/8 mask=0xff ran=14 gap=0.259s
[kernel 362.540 cpu3] i8042: line status=0x1c irqs=6951 bytes=6951 kbd gsi=1 rte=0x0000000000000024 aux gsi=12 rte=0x0000000000000024
[kernel 362.707 cpu5] sched: cpu=5 ready=0 parked=1 current=None
[kernel 362.748 cpu4] sched: cpu=4 ready=0 parked=2 current=None
[kernel 362.804 cpu3] heartbeat: t=362.804s alive=8/8 mask=0xff ran=14 gap=0.264s
[kernel 362.804 cpu3] i8042: line status=0x1c irqs=6951 bytes=6951 kbd gsi=1 rte=0x0000000000000024 aux gsi=12 rte=0x0000000000000024
[kernel 362.848 cpu2] sched: cpu=2 ready=0 parked=0 current=None
[kernel 362.870 cpu1] sched: cpu=1 ready=0 parked=0 current=None
compositor: frames=2 rects=2 damage_px=18944 damage_px_max=9472 composite_us_min=65 composite_us_max=75 composite_us_total=141 scanout_wr_bytes=75776 scanout_blits=2 back_rd_bytes=75768 cursor=0 windows=1
[kernel 363.048 cpu7] sched: cpu=7 ready=0 parked=0 current=None
[kernel 363.054 cpu0] heartbeat: t=363.054s alive=8/8 mask=0xff ran=13 gap=0.250s
[kernel 363.054 cpu0] i8042: line status=0x1c irqs=6951 bytes=6951 kbd gsi=1 rte=0x0000000000000024 aux gsi=12 rte=0x0000000000000024
[kernel 363.107 cpu6] sched: cpu=6 ready=0 parked=0 current=None
[kernel 363.312 cpu3] heartbeat: t=363.312s alive=8/8 mask=0xff ran=15 gap=0.258s
[kernel 363.312 cpu3] i8042: line status=0x1c irqs=6951 bytes=6951 kbd gsi=1 rte=0x0000000000000024 aux gsi=12 rte=0x0000000000000024
[kernel 363.565 cpu7] heartbeat: t=363.565s alive=8/8 mask=0xff ran=15 gap=0.253s
[kernel 363.565 cpu7] i8042: line status=0x1c irqs=6951 bytes=6951 kbd gsi=1 rte=0x0000000000000024 aux gsi=12 rte=0x0000000000000024
[kernel 363.819 cpu6] heartbeat: t=363.819s alive=8/8 mask=0xff ran=15 gap=0.253s
[kernel 363.819 cpu6] i8042: line status=0x1c irqs=6951 bytes=6951 kbd gsi=1 rte=0x0000000000000024 aux gsi=12 rte=0x0000000000000024
[kernel 363.819 cpu0] i8042: 6951 interrupts, 6951 bytes, 1206 keys, 1797 motion, 70 undecoded, 0 discarded, 0 overruns, 0 dropped, 0 lost edges — last byte at 360525ms
[kernel 364.075 cpu3] heartbeat: t=364.075s alive=8/8 mask=0xff ran=27 gap=0.256s
[kernel 364.075 cpu3] i8042: line status=0x1c irqs=6957 bytes=6957 kbd gsi=1 rte=0x0000000000000024 aux gsi=12 rte=0x0000000000000024
[kernel 364.335 cpu3] heartbeat: t=364.335s alive=8/8 mask=0xff ran=13 gap=0.260s
[kernel 364.336 cpu3] i8042: line status=0x1c irqs=6957 bytes=6957 kbd gsi=1 rte=0x0000000000000024 aux gsi=12 rte=0x0000000000000024
[kernel 364.586 cpu7] heartbeat: t=364.586s alive=8/8 mask=0xff ran=12 gap=0.250s
[kernel 364.586 cpu7] i8042: line status=0x1c irqs=6959 bytes=6959 kbd gsi=1 rte=0x0000000000000024 aux gsi=12 rte=0x0000000000000024
[kernel 364.837 cpu7] heartbeat: t=364.837s alive=8/8 mask=0xff ran=15 gap=0.251s
[kernel 364.837 cpu7] i8042: line status=0x1c irqs=6963 bytes=6963 kbd gsi=1 rte=0x0000000000000024 aux gsi=12 rte=0x0000000000000024
compositor: frames=4 rects=4 damage_px=28160 damage_px_max=9472 composite_us_min=4 composite_us_max=66 composite_us_total=153 scanout_wr_bytes=112640 scanout_blits=4 back_rd_bytes=75768 cursor=0 windows=1
[kernel 365.088 cpu1] heartbeat: t=365.088s alive=8/8 mask=0xff ran=20 gap=0.250s
[kernel 365.088 cpu1] i8042: line status=0x1c irqs=6969 bytes=6969 kbd gsi=1 rte=0x0000000000000024 aux gsi=12 rte=0x0000000000000024
[kernel 365.347 cpu3] heartbeat: t=365.347s alive=8/8 mask=0xff ran=29 gap=0.259s
[kernel 365.347 cpu3] i8042: line status=0x1c irqs=6977 bytes=6977 kbd gsi=1 rte=0x0000000000000024 aux gsi=12 rte=0x0000000000000024
[kernel 365.599 cpu5] heartbeat: t=365.599s alive=8/8 mask=0xff ran=22 gap=0.251s
[kernel 365.599 cpu5] i8042: line status=0x1c irqs=6983 bytes=6983 kbd gsi=1 rte=0x0000000000000024 aux gsi=12 rte=0x0000000000000024
[kernel 365.860 cpu4] heartbeat: t=365.860s alive=8/8 mask=0xff ran=15 gap=0.260s
[kernel 365.860 cpu4] i8042: line status=0x1c irqs=6983 bytes=6983 kbd gsi=1 rte=0x0000000000000024 aux gsi=12 rte=0x0000000000000024
[kernel 366.122 cpu1] heartbeat: t=366.122s alive=8/8 mask=0xff ran=30 gap=0.262s
[kernel 366.122 cpu1] i8042: line status=0x1c irqs=6989 bytes=6989 kbd gsi=1 rte=0x0000000000000024 aux gsi=12 rte=0x0000000000000024
[kernel 366.379 cpu3] heartbeat: t=366.379s alive=8/8 mask=0xff ran=33 gap=0.256s
[kernel 366.379 cpu3] i8042: line status=0x1c irqs=6999 bytes=6999 kbd gsi=1 rte=0x0000000000000024 aux gsi=12 rte=0x0000000000000024
[kernel 366.637 cpu3] heartbeat: t=366.637s alive=8/8 mask=0xff ran=26 gap=0.258s
[kernel 366.637 cpu3] i8042: line status=0x1c irqs=7005 bytes=7005 kbd gsi=1 rte=0x0000000000000024 aux gsi=12 rte=0x0000000000000024
[kernel 366.895 cpu3] heartbeat: t=366.895s alive=8/8 mask=0xff ran=21 gap=0.258s
[kernel 366.895 cpu3] i8042: line status=0x1c irqs=7009 bytes=7009 kbd gsi=1 rte=0x0000000000000024 aux gsi=12 rte=0x0000000000000024
compositor: frames=13 rects=13 damage_px=22400 damage_px_max=9472 composite_us_min=3 composite_us_max=58 composite_us_total=167 scanout_wr_bytes=89600 scanout_blits=13 back_rd_bytes=75768 cursor=0 windows=1
[kernel 367.148 cpu1] heartbeat: t=367.148s alive=8/8 mask=0xff ran=14 gap=0.253s
[kernel 367.148 cpu1] i8042: line status=0x1c irqs=7009 bytes=7009 kbd gsi=1 rte=0x0000000000000024 aux gsi=12 rte=0x0000000000000024
[kernel 367.400 cpu3] heartbeat: t=367.400s alive=8/8 mask=0xff ran=16 gap=0.251s
[kernel 367.400 cpu3] i8042: line status=0x1c irqs=7013 bytes=7013 kbd gsi=1 rte=0x0000000000000024 aux gsi=12 rte=0x0000000000000024
[kernel 367.650 cpu3] heartbeat: t=367.650s alive=8/8 mask=0xff ran=27 gap=0.250s
[kernel 367.650 cpu3] i8042: line status=0x1c irqs=7019 bytes=7019 kbd gsi=1 rte=0x0000000000000024 aux gsi=12 rte=0x0000000000000024
[kernel 367.910 cpu0] heartbeat: t=367.910s alive=8/8 mask=0xff ran=23 gap=0.260s
[kernel 367.910 cpu0] i8042: line status=0x1c irqs=7025 bytes=7025 kbd gsi=1 rte=0x0000000000000024 aux gsi=12 rte=0x0000000000000024
[kernel 368.164 cpu1] heartbeat: t=368.164s alive=8/8 mask=0xff ran=29 gap=0.253s
[kernel 368.164 cpu1] i8042: line status=0x1c irqs=7033 bytes=7033 kbd gsi=1 rte=0x0000000000000024 aux gsi=12 rte=0x0000000000000024
[kernel 368.414 cpu3] heartbeat: t=368.414s alive=8/8 mask=0xff ran=28 gap=0.250s
[kernel 368.414 cpu3] i8042: line status=0x1c irqs=7039 bytes=7039 kbd gsi=1 rte=0x0000000000000024 aux gsi=12 rte=0x0000000000000024
[kernel 368.666 cpu5] heartbeat: t=368.666s alive=8/8 mask=0xff ran=20 gap=0.251s
[kernel 368.666 cpu5] i8042: line status=0x1c irqs=7045 bytes=7045 kbd gsi=1 rte=0x0000000000000024 aux gsi=12 rte=0x0000000000000024
[kernel 368.924 cpu1] heartbeat: t=368.924s alive=8/8 mask=0xff ran=27 gap=0.258s
[kernel 368.924 cpu1] i8042: line status=0x1c irqs=7051 bytes=7051 kbd gsi=1 rte=0x0000000000000024 aux gsi=12 rte=0x0000000000000024
compositor: frames=12 rects=12 damage_px=21504 damage_px_max=9472 composite_us_min=3 composite_us_max=69 composite_us_total=178 scanout_wr_bytes=86016 scanout_blits=12 back_rd_bytes=75768 cursor=0 windows=1
[kernel 369.174 cpu3] heartbeat: t=369.174s alive=8/8 mask=0xff ran=20 gap=0.250s
[kernel 369.175 cpu3] i8042: line status=0x1c irqs=7055 bytes=7055 kbd gsi=1 rte=0x0000000000000024 aux gsi=12 rte=0x0000000000000024
[kernel 369.425 cpu6] heartbeat: t=369.425s alive=8/8 mask=0xff ran=13 gap=0.250s
[kernel 369.425 cpu6] i8042: line status=0x1c irqs=7055 bytes=7055 kbd gsi=1 rte=0x0000000000000024 aux gsi=12 rte=0x0000000000000024
[kernel 369.676 cpu1] heartbeat: t=369.676s alive=8/8 mask=0xff ran=15 gap=0.250s
[kernel 369.676 cpu1] i8042: line status=0x1c irqs=7059 bytes=7059 kbd gsi=1 rte=0x0000000000000024 aux gsi=12 rte=0x0000000000000024
[kernel 369.939 cpu3] heartbeat: t=369.939s alive=8/8 mask=0xff ran=15 gap=0.263s
[kernel 369.939 cpu3] i8042: line status=0x1c irqs=7063 bytes=7063 kbd gsi=1 rte=0x0000000000000024 aux gsi=12 rte=0x0000000000000024
[kernel 370.202 cpu3] heartbeat: t=370.202s alive=8/8 mask=0xff ran=22 gap=0.263s
[kernel 370.202 cpu3] i8042: line status=0x1c irqs=7071 bytes=7071 kbd gsi=1 rte=0x0000000000000024 aux gsi=12 rte=0x0000000000000024
[kernel 370.458 cpu3] heartbeat: t=370.458s alive=8/8 mask=0xff ran=21 gap=0.255s
[kernel 370.458 cpu3] i8042: line status=0x1c irqs=7075 bytes=7075 kbd gsi=1 rte=0x0000000000000024 aux gsi=12 rte=0x0000000000000024
[kernel 370.723 cpu3] heartbeat: t=370.723s alive=8/8 mask=0xff ran=25 gap=0.265s
[kernel 370.723 cpu3] i8042: line status=0x1c irqs=7081 bytes=7081 kbd gsi=1 rte=0x0000000000000024 aux gsi=12 rte=0x0000000000000024
[kernel 370.981 cpu2] heartbeat: t=370.981s alive=8/8 mask=0xff ran=23 gap=0.258s
[kernel 370.981 cpu2] i8042: line status=0x1c irqs=7087 bytes=7087 kbd gsi=1 rte=0x0000000000000024 aux gsi=12 rte=0x0000000000000024
compositor: frames=8 rects=8 damage_px=20480 damage_px_max=9472 composite_us_min=3 composite_us_max=73 composite_us_total=166 scanout_wr_bytes=81920 scanout_blits=8 back_rd_bytes=75768 cursor=0 windows=1
[kernel 371.235 cpu3] heartbeat: t=371.235s alive=8/8 mask=0xff ran=21 gap=0.253s
[kernel 371.235 cpu3] i8042: line status=0x1d irqs=7090 bytes=7089 kbd gsi=1 rte=0x0000000000000024 aux gsi=12 rte=0x0000000000000024
[kernel 371.367 cpu0] PMM: 186/15962MB used (7888 pages free)
[kernel 371.367 cpu0]   kernel-heap  alloc=     6 free=     0 held=     6 (12MB) rate=0/s
[kernel 371.367 cpu0]   demand-page  alloc=    41 free=    35 held=     6 (12MB) rate=0/s
[kernel 371.367 cpu0]   mmap         alloc=   176 free=   148 held=    28 (56MB) rate=0/s
[kernel 371.367 cpu0]   shared-mem   alloc=    41 free=    32 held=     9 (18MB) rate=0/s
[kernel 371.367 cpu0]   pipe         alloc=    50 free=    44 held=     6 (12MB) rate=0/s
[kernel 371.367 cpu0]   elf          alloc=    39 free=    34 held=     5 (10MB) rate=0/s
[kernel 371.367 cpu0]   dma          alloc=     6 free=     0 held=     6 (12MB) rate=0/s
[kernel 371.367 cpu0]   framebuffer  alloc=     1 free=     0 held=     1 (2MB) rate=0/s
[kernel 371.367 cpu0]   stack        alloc=   148 free=   128 held=    20 (40MB) rate=0/s
[kernel 371.367 cpu0]   init-tls     alloc=    49 free=    43 held=     6 (12MB) rate=0/s
[kernel 371.486 cpu7] heartbeat: t=371.486s alive=8/8 mask=0xff ran=22 gap=0.250s
[kernel 371.486 cpu7] i8042: line status=0x1c irqs=7095 bytes=7095 kbd gsi=1 rte=0x0000000000000024 aux gsi=12 rte=0x0000000000000024
[kernel 371.737 cpu3] heartbeat: t=371.737s alive=8/8 mask=0xff ran=27 gap=0.250s
[kernel 371.737 cpu3] i8042: line status=0x1c irqs=7101 bytes=7101 kbd gsi=1 rte=0x0000000000000024 aux gsi=12 rte=0x0000000000000024
[kernel 371.783 cpu0] sched: cpu=0 ready=0 parked=1 current=None
[kernel 371.808 cpu3] sched: cpu=3 ready=0 parked=2 current=None
[kernel 371.995 cpu3] heartbeat: t=371.995s alive=8/8 mask=0xff ran=16 gap=0.257s
[kernel 371.995 cpu3] i8042: line status=0x1c irqs=7105 bytes=7105 kbd gsi=1 rte=0x0000000000000024 aux gsi=12 rte=0x0000000000000024
[kernel 372.247 cpu7] heartbeat: t=372.247s alive=8/8 mask=0xff ran=20 gap=0.251s
[kernel 372.247 cpu7] i8042: line status=0x1c irqs=7111 bytes=7111 kbd gsi=1 rte=0x0000000000000024 aux gsi=12 rte=0x0000000000000024
[kernel 372.507 cpu1] heartbeat: t=372.507s alive=8/8 mask=0xff ran=27 gap=0.260s
[kernel 372.507 cpu1] i8042: line status=0x1c irqs=7117 bytes=7117 kbd gsi=1 rte=0x0000000000000024 aux gsi=12 rte=0x0000000000000024
[kernel 372.760 cpu5] sched: cpu=5 ready=0 parked=1 current=None
[kernel 372.760 cpu5] heartbeat: t=372.760s alive=8/8 mask=0xff ran=24 gap=0.252s
[kernel 372.760 cpu5] i8042: line status=0x1c irqs=7123 bytes=7123 kbd gsi=1 rte=0x0000000000000024 aux gsi=12 rte=0x0000000000000024
[kernel 372.829 cpu4] sched: cpu=4 ready=0 parked=2 current=None
[kernel 372.944 cpu2] sched: cpu=2 ready=0 parked=0 current=None
[kernel 372.953 cpu1] sched: cpu=1 ready=0 parked=0 current=None
[kernel 373.010 cpu0] heartbeat: t=373.010s alive=8/8 mask=0xff ran=26 gap=0.250s
[kernel 373.010 cpu0] i8042: line status=0x1c irqs=7129 bytes=7129 kbd gsi=1 rte=0x0000000000000024 aux gsi=12 rte=0x0000000000000024
compositor: frames=13 rects=13 damage_px=21760 damage_px_max=9472 composite_us_min=3 composite_us_max=79 composite_us_total=192 scanout_wr_bytes=87040 scanout_blits=13 back_rd_bytes=75768 cursor=0 windows=1
[kernel 373.106 cpu7] sched: cpu=7 ready=0 parked=0 current=None
[kernel 373.107 cpu6] sched: cpu=6 ready=0 parked=0 current=None
[kernel 373.275 cpu3] heartbeat: t=373.275s alive=8/8 mask=0xff ran=24 gap=0.265s
[kernel 373.275 cpu3] i8042: line status=0x1c irqs=7135 bytes=7135 kbd gsi=1 rte=0x0000000000000024 aux gsi=12 rte=0x0000000000000024
[kernel 373.535 cpu0] heartbeat: t=373.535s alive=8/8 mask=0xff ran=22 gap=0.259s
[kernel 373.535 cpu0] i8042: line status=0x1d irqs=7141 bytes=7139 kbd gsi=1 rte=0x0000000000000024 aux gsi=12 rte=0x0000000000000024
[kernel 373.796 cpu3] heartbeat: t=373.796s alive=8/8 mask=0xff ran=28 gap=0.261s
[kernel 373.796 cpu3] i8042: line status=0x1c irqs=7147 bytes=7147 kbd gsi=1 rte=0x0000000000000024 aux gsi=12 rte=0x0000000000000024
[kernel 373.830 cpu3] i8042: 7147 interrupts, 7147 bytes, 1296 keys, 1797 motion, 90 undecoded, 0 discarded, 0 overruns, 0 dropped, 0 lost edges — last byte at 373763ms
[kernel 374.054 cpu3] heartbeat: t=374.054s alive=8/8 mask=0xff ran=26 gap=0.257s
[kernel 374.054 cpu3] i8042: line status=0x1c irqs=7153 bytes=7153 kbd gsi=1 rte=0x0000000000000024 aux gsi=12 rte=0x0000000000000024
[kernel 374.309 cpu1] heartbeat: t=374.309s alive=8/8 mask=0xff ran=24 gap=0.254s
[kernel 374.309 cpu1] i8042: line status=0x1c irqs=7159 bytes=7159 kbd gsi=1 rte=0x0000000000000024 aux gsi=12 rte=0x0000000000000024
[kernel 374.567 cpu3] heartbeat: t=374.567s alive=8/8 mask=0xff ran=27 gap=0.258s
[kernel 374.567 cpu3] i8042: line status=0x1c irqs=7165 bytes=7165 kbd gsi=1 rte=0x0000000000000024 aux gsi=12 rte=0x0000000000000024
[kernel 374.820 cpu1] heartbeat: t=374.820s alive=8/8 mask=0xff ran=23 gap=0.253s
[kernel 374.820 cpu1] i8042: line status=0x1c irqs=7171 bytes=7171 kbd gsi=1 rte=0x0000000000000024 aux gsi=12 rte=0x0000000000000024
[kernel 375.085 cpu3] heartbeat: t=375.085s alive=8/8 mask=0xff ran=28 gap=0.264s
[kernel 375.085 cpu3] i8042: line status=0x1c irqs=7177 bytes=7177 kbd gsi=1 rte=0x0000000000000024 aux gsi=12 rte=0x0000000000000024
compositor: frames=14 rects=14 damage_px=22016 damage_px_max=9472 composite_us_min=3 composite_us_max=62 composite_us_total=172 scanout_wr_bytes=88064 scanout_blits=14 back_rd_bytes=75768 cursor=0 windows=1
[kernel 375.336 cpu1] heartbeat: t=375.336s alive=8/8 mask=0xff ran=21 gap=0.251s
[kernel 375.336 cpu1] i8042: line status=0x1c irqs=7183 bytes=7183 kbd gsi=1 rte=0x0000000000000024 aux gsi=12 rte=0x0000000000000024
[kernel 375.588 cpu3] heartbeat: t=375.588s alive=8/8 mask=0xff ran=27 gap=0.251s
[kernel 375.588 cpu3] i8042: line status=0x1c irqs=7189 bytes=7189 kbd gsi=1 rte=0x0000000000000024 aux gsi=12 rte=0x0000000000000024
[kernel 375.852 cpu3] heartbeat: t=375.852s alive=8/8 mask=0xff ran=21 gap=0.264s
[kernel 375.852 cpu3] i8042: line status=0x1c irqs=7195 bytes=7195 kbd gsi=1 rte=0x0000000000000024 aux gsi=12 rte=0x0000000000000024
[kernel 376.109 cpu6] heartbeat: t=376.109s alive=8/8 mask=0xff ran=27 gap=0.257s
[kernel 376.109 cpu6] i8042: line status=0x1c irqs=7203 bytes=7203 kbd gsi=1 rte=0x0000000000000024 aux gsi=12 rte=0x0000000000000024
[kernel 376.367 cpu7] heartbeat: t=376.367s alive=8/8 mask=0xff ran=27 gap=0.258s
[kernel 376.367 cpu7] i8042: line status=0x1c irqs=7209 bytes=7209 kbd gsi=1 rte=0x0000000000000024 aux gsi=12 rte=0x0000000000000024
[kernel 376.621 cpu2] heartbeat: t=376.621s alive=8/8 mask=0xff ran=24 gap=0.253s
[kernel 376.621 cpu2] i8042: line status=0x1c irqs=7215 bytes=7215 kbd gsi=1 rte=0x0000000000000024 aux gsi=12 rte=0x0000000000000024
[kernel 376.880 cpu1] heartbeat: t=376.880s alive=8/8 mask=0xff ran=29 gap=0.259s
[kernel 376.880 cpu1] i8042: line status=0x1c irqs=7221 bytes=7221 kbd gsi=1 rte=0x0000000000000024 aux gsi=12 rte=0x0000000000000024
compositor: frames=14 rects=14 damage_px=22016 damage_px_max=9472 composite_us_min=3 composite_us_max=66 composite_us_total=175 scanout_wr_bytes=88064 scanout_blits=14 back_rd_bytes=75768 cursor=0 windows=1
[kernel 377.130 cpu0] heartbeat: t=377.130s alive=8/8 mask=0xff ran=23 gap=0.250s
[kernel 377.130 cpu0] i8042: line status=0x1c irqs=7229 bytes=7229 kbd gsi=1 rte=0x0000000000000024 aux gsi=12 rte=0x0000000000000024
[kernel 377.384 cpu3] heartbeat: t=377.384s alive=8/8 mask=0xff ran=28 gap=0.253s
[kernel 377.384 cpu3] i8042: line status=0x1c irqs=7235 bytes=7235 kbd gsi=1 rte=0x0000000000000024 aux gsi=12 rte=0x0000000000000024
[kernel 377.641 cpu3] heartbeat: t=377.641s alive=8/8 mask=0xff ran=21 gap=0.256s
[kernel 377.641 cpu3] i8042: line status=0x1c irqs=7239 bytes=7239 kbd gsi=1 rte=0x0000000000000024 aux gsi=12 rte=0x0000000000000024
[kernel 377.900 cpu7] heartbeat: t=377.900s alive=8/8 mask=0xff ran=22 gap=0.259s
[kernel 377.900 cpu7] i8042: line status=0x1c irqs=7241 bytes=7241 kbd gsi=1 rte=0x0000000000000024 aux gsi=12 rte=0x0000000000000024
[kernel 378.151 cpu5 tid=0] ELF: 3554 relocations indexed (RELATIVE + GLOB_DAT + TPOFF)
[kernel 378.151 cpu5 tid=0] spawn: TLS 1 modules, total_memsz=144
[kernel 378.151 cpu1] heartbeat: t=378.151s alive=8/8 mask=0xff ran=23 gap=0.251s
[kernel 378.151 cpu5 tid=0] spawn: /bin/echo pid=37 tid=0 base=0x10000000000 entry=0x1000002d4f4 cr3=0x1fc7000 symbols=2048KiB (layout=0ms relocs=0ms deps=0ms tls=0ms total=1ms)
[kernel 378.151 cpu1] i8042: line status=0x1c irqs=7244 bytes=7244 kbd gsi=1 rte=0x0000000000000024 aux gsi=12 rte=0x0000000000000024
[kernel 378.152 cpu1 tid=0] syscalls: pid=37 total=7 syscall_wall=0ms 0=1 6=1 63=1
[kernel 378.152 cpu1 tid=0] memory: pid=37 peak=2MB allocs=2 frees=0
/home/root> echo #include<stdio.h> int main(void) {println("Hello world");} > a.c" > a.c"#include<stdio.h> int main(void) {println("Hello world");}" > a.c
[kernel 378.167 cpu1 tid=0] exit: echo pid=37 code=0 cpu=0ms
[kernel 378.403 cpu3] heartbeat: t=378.403s alive=8/8 mask=0xff ran=22 gap=0.251s
[kernel 378.403 cpu3] i8042: line status=0x1c irqs=7245 bytes=7245 kbd gsi=1 rte=0x0000000000000024 aux gsi=12 rte=0x0000000000000024
[kernel 378.659 cpu3] heartbeat: t=378.659s alive=8/8 mask=0xff ran=15 gap=0.256s
[kernel 378.659 cpu3] i8042: line status=0x1c irqs=7245 bytes=7245 kbd gsi=1 rte=0x0000000000000024 aux gsi=12 rte=0x0000000000000024
[kernel 378.919 cpu0] heartbeat: t=378.919s alive=8/8 mask=0xff ran=12 gap=0.260s
[kernel 378.919 cpu0] i8042: line status=0x1c irqs=7245 bytes=7245 kbd gsi=1 rte=0x0000000000000024 aux gsi=12 rte=0x0000000000000024
compositor: frames=8 rects=8 damage_px=646016 damage_px_max=616192 composite_us_min=3 composite_us_max=1234 composite_us_total=1407 scanout_wr_bytes=2584064 scanout_blits=8 back_rd_bytes=75768 cursor=0 windows=1
[kernel 379.169 cpu0] heartbeat: t=379.169s alive=8/8 mask=0xff ran=13 gap=0.250s
[kernel 379.169 cpu0] i8042: line status=0x1c irqs=7245 bytes=7245 kbd gsi=1 rte=0x0000000000000024 aux gsi=12 rte=0x0000000000000024
[kernel 379.419 cpu4] heartbeat: t=379.419s alive=8/8 mask=0xff ran=15 gap=0.250s
[kernel 379.419 cpu4] i8042: line status=0x1c irqs=7245 bytes=7245 kbd gsi=1 rte=0x0000000000000024 aux gsi=12 rte=0x0000000000000024
[kernel 379.675 cpu3] heartbeat: t=379.675s alive=8/8 mask=0xff ran=22 gap=0.255s
[kernel 379.675 cpu3] i8042: line status=0x1c irqs=7247 bytes=7247 kbd gsi=1 rte=0x0000000000000024 aux gsi=12 rte=0x0000000000000024
[kernel 379.940 cpu3] heartbeat: t=379.940s alive=8/8 mask=0xff ran=31 gap=0.264s
[kernel 379.940 cpu3] i8042: line status=0x1c irqs=7252 bytes=7252 kbd gsi=1 rte=0x0000000000000024 aux gsi=12 rte=0x0000000000000024
[kernel 380.191 cpu3] heartbeat: t=380.191s alive=8/8 mask=0xff ran=21 gap=0.251s
[kernel 380.191 cpu3] i8042: line status=0x1c irqs=7255 bytes=7255 kbd gsi=1 rte=0x0000000000000024 aux gsi=12 rte=0x0000000000000024
[kernel 380.445 cpu5] heartbeat: t=380.445s alive=8/8 mask=0xff ran=20 gap=0.253s
[kernel 380.445 cpu5] i8042: line status=0x1c irqs=7257 bytes=7257 kbd gsi=1 rte=0x0000000000000024 aux gsi=12 rte=0x0000000000000024
[kernel 380.707 cpu3] heartbeat: t=380.707s alive=8/8 mask=0xff ran=15 gap=0.262s
[kernel 380.707 cpu3] i8042: line status=0x1c irqs=7257 bytes=7257 kbd gsi=1 rte=0x0000000000000024 aux gsi=12 rte=0x0000000000000024
[kernel 380.867 cpu5 tid=0] ELF: 3554 relocations indexed (RELATIVE + GLOB_DAT + TPOFF)
[kernel 380.867 cpu5 tid=0] spawn: TLS 1 modules, total_memsz=144
[kernel 380.868 cpu5 tid=0] spawn: /bin/cat pid=38 tid=0 base=0x10000000000 entry=0x1000002d4f4 cr3=0x1fc9000 symbols=2048KiB (layout=0ms relocs=0ms deps=0ms tls=0ms total=1ms)
/home/root> cat a.c
[kernel 380.923 cpu2 tid=0] syscalls: pid=38 total=12 syscall_wall=31ms 0=1 1=2 6=1 9=1 10=1 14=1 63=1
[kernel 380.923 cpu2 tid=0] memory: pid=38 peak=2MB allocs=2 frees=0
[kernel 380.923 cpu2 tid=0] exit: cat pid=38 code=0 cpu=32ms
#include<stdio.h> int main(void) {println(Hello world);}
[kernel 380.963 cpu3] heartbeat: t=380.963s alive=8/8 mask=0xff ran=31 gap=0.255s
[kernel 380.963 cpu3] i8042: line status=0x1c irqs=7261 bytes=7260 kbd gsi=1 rte=0x0000000000000024 aux gsi=12 rte=0x0000000000000024
compositor: frames=12 rects=12 damage_px=1244160 damage_px_max=616192 composite_us_min=3 composite_us_max=1385 composite_us_total=2850 scanout_wr_bytes=4976640 scanout_blits=12 back_rd_bytes=75768 cursor=0 windows=1
[kernel 381.221 cpu3] heartbeat: t=381.221s alive=8/8 mask=0xff ran=16 gap=0.257s
[kernel 381.221 cpu3] i8042: line status=0x1c irqs=7261 bytes=7261 kbd gsi=1 rte=0x0000000000000024 aux gsi=12 rte=0x0000000000000024
[kernel 381.368 cpu4] PMM: 186/15962MB used (7888 pages free)
[kernel 381.368 cpu4]   kernel-heap  alloc=     6 free=     0 held=     6 (12MB) rate=0/s
[kernel 381.368 cpu4]   demand-page  alloc=    43 free=    37 held=     6 (12MB) rate=0/s
[kernel 381.368 cpu4]   mmap         alloc=   178 free=   150 held=    28 (56MB) rate=0/s
[kernel 381.368 cpu4]   shared-mem   alloc=    41 free=    32 held=     9 (18MB) rate=0/s
[kernel 381.368 cpu4]   pipe         alloc=    50 free=    44 held=     6 (12MB) rate=0/s
[kernel 381.368 cpu4]   elf          alloc=    41 free=    36 held=     5 (10MB) rate=0/s
[kernel 381.368 cpu4]   dma          alloc=     6 free=     0 held=     6 (12MB) rate=0/s
[kernel 381.368 cpu4]   framebuffer  alloc=     1 free=     0 held=     1 (2MB) rate=0/s
[kernel 381.368 cpu4]   stack        alloc=   156 free=   136 held=    20 (40MB) rate=0/s
[kernel 381.368 cpu4]   init-tls     alloc=    51 free=    45 held=     6 (12MB) rate=0/s
[kernel 381.483 cpu3] heartbeat: t=381.483s alive=8/8 mask=0xff ran=15 gap=0.262s
[kernel 381.483 cpu3] i8042: line status=0x1c irqs=7261 bytes=7261 kbd gsi=1 rte=0x0000000000000024 aux gsi=12 rte=0x0000000000000024
[kernel 381.736 cpu0] heartbeat: t=381.736s alive=8/8 mask=0xff ran=12 gap=0.252s
[kernel 381.736 cpu0] i8042: line status=0x1c irqs=7261 bytes=7261 kbd gsi=1 rte=0x0000000000000024 aux gsi=12 rte=0x0000000000000024
[kernel 381.820 cpu3] sched: cpu=3 ready=0 parked=2 current=None
[kernel 381.820 cpu0] sched: cpu=0 ready=0 parked=1 current=None
[kernel 382.001 cpu3] heartbeat: t=382.001s alive=8/8 mask=0xff ran=13 gap=0.265s
[kernel 382.001 cpu3] i8042: line status=0x1c irqs=7261 bytes=7261 kbd gsi=1 rte=0x0000000000000024 aux gsi=12 rte=0x0000000000000024
[kernel 382.267 cpu3] heartbeat: t=382.267s alive=8/8 mask=0xff ran=13 gap=0.265s
[kernel 382.267 cpu3] i8042: line status=0x1c irqs=7261 bytes=7261 kbd gsi=1 rte=0x0000000000000024 aux gsi=12 rte=0x0000000000000024
[kernel 382.530 cpu3] heartbeat: t=382.530s alive=8/8 mask=0xff ran=13 gap=0.263s
[kernel 382.530 cpu3] i8042: line status=0x1c irqs=7261 bytes=7261 kbd gsi=1 rte=0x0000000000000024 aux gsi=12 rte=0x0000000000000024
[kernel 382.797 cpu3] heartbeat: t=382.797s alive=8/8 mask=0xff ran=14 gap=0.266s
[kernel 382.797 cpu3] i8042: line status=0x1c irqs=7261 bytes=7261 kbd gsi=1 rte=0x0000000000000024 aux gsi=12 rte=0x0000000000000024
[kernel 382.806 cpu5] sched: cpu=5 ready=0 parked=1 current=None
[kernel 382.868 cpu4] sched: cpu=4 ready=0 parked=2 current=None
[kernel 382.968 cpu1] sched: cpu=1 ready=0 parked=0 current=None
[kernel 382.968 cpu2] sched: cpu=2 ready=0 parked=0 current=None
[kernel 383.050 cpu3] heartbeat: t=383.050s alive=8/8 mask=0xff ran=11 gap=0.253s
[kernel 383.050 cpu3] i8042: line status=0x1c irqs=7261 bytes=7261 kbd gsi=1 rte=0x0000000000000024 aux gsi=12 rte=0x0000000000000024
compositor: frames=2 rects=2 damage_px=18944 damage_px_max=9472 composite_us_min=57 composite_us_max=69 composite_us_total=126 scanout_wr_bytes=75776 scanout_blits=2 back_rd_bytes=75768 cursor=0 windows=1
[kernel 383.168 cpu7] sched: cpu=7 ready=0 parked=0 current=None
[kernel 383.168 cpu6] sched: cpu=6 ready=0 parked=0 current=None
[kernel 383.306 cpu4] heartbeat: t=383.306s alive=8/8 mask=0xff ran=13 gap=0.255s
[kernel 383.306 cpu4] i8042: line status=0x1c irqs=7261 bytes=7261 kbd gsi=1 rte=0x0000000000000024 aux gsi=12 rte=0x0000000000000024
[kernel 383.559 cpu3] heartbeat: t=383.559s alive=8/8 mask=0xff ran=15 gap=0.253s
[kernel 383.559 cpu3] i8042: line status=0x1c irqs=7261 bytes=7261 kbd gsi=1 rte=0x0000000000000024 aux gsi=12 rte=0x0000000000000024
[kernel 383.810 cpu3] heartbeat: t=383.810s alive=8/8 mask=0xff ran=14 gap=0.250s
[kernel 383.810 cpu3] i8042: line status=0x1c irqs=7261 bytes=7261 kbd gsi=1 rte=0x0000000000000024 aux gsi=12 rte=0x0000000000000024
[kernel 383.842 cpu3] i8042: 7262 interrupts, 7262 bytes, 1365 keys, 1797 motion, 90 undecoded, 0 discarded, 0 overruns, 0 dropped, 0 lost edges — last byte at 383817ms
[kernel 384.063 cpu3] heartbeat: t=384.063s alive=8/8 mask=0xff ran=34 gap=0.252s
[kernel 384.063 cpu3] i8042: line status=0x1c irqs=7266 bytes=7266 kbd gsi=1 rte=0x0000000000000024 aux gsi=12 rte=0x0000000000000024
[kernel 384.321 cpu3] heartbeat: t=384.321s alive=8/8 mask=0xff ran=16 gap=0.257s
[kernel 384.321 cpu3] i8042: line status=0x1c irqs=7267 bytes=7267 kbd gsi=1 rte=0x0000000000000024 aux gsi=12 rte=0x0000000000000024
[kernel 384.582 cpu3] heartbeat: t=384.582s alive=8/8 mask=0xff ran=22 gap=0.261s
[kernel 384.582 cpu3] i8042: line status=0x1c irqs=7269 bytes=7269 kbd gsi=1 rte=0x0000000000000024 aux gsi=12 rte=0x0000000000000024
[kernel 384.846 cpu3] heartbeat: t=384.846s alive=8/8 mask=0xff ran=29 gap=0.263s
[kernel 384.846 cpu3] i8042: line status=0x1c irqs=7273 bytes=7273 kbd gsi=1 rte=0x0000000000000024 aux gsi=12 rte=0x0000000000000024
[kernel 385.096 cpu1] heartbeat: t=385.096s alive=8/8 mask=0xff ran=25 gap=0.250s
[kernel 385.096 cpu1] i8042: line status=0x1c irqs=7277 bytes=7277 kbd gsi=1 rte=0x0000000000000024 aux gsi=12 rte=0x0000000000000024
compositor: frames=10 rects=10 damage_px=21120 damage_px_max=9472 composite_us_min=3 composite_us_max=74 composite_us_total=166 scanout_wr_bytes=84480 scanout_blits=10 back_rd_bytes=75768 cursor=0 windows=1
[kernel 385.348 cpu1] heartbeat: t=385.348s alive=8/8 mask=0xff ran=13 gap=0.252s
[kernel 385.348 cpu1] i8042: line status=0x1c irqs=7277 bytes=7277 kbd gsi=1 rte=0x0000000000000024 aux gsi=12 rte=0x0000000000000024
[kernel 385.599 cpu1] heartbeat: t=385.599s alive=8/8 mask=0xff ran=15 gap=0.250s
[kernel 385.599 cpu1] i8042: line status=0x1c irqs=7277 bytes=7277 kbd gsi=1 rte=0x0000000000000024 aux gsi=12 rte=0x0000000000000024
[kernel 385.859 cpu3] heartbeat: t=385.859s alive=8/8 mask=0xff ran=21 gap=0.260s
[kernel 385.859 cpu3] i8042: line status=0x1c irqs=7278 bytes=7278 kbd gsi=1 rte=0x0000000000000024 aux gsi=12 rte=0x0000000000000024
[kernel 386.115 cpu3] heartbeat: t=386.115s alive=8/8 mask=0xff ran=14 gap=0.255s
[kernel 386.115 cpu3] i8042: line status=0x1c irqs=7279 bytes=7279 kbd gsi=1 rte=0x0000000000000024 aux gsi=12 rte=0x0000000000000024
[kernel 386.380 cpu3] heartbeat: t=386.380s alive=8/8 mask=0xff ran=27 gap=0.265s
[kernel 386.380 cpu3] i8042: line status=0x1c irqs=7282 bytes=7282 kbd gsi=1 rte=0x0000000000000024 aux gsi=12 rte=0x0000000000000024
[kernel 386.639 cpu3] heartbeat: t=386.639s alive=8/8 mask=0xff ran=27 gap=0.258s
[kernel 386.639 cpu3] i8042: line status=0x1c irqs=7286 bytes=7286 kbd gsi=1 rte=0x0000000000000024 aux gsi=12 rte=0x0000000000000024
[kernel 386.721 cpu5 tid=0] ELF: 17467 relocations indexed (RELATIVE + GLOB_DAT + TPOFF)
[kernel 386.721 cpu5 tid=0] spawn: TLS 1 modules, total_memsz=152
[kernel 386.723 cpu5 tid=0] spawn: /bin/toyos-cc pid=39 tid=0 base=0x10000000000 entry=0x10000787c0c cr3=0x1eea000 symbols=6144KiB (layout=0ms relocs=0ms deps=0ms tls=1ms total=3ms)
/home/root> toyos-c/home/root> toyos-cc   a.c
fatal error: cannot find system include file: stdio.h
[kernel 386.785 cpu4 tid=1] syscalls: pid=39 total=10 syscall_wall=0ms 0=3 1=2 6=1 9=1 10=1 14=1
[kernel 386.785 cpu4 tid=1] memory: pid=39 peak=132MB allocs=5 frees=0
[kernel 386.785 cpu4 tid=1] exit: toyos-cc pid=39 code=1 cpu=9ms
[kernel 386.900 cpu3] heartbeat: t=386.900s alive=8/8 mask=0xff ran=25 gap=0.261s
[kernel 386.900 cpu3] i8042: line status=0x1c irqs=7289 bytes=7289 kbd gsi=1 rte=0x0000000000000024 aux gsi=12 rte=0x0000000000000024
[kernel 387.154 cpu3] heartbeat: t=387.154s alive=8/8 mask=0xff ran=14 gap=0.254s
[kernel 387.154 cpu3] i8042: line status=0x1c irqs=7289 bytes=7289 kbd gsi=1 rte=0x0000000000000024 aux gsi=12 rte=0x0000000000000024
compositor: frames=10 rects=10 damage_px=1243648 damage_px_max=616192 composite_us_min=3 composite_us_max=1546 composite_us_total=3199 scanout_wr_bytes=4974592 scanout_blits=10 back_rd_bytes=75768 cursor=0 windows=1
[kernel 387.415 cpu3] heartbeat: t=387.415s alive=8/8 mask=0xff ran=14 gap=0.261s
[kernel 387.415 cpu3] i8042: line status=0x1c irqs=7289 bytes=7289 kbd gsi=1 rte=0x0000000000000024 aux gsi=12 rte=0x0000000000000024
[kernel 387.678 cpu3] heartbeat: t=387.678s alive=8/8 mask=0xff ran=15 gap=0.262s
[kernel 387.678 cpu3] i8042: line status=0x1c irqs=7289 bytes=7289 kbd gsi=1 rte=0x0000000000000024 aux gsi=12 rte=0x0000000000000024
[kernel 387.940 cpu3] heartbeat: t=387.940s alive=8/8 mask=0xff ran=15 gap=0.262s
[kernel 387.940 cpu3] i8042: line status=0x1c irqs=7289 bytes=7289 kbd gsi=1 rte=0x0000000000000024 aux gsi=12 rte=0x0000000000000024
[kernel 388.201 cpu3] heartbeat: t=388.201s alive=8/8 mask=0xff ran=15 gap=0.260s
[kernel 388.201 cpu3] i8042: line status=0x1c irqs=7289 bytes=7289 kbd gsi=1 rte=0x0000000000000024 aux gsi=12 rte=0x0000000000000024
[kernel 388.457 cpu3] heartbeat: t=388.457s alive=8/8 mask=0xff ran=15 gap=0.256s
[kernel 388.457 cpu3] i8042: line status=0x1c irqs=7289 bytes=7289 kbd gsi=1 rte=0x0000000000000024 aux gsi=12 rte=0x0000000000000024
[kernel 388.718 cpu0] heartbeat: t=388.718s alive=8/8 mask=0xff ran=12 gap=0.260s
[kernel 388.718 cpu0] i8042: line status=0x1c irqs=7289 bytes=7289 kbd gsi=1 rte=0x0000000000000024 aux gsi=12 rte=0x0000000000000024
[kernel 388.968 cpu3] heartbeat: t=388.968s alive=8/8 mask=0xff ran=15 gap=0.250s
[kernel 388.968 cpu3] i8042: line status=0x1c irqs=7289 bytes=7289 kbd gsi=1 rte=0x0000000000000024 aux gsi=12 rte=0x0000000000000024
compositor: frames=2 rects=2 damage_px=18944 damage_px_max=9472 composite_us_min=74 composite_us_max=77 composite_us_total=152 scanout_wr_bytes=75776 scanout_blits=2 back_rd_bytes=75768 cursor=0 windows=1
[kernel 389.218 cpu0] heartbeat: t=389.218s alive=8/8 mask=0xff ran=11 gap=0.250s
[kernel 389.218 cpu0] i8042: line status=0x1c irqs=7289 bytes=7289 kbd gsi=1 rte=0x0000000000000024 aux gsi=12 rte=0x0000000000000024
[kernel 389.474 cpu3] heartbeat: t=389.474s alive=8/8 mask=0xff ran=14 gap=0.255s
[kernel 389.474 cpu3] i8042: line status=0x1c irqs=7289 bytes=7289 kbd gsi=1 rte=0x0000000000000024 aux gsi=12 rte=0x0000000000000024
[kernel 389.727 cpu3] heartbeat: t=389.727s alive=8/8 mask=0xff ran=13 gap=0.253s
[kernel 389.727 cpu3] i8042: line status=0x1c irqs=7289 bytes=7289 kbd gsi=1 rte=0x0000000000000024 aux gsi=12 rte=0x0000000000000024
[kernel 389.987 cpu3] heartbeat: t=389.987s alive=8/8 mask=0xff ran=13 gap=0.259s
[kernel 389.987 cpu3] i8042: line status=0x1c irqs=7289 bytes=7289 kbd gsi=1 rte=0x0000000000000024 aux gsi=12 rte=0x0000000000000024
[kernel 390.240 cpu4] heartbeat: t=390.240s alive=8/8 mask=0xff ran=14 gap=0.253s
[kernel 390.240 cpu4] i8042: line status=0x1c irqs=7289 bytes=7289 kbd gsi=1 rte=0x0000000000000024 aux gsi=12 rte=0x0000000000000024
[kernel 390.502 cpu3] heartbeat: t=390.502s alive=8/8 mask=0xff ran=15 gap=0.261s
[kernel 390.502 cpu3] i8042: line status=0x1c irqs=7289 bytes=7289 kbd gsi=1 rte=0x0000000000000024 aux gsi=12 rte=0x0000000000000024
[kernel 390.755 cpu3] heartbeat: t=390.755s alive=8/8 mask=0xff ran=13 gap=0.252s
[kernel 390.755 cpu3] i8042: line status=0x1c irqs=7289 bytes=7289 kbd gsi=1 rte=0x0000000000000024 aux gsi=12 rte=0x0000000000000024
[kernel 391.016 cpu3] heartbeat: t=391.016s alive=8/8 mask=0xff ran=14 gap=0.261s
[kernel 391.016 cpu3] i8042: line status=0x1c irqs=7289 bytes=7289 kbd gsi=1 rte=0x0000000000000024 aux gsi=12 rte=0x0000000000000024
compositor: frames=2 rects=2 damage_px=18944 damage_px_max=9472 composite_us_min=69 composite_us_max=74 composite_us_total=144 scanout_wr_bytes=75776 scanout_blits=2 back_rd_bytes=75768 cursor=0 windows=1
[kernel 391.269 cpu3] heartbeat: t=391.269s alive=8/8 mask=0xff ran=13 gap=0.252s
[kernel 391.269 cpu3] i8042: line status=0x1c irqs=7289 bytes=7289 kbd gsi=1 rte=0x0000000000000024 aux gsi=12 rte=0x0000000000000024
[kernel 391.370 cpu3] PMM: 186/15962MB used (7888 pages free)
[kernel 391.370 cpu3]   kernel-heap  alloc=     6 free=     0 held=     6 (12MB) rate=0/s
[kernel 391.370 cpu3]   demand-page  alloc=    46 free=    40 held=     6 (12MB) rate=0/s
[kernel 391.370 cpu3]   mmap         alloc=   244 free=   216 held=    28 (56MB) rate=6/s
[kernel 391.370 cpu3]   shared-mem   alloc=    41 free=    32 held=     9 (18MB) rate=0/s
[kernel 391.370 cpu3]   pipe         alloc=    50 free=    44 held=     6 (12MB) rate=0/s
[kernel 391.370 cpu3]   elf          alloc=    44 free=    39 held=     5 (10MB) rate=0/s
[kernel 391.370 cpu3]   dma          alloc=     6 free=     0 held=     6 (12MB) rate=0/s
[kernel 391.370 cpu3]   framebuffer  alloc=     1 free=     0 held=     1 (2MB) rate=0/s
[kernel 391.370 cpu3]   stack        alloc=   160 free=   140 held=    20 (40MB) rate=0/s
[kernel 391.370 cpu3]   init-tls     alloc=    53 free=    47 held=     6 (12MB) rate=0/s
[kernel 391.534 cpu3] heartbeat: t=391.534s alive=8/8 mask=0xff ran=14 gap=0.264s
[kernel 391.534 cpu3] i8042: line status=0x1c irqs=7289 bytes=7289 kbd gsi=1 rte=0x0000000000000024 aux gsi=12 rte=0x0000000000000024
[kernel 391.790 cpu3] heartbeat: t=391.790s alive=8/8 mask=0xff ran=15 gap=0.256s
[kernel 391.790 cpu3] i8042: line status=0x1c irqs=7289 bytes=7289 kbd gsi=1 rte=0x0000000000000024 aux gsi=12 rte=0x0000000000000024
[kernel 391.820 cpu0] sched: cpu=0 ready=0 parked=1 current=None
[kernel 391.850 cpu3] sched: cpu=3 ready=0 parked=2 current=None
[kernel 392.055 cpu0] heartbeat: t=392.055s alive=8/8 mask=0xff ran=10 gap=0.265s
[kernel 392.055 cpu0] i8042: line status=0x1c irqs=7289 bytes=7289 kbd gsi=1 rte=0x0000000000000024 aux gsi=12 rte=0x0000000000000024
[kernel 392.306 cpu3] heartbeat: t=392.306s alive=8/8 mask=0xff ran=15 gap=0.250s
[kernel 392.306 cpu3] i8042: line status=0x1c irqs=7289 bytes=7289 kbd gsi=1 rte=0x0000000000000024 aux gsi=12 rte=0x0000000000000024
[kernel 392.558 cpu0] heartbeat: t=392.558s alive=8/8 mask=0xff ran=12 gap=0.251s
[kernel 392.558 cpu0] i8042: line status=0x1c irqs=7289 bytes=7289 kbd gsi=1 rte=0x0000000000000024 aux gsi=12 rte=0x0000000000000024
[kernel 392.808 cpu3] heartbeat: t=392.808s alive=8/8 mask=0xff ran=15 gap=0.250s
[kernel 392.808 cpu3] i8042: line status=0x1c irqs=7289 bytes=7289 kbd gsi=1 rte=0x0000000000000024 aux gsi=12 rte=0x0000000000000024
[kernel 392.819 cpu5] sched: cpu=5 ready=0 parked=1 current=None
[kernel 392.902 cpu4] sched: cpu=4 ready=0 parked=2 current=None
[kernel 393.019 cpu1] sched: cpu=1 ready=0 parked=0 current=None
[kernel 393.055 cpu2] sched: cpu=2 ready=0 parked=0 current=None
[kernel 393.058 cpu0] heartbeat: t=393.058s alive=8/8 mask=0xff ran=13 gap=0.250s
[kernel 393.058 cpu0] i8042: line status=0x1c irqs=7289 bytes=7289 kbd gsi=1 rte=0x0000000000000024 aux gsi=12 rte=0x0000000000000024
[kernel 393.218 cpu7] sched: cpu=7 ready=0 parked=0 current=None
compositor: frames=2 rects=2 damage_px=18944 damage_px_max=9472 composite_us_min=68 composite_us_max=72 composite_us_total=140 scanout_wr_bytes=75776 scanout_blits=2 back_rd_bytes=75768 cursor=0 windows=1
[kernel 393.255 cpu6] sched: cpu=6 ready=0 parked=0 current=None
[kernel 393.322 cpu3] heartbeat: t=393.322s alive=8/8 mask=0xff ran=15 gap=0.263s
[kernel 393.322 cpu3] i8042: line status=0x1c irqs=7289 bytes=7289 kbd gsi=1 rte=0x0000000000000024 aux gsi=12 rte=0x0000000000000024
[kernel 393.575 cpu3] heartbeat: t=393.575s alive=8/8 mask=0xff ran=13 gap=0.252s
[kernel 393.575 cpu3] i8042: line status=0x1c irqs=7289 bytes=7289 kbd gsi=1 rte=0x0000000000000024 aux gsi=12 rte=0x0000000000000024
[kernel 393.831 cpu3] heartbeat: t=393.831s alive=8/8 mask=0xff ran=14 gap=0.256s
[kernel 393.831 cpu3] i8042: line status=0x1c irqs=7289 bytes=7289 kbd gsi=1 rte=0x0000000000000024 aux gsi=12 rte=0x0000000000000024
[kernel 393.842 cpu0] i8042: 7289 interrupts, 7289 bytes, 1392 keys, 1797 motion, 90 undecoded, 0 discarded, 0 overruns, 0 dropped, 0 lost edges — last byte at 386833ms
[kernel 394.096 cpu3] heartbeat: t=394.096s alive=8/8 mask=0xff ran=14 gap=0.264s
[kernel 394.096 cpu3] i8042: line status=0x1c irqs=7289 bytes=7289 kbd gsi=1 rte=0x0000000000000024 aux gsi=12 rte=0x0000000000000024
[kernel 394.347 cpu3] heartbeat: t=394.347s alive=8/8 mask=0xff ran=14 gap=0.250s
[kernel 394.347 cpu3] i8042: line status=0x1c irqs=7289 bytes=7289 kbd gsi=1 rte=0x0000000000000024 aux gsi=12 rte=0x0000000000000024
[kernel 394.606 cpu3] heartbeat: t=394.606s alive=8/8 mask=0xff ran=14 gap=0.259s
[kernel 394.606 cpu3] i8042: line status=0x1c irqs=7289 bytes=7289 kbd gsi=1 rte=0x0000000000000024 aux gsi=12 rte=0x0000000000000024
[kernel 394.862 cpu7] heartbeat: t=394.862s alive=8/8 mask=0xff ran=15 gap=0.256s
[kernel 394.862 cpu7] i8042: line status=0x1c irqs=7289 bytes=7289 kbd gsi=1 rte=0x0000000000000024 aux gsi=12 rte=0x0000000000000024
[kernel 395.118 cpu3] heartbeat: t=395.118s alive=8/8 mask=0xff ran=15 gap=0.256s
[kernel 395.118 cpu3] i8042: line status=0x1c irqs=7289 bytes=7289 kbd gsi=1 rte=0x0000000000000024 aux gsi=12 rte=0x0000000000000024
compositor: frames=2 rects=2 damage_px=18944 damage_px_max=9472 composite_us_min=69 composite_us_max=72 composite_us_total=142 scanout_wr_bytes=75776 scanout_blits=2 back_rd_bytes=75768 cursor=0 windows=1
[kernel 395.374 cpu7] heartbeat: t=395.374s alive=8/8 mask=0xff ran=15 gap=0.255s
[kernel 395.374 cpu7] i8042: line status=0x1c irqs=7289 bytes=7289 kbd gsi=1 rte=0x0000000000000024 aux gsi=12 rte=0x0000000000000024
[kernel 395.625 cpu3] heartbeat: t=395.625s alive=8/8 mask=0xff ran=15 gap=0.251s
[kernel 395.625 cpu3] i8042: line status=0x1c irqs=7289 bytes=7289 kbd gsi=1 rte=0x0000000000000024 aux gsi=12 rte=0x0000000000000024
[kernel 395.878 cpu0] heartbeat: t=395.878s alive=8/8 mask=0xff ran=12 gap=0.252s
[kernel 395.878 cpu0] i8042: line status=0x1c irqs=7289 bytes=7289 kbd gsi=1 rte=0x0000000000000024 aux gsi=12 rte=0x0000000000000024
[kernel 396.128 cpu3] heartbeat: t=396.128s alive=8/8 mask=0xff ran=15 gap=0.250s
[kernel 396.128 cpu3] i8042: line status=0x1c irqs=7289 bytes=7289 kbd gsi=1 rte=0x0000000000000024 aux gsi=12 rte=0x0000000000000024
[kernel 396.379 cpu4] heartbeat: t=396.379s alive=8/8 mask=0xff ran=13 gap=0.250s
[kernel 396.379 cpu4] i8042: line status=0x1c irqs=7289 bytes=7289 kbd gsi=1 rte=0x0000000000000024 aux gsi=12 rte=0x0000000000000024
[kernel 396.634 cpu3] heartbeat: t=396.634s alive=8/8 mask=0xff ran=15 gap=0.254s
[kernel 396.634 cpu3] i8042: line status=0x1c irqs=7289 bytes=7289 kbd gsi=1 rte=0x0000000000000024 aux gsi=12 rte=0x0000000000000024
[kernel 396.894 cpu3] heartbeat: t=396.894s alive=8/8 mask=0xff ran=13 gap=0.260s
[kernel 396.894 cpu3] i8042: line status=0x1c irqs=7289 bytes=7289 kbd gsi=1 rte=0x0000000000000024 aux gsi=12 rte=0x0000000000000024
[kernel 397.146 cpu0] heartbeat: t=397.146s alive=8/8 mask=0xff ran=12 gap=0.251s
[kernel 397.146 cpu0] i8042: line status=0x1c irqs=7289 bytes=7289 kbd gsi=1 rte=0x0000000000000024 aux gsi=12 rte=0x0000000000000024
compositor: frames=2 rects=2 damage_px=18944 damage_px_max=9472 composite_us_min=58 composite_us_max=69 composite_us_total=127 scanout_wr_bytes=75776 scanout_blits=2 back_rd_bytes=75768 cursor=0 windows=1
[kernel 397.398 cpu0] heartbeat: t=397.398s alive=8/8 mask=0xff ran=14 gap=0.251s
[kernel 397.398 cpu0] i8042: line status=0x1c irqs=7289 bytes=7289 kbd gsi=1 rte=0x0000000000000024 aux gsi=12 rte=0x0000000000000024
[kernel 397.648 cpu3] heartbeat: t=397.648s alive=8/8 mask=0xff ran=15 gap=0.250s
[kernel 397.648 cpu3] i8042: line status=0x1c irqs=7289 bytes=7289 kbd gsi=1 rte=0x0000000000000024 aux gsi=12 rte=0x0000000000000024
[kernel 397.904 cpu3] heartbeat: t=397.904s alive=8/8 mask=0xff ran=14 gap=0.256s
[kernel 397.904 cpu3] i8042: line status=0x1c irqs=7289 bytes=7289 kbd gsi=1 rte=0x0000000000000024 aux gsi=12 rte=0x0000000000000024
[kernel 398.163 cpu6] heartbeat: t=398.163s alive=8/8 mask=0xff ran=14 gap=0.258s
[kernel 398.163 cpu6] i8042: line status=0x1c irqs=7289 bytes=7289 kbd gsi=1 rte=0x0000000000000024 aux gsi=12 rte=0x0000000000000024
[kernel 398.417 cpu3] heartbeat: t=398.417s alive=8/8 mask=0xff ran=14 gap=0.254s
[kernel 398.417 cpu3] i8042: line status=0x1c irqs=7289 bytes=7289 kbd gsi=1 rte=0x0000000000000024 aux gsi=12 rte=0x0000000000000024
[kernel 398.678 cpu3] heartbeat: t=398.678s alive=8/8 mask=0xff ran=14 gap=0.260s
[kernel 398.678 cpu3] i8042: line status=0x1c irqs=7289 bytes=7289 kbd gsi=1 rte=0x0000000000000024 aux gsi=12 rte=0x0000000000000024
[kernel 398.934 cpu7] heartbeat: t=398.934s alive=8/8 mask=0xff ran=15 gap=0.256s
[kernel 398.934 cpu7] i8042: line status=0x1c irqs=7289 bytes=7289 kbd gsi=1 rte=0x0000000000000024 aux gsi=12 rte=0x0000000000000024
[kernel 399.194 cpu3] heartbeat: t=399.194s alive=8/8 mask=0xff ran=15 gap=0.259s
[kernel 399.194 cpu3] i8042: line status=0x1c irqs=7289 bytes=7289 kbd gsi=1 rte=0x0000000000000024 aux gsi=12 rte=0x0000000000000024
compositor: frames=2 rects=2 damage_px=18944 damage_px_max=9472 composite_us_min=66 composite_us_max=71 composite_us_total=137 scanout_wr_bytes=75776 scanout_blits=2 back_rd_bytes=75768 cursor=0 windows=1
[kernel 399.446 cpu7] heartbeat: t=399.446s alive=8/8 mask=0xff ran=15 gap=0.252s
[kernel 399.446 cpu7] i8042: line status=0x1c irqs=7289 bytes=7289 kbd gsi=1 rte=0x0000000000000024 aux gsi=12 rte=0x0000000000000024
[kernel 399.705 cpu3] heartbeat: t=399.705s alive=8/8 mask=0xff ran=15 gap=0.259s
[kernel 399.705 cpu3] i8042: line status=0x1c irqs=7289 bytes=7289 kbd gsi=1 rte=0x0000000000000024 aux gsi=12 rte=0x0000000000000024
[kernel 399.963 cpu1] heartbeat: t=399.963s alive=8/8 mask=0xff ran=12 gap=0.257s
[kernel 399.963 cpu1] i8042: line status=0x1c irqs=7289 bytes=7289 kbd gsi=1 rte=0x0000000000000024 aux gsi=12 rte=0x0000000000000024
[kernel 400.215 cpu1] heartbeat: t=400.215s alive=8/8 mask=0xff ran=15 gap=0.252s
[kernel 400.215 cpu1] i8042: line status=0x1c irqs=7289 bytes=7289 kbd gsi=1 rte=0x0000000000000024 aux gsi=12 rte=0x0000000000000024
[kernel 400.467 cpu3] heartbeat: t=400.467s alive=8/8 mask=0xff ran=15 gap=0.251s
[kernel 400.467 cpu3] i8042: line status=0x1c irqs=7289 bytes=7289 kbd gsi=1 rte=0x0000000000000024 aux gsi=12 rte=0x0000000000000024
[kernel 400.726 cpu4] heartbeat: t=400.726s alive=8/8 mask=0xff ran=13 gap=0.259s
[kernel 400.726 cpu4] i8042: line status=0x1c irqs=7289 bytes=7289 kbd gsi=1 rte=0x0000000000000024 aux gsi=12 rte=0x0000000000000024
[kernel 400.982 cpu3] heartbeat: t=400.982s alive=8/8 mask=0xff ran=15 gap=0.255s
[kernel 400.982 cpu3] i8042: line status=0x1c irqs=7289 bytes=7289 kbd gsi=1 rte=0x0000000000000024 aux gsi=12 rte=0x0000000000000024
[kernel 401.242 cpu3] heartbeat: t=401.242s alive=8/8 mask=0xff ran=13 gap=0.259s
[kernel 401.242 cpu3] i8042: line status=0x1c irqs=7289 bytes=7289 kbd gsi=1 rte=0x0000000000000024 aux gsi=12 rte=0x0000000000000024
compositor: frames=2 rects=2 damage_px=18944 damage_px_max=9472 composite_us_min=62 composite_us_max=72 composite_us_total=134 scanout_wr_bytes=75776 scanout_blits=2 back_rd_bytes=75768 cursor=0 windows=1
[kernel 401.383 cpu3] PMM: 186/15962MB used (7888 pages free)
[kernel 401.383 cpu3]   kernel-heap  alloc=     6 free=     0 held=     6 (12MB) rate=0/s
[kernel 401.383 cpu3]   demand-page  alloc=    46 free=    40 held=     6 (12MB) rate=0/s
[kernel 401.383 cpu3]   mmap         alloc=   244 free=   216 held=    28 (56MB) rate=0/s
[kernel 401.383 cpu3]   shared-mem   alloc=    41 free=    32 held=     9 (18MB) rate=0/s
[kernel 401.383 cpu3]   pipe         alloc=    50 free=    44 held=     6 (12MB) rate=0/s
[kernel 401.383 cpu3]   elf          alloc=    44 free=    39 held=     5 (10MB) rate=0/s
[kernel 401.383 cpu3]   dma          alloc=     6 free=     0 held=     6 (12MB) rate=0/s
[kernel 401.383 cpu3]   framebuffer  alloc=     1 free=     0 held=     1 (2MB) rate=0/s
[kernel 401.383 cpu3]   stack        alloc=   160 free=   140 held=    20 (40MB) rate=0/s
[kernel 401.383 cpu3]   init-tls     alloc=    53 free=    47 held=     6 (12MB) rate=0/s
[kernel 401.501 cpu3] heartbeat: t=401.501s alive=8/8 mask=0xff ran=10 gap=0.258s
[kernel 401.501 cpu3] i8042: line status=0x1c irqs=7289 bytes=7289 kbd gsi=1 rte=0x0000000000000024 aux gsi=12 rte=0x0000000000000024
[kernel 401.752 cpu3] heartbeat: t=401.752s alive=8/8 mask=0xff ran=14 gap=0.250s
[kernel 401.752 cpu3] i8042: line status=0x1c irqs=7289 bytes=7289 kbd gsi=1 rte=0x0000000000000024 aux gsi=12 rte=0x0000000000000024
[kernel 401.852 cpu3] sched: cpu=3 ready=0 parked=2 current=None
[kernel 401.853 cpu0] sched: cpu=0 ready=0 parked=1 current=None
[kernel 402.011 cpu3] heartbeat: t=402.011s alive=8/8 mask=0xff ran=13 gap=0.259s
[kernel 402.011 cpu3] i8042: line status=0x1c irqs=7289 bytes=7289 kbd gsi=1 rte=0x0000000000000024 aux gsi=12 rte=0x0000000000000024
[kernel 402.274 cpu3] heartbeat: t=402.274s alive=8/8 mask=0xff ran=15 gap=0.262s
[kernel 402.274 cpu3] i8042: line status=0x1c irqs=7289 bytes=7289 kbd gsi=1 rte=0x0000000000000024 aux gsi=12 rte=0x0000000000000024
[kernel 402.534 cpu3] heartbeat: t=402.534s alive=8/8 mask=0xff ran=15 gap=0.260s
[kernel 402.534 cpu3] i8042: line status=0x1c irqs=7289 bytes=7289 kbd gsi=1 rte=0x0000000000000024 aux gsi=12 rte=0x0000000000000024
[kernel 402.790 cpu4] heartbeat: t=402.790s alive=8/8 mask=0xff ran=15 gap=0.255s
[kernel 402.790 cpu4] i8042: line status=0x1c irqs=7289 bytes=7289 kbd gsi=1 rte=0x0000000000000024 aux gsi=12 rte=0x0000000000000024
[kernel 402.884 cpu5] sched: cpu=5 ready=0 parked=1 current=None
[kernel 402.996 cpu4] sched: cpu=4 ready=0 parked=2 current=None
[kernel 403.040 cpu0] heartbeat: t=403.040s alive=8/8 mask=0xff ran=15 gap=0.250s
[kernel 403.040 cpu0] i8042: line status=0x1c irqs=7289 bytes=7289 kbd gsi=1 rte=0x0000000000000024 aux gsi=12 rte=0x0000000000000024
[kernel 403.078 cpu1] sched: cpu=1 ready=0 parked=0 current=None
[kernel 403.084 cpu2] sched: cpu=2 ready=0 parked=0 current=None
[kernel 403.253 cpu7] sched: cpu=7 ready=0 parked=0 current=None
[kernel 403.290 cpu0] heartbeat: t=403.290s alive=8/8 mask=0xff ran=15 gap=0.250s
[kernel 403.290 cpu0] i8042: line status=0x1c irqs=7289 bytes=7289 kbd gsi=1 rte=0x0000000000000024 aux gsi=12 rte=0x0000000000000024
[kernel 403.301 cpu6] sched: cpu=6 ready=0 parked=0 current=None
compositor: frames=2 rects=2 damage_px=18944 damage_px_max=9472 composite_us_min=61 composite_us_max=68 composite_us_total=129 scanout_wr_bytes=75776 scanout_blits=2 back_rd_bytes=75768 cursor=0 windows=1
[kernel 403.543 cpu1] heartbeat: t=403.543s alive=8/8 mask=0xff ran=13 gap=0.253s
[kernel 403.543 cpu1] i8042: line status=0x1c irqs=7289 bytes=7289 kbd gsi=1 rte=0x0000000000000024 aux gsi=12 rte=0x0000000000000024
[kernel 403.795 cpu4] heartbeat: t=403.795s alive=8/8 mask=0xff ran=15 gap=0.251s
[kernel 403.795 cpu4] i8042: line status=0x1c irqs=7289 bytes=7289 kbd gsi=1 rte=0x0000000000000024 aux gsi=12 rte=0x0000000000000024
[kernel 404.048 cpu6] heartbeat: t=404.048s alive=8/8 mask=0xff ran=15 gap=0.252s
[kernel 404.048 cpu6] i8042: line status=0x1c irqs=7289 bytes=7289 kbd gsi=1 rte=0x0000000000000024 aux gsi=12 rte=0x0000000000000024
[kernel 404.299 cpu3] heartbeat: t=404.299s alive=8/8 mask=0xff ran=15 gap=0.251s
[kernel 404.299 cpu3] i8042: line status=0x1c irqs=7289 bytes=7289 kbd gsi=1 rte=0x0000000000000024 aux gsi=12 rte=0x0000000000000024
[kernel 404.561 cpu3] heartbeat: t=404.561s alive=8/8 mask=0xff ran=14 gap=0.261s
[kernel 404.561 cpu3] i8042: line status=0x1c irqs=7289 bytes=7289 kbd gsi=1 rte=0x0000000000000024 aux gsi=12 rte=0x0000000000000024
[kernel 404.813 cpu3] heartbeat: t=404.813s alive=8/8 mask=0xff ran=13 gap=0.252s
[kernel 404.813 cpu3] i8042: line status=0x1c irqs=7289 bytes=7289 kbd gsi=1 rte=0x0000000000000024 aux gsi=12 rte=0x0000000000000024
[kernel 405.070 cpu3] heartbeat: t=405.070s alive=8/8 mask=0xff ran=14 gap=0.256s
[kernel 405.070 cpu3] i8042: line status=0x1c irqs=7289 bytes=7289 kbd gsi=1 rte=0x0000000000000024 aux gsi=12 rte=0x0000000000000024
[kernel 405.326 cpu3] heartbeat: t=405.326s alive=8/8 mask=0xff ran=14 gap=0.256s
[kernel 405.326 cpu3] i8042: line status=0x1c irqs=7289 bytes=7289 kbd gsi=1 rte=0x0000000000000024 aux gsi=12 rte=0x0000000000000024
compositor: frames=2 rects=2 damage_px=18944 damage_px_max=9472 composite_us_min=68 composite_us_max=69 composite_us_total=137 scanout_wr_bytes=75776 scanout_blits=2 back_rd_bytes=75768 cursor=0 windows=1
[kernel 405.580 cpu1] heartbeat: t=405.580s alive=8/8 mask=0xff ran=14 gap=0.254s
[kernel 405.580 cpu1] i8042: line status=0x1c irqs=7289 bytes=7289 kbd gsi=1 rte=0x0000000000000024 aux gsi=12 rte=0x0000000000000024
[kernel 405.838 cpu4] heartbeat: t=405.838s alive=8/8 mask=0xff ran=15 gap=0.258s
[kernel 405.838 cpu4] i8042: line status=0x1c irqs=7289 bytes=7289 kbd gsi=1 rte=0x0000000000000024 aux gsi=12 rte=0x0000000000000024
[kernel 406.089 cpu6] heartbeat: t=406.089s alive=8/8 mask=0xff ran=15 gap=0.250s
[kernel 406.089 cpu6] i8042: line status=0x1c irqs=7289 bytes=7289 kbd gsi=1 rte=0x0000000000000024 aux gsi=12 rte=0x0000000000000024
[kernel 406.342 cpu3] heartbeat: t=406.342s alive=8/8 mask=0xff ran=15 gap=0.252s
[kernel 406.342 cpu3] i8042: line status=0x1c irqs=7289 bytes=7289 kbd gsi=1 rte=0x0000000000000024 aux gsi=12 rte=0x0000000000000024
[kernel 406.595 cpu1] heartbeat: t=406.595s alive=8/8 mask=0xff ran=15 gap=0.253s
[kernel 406.595 cpu1] i8042: line status=0x1c irqs=7289 bytes=7289 kbd gsi=1 rte=0x0000000000000024 aux gsi=12 rte=0x0000000000000024
[kernel 406.853 cpu3] heartbeat: t=406.853s alive=8/8 mask=0xff ran=15 gap=0.257s
[kernel 406.853 cpu3] i8042: line status=0x1c irqs=7289 bytes=7289 kbd gsi=1 rte=0x0000000000000024 aux gsi=12 rte=0x0000000000000024
[kernel 407.103 cpu6] heartbeat: t=407.103s alive=8/8 mask=0xff ran=12 gap=0.250s
[kernel 407.103 cpu6] i8042: line status=0x1c irqs=7289 bytes=7289 kbd gsi=1 rte=0x0000000000000024 aux gsi=12 rte=0x0000000000000024
[kernel 407.358 cpu6] heartbeat: t=407.358s alive=8/8 mask=0xff ran=15 gap=0.254s
[kernel 407.358 cpu6] i8042: line status=0x1c irqs=7289 bytes=7289 kbd gsi=1 rte=0x0000000000000024 aux gsi=12 rte=0x0000000000000024
compositor: frames=2 rects=2 damage_px=18944 damage_px_max=9472 composite_us_min=62 composite_us_max=67 composite_us_total=129 scanout_wr_bytes=75776 scanout_blits=2 back_rd_bytes=75768 cursor=0 windows=1
[kernel 407.609 cpu7] heartbeat: t=407.609s alive=8/8 mask=0xff ran=13 gap=0.251s
[kernel 407.609 cpu7] i8042: line status=0x1c irqs=7289 bytes=7289 kbd gsi=1 rte=0x0000000000000024 aux gsi=12 rte=0x0000000000000024
[kernel 407.864 cpu3] heartbeat: t=407.864s alive=8/8 mask=0xff ran=15 gap=0.255s
[kernel 407.864 cpu3] i8042: line status=0x1c irqs=7289 bytes=7289 kbd gsi=1 rte=0x0000000000000024 aux gsi=12 rte=0x0000000000000024
[kernel 408.118 cpu3] heartbeat: t=408.118s alive=8/8 mask=0xff ran=13 gap=0.253s
[kernel 408.118 cpu3] i8042: line status=0x1c irqs=7289 bytes=7289 kbd gsi=1 rte=0x0000000000000024 aux gsi=12 rte=0x0000000000000024
[kernel 408.378 cpu3] heartbeat: t=408.378s alive=8/8 mask=0xff ran=13 gap=0.259s
[kernel 408.378 cpu3] i8042: line status=0x1c irqs=7289 bytes=7289 kbd gsi=1 rte=0x0000000000000024 aux gsi=12 rte=0x0000000000000024
[kernel 408.636 cpu3] heartbeat: t=408.636s alive=8/8 mask=0xff ran=13 gap=0.258s
[kernel 408.636 cpu3] i8042: line status=0x1c irqs=7289 bytes=7289 kbd gsi=1 rte=0x0000000000000024 aux gsi=12 rte=0x0000000000000024
[kernel 408.898 cpu3] heartbeat: t=408.898s alive=8/8 mask=0xff ran=14 gap=0.261s
[kernel 408.898 cpu3] i8042: line status=0x1c irqs=7289 bytes=7289 kbd gsi=1 rte=0x0000000000000024 aux gsi=12 rte=0x0000000000000024
[kernel 409.151 cpu3] heartbeat: t=409.151s alive=8/8 mask=0xff ran=13 gap=0.253s
[kernel 409.151 cpu3] i8042: line status=0x1c irqs=7289 bytes=7289 kbd gsi=1 rte=0x0000000000000024 aux gsi=12 rte=0x0000000000000024
[kernel 409.407 cpu3] heartbeat: t=409.407s alive=8/8 mask=0xff ran=14 gap=0.256s
[kernel 409.407 cpu3] i8042: line status=0x1c irqs=7289 bytes=7289 kbd gsi=1 rte=0x0000000000000024 aux gsi=12 rte=0x0000000000000024
compositor: frames=2 rects=2 damage_px=18944 damage_px_max=9472 composite_us_min=61 composite_us_max=62 composite_us_total=124 scanout_wr_bytes=75776 scanout_blits=2 back_rd_bytes=75768 cursor=0 windows=1
[kernel 409.658 cpu7] heartbeat: t=409.658s alive=8/8 mask=0xff ran=13 gap=0.251s
[kernel 409.658 cpu7] i8042: line status=0x1c irqs=7289 bytes=7289 kbd gsi=1 rte=0x0000000000000024 aux gsi=12 rte=0x0000000000000024
[kernel 409.910 cpu5] heartbeat: t=409.910s alive=8/8 mask=0xff ran=15 gap=0.251s
[kernel 409.910 cpu5] i8042: line status=0x1c irqs=7289 bytes=7289 kbd gsi=1 rte=0x0000000000000024 aux gsi=12 rte=0x0000000000000024
[kernel 410.161 cpu3] heartbeat: t=410.161s alive=8/8 mask=0xff ran=15 gap=0.251s
[kernel 410.161 cpu3] i8042: line status=0x1c irqs=7289 bytes=7289 kbd gsi=1 rte=0x0000000000000024 aux gsi=12 rte=0x0000000000000024
[kernel 410.423 cpu3] heartbeat: t=410.423s alive=8/8 mask=0xff ran=15 gap=0.262s
[kernel 410.423 cpu3] i8042: line status=0x1c irqs=7289 bytes=7289 kbd gsi=1 rte=0x0000000000000024 aux gsi=12 rte=0x0000000000000024
[kernel 410.675 cpu1] heartbeat: t=410.675s alive=8/8 mask=0xff ran=15 gap=0.251s
[kernel 410.675 cpu1] i8042: line status=0x1c irqs=7289 bytes=7289 kbd gsi=1 rte=0x0000000000000024 aux gsi=12 rte=0x0000000000000024
[kernel 410.936 cpu3] heartbeat: t=410.936s alive=8/8 mask=0xff ran=15 gap=0.260s
[kernel 410.936 cpu3] i8042: line status=0x1c irqs=7289 bytes=7289 kbd gsi=1 rte=0x0000000000000024 aux gsi=12 rte=0x0000000000000024
[kernel 411.192 cpu4] heartbeat: t=411.192s alive=8/8 mask=0xff ran=14 gap=0.256s
[kernel 411.192 cpu4] i8042: line status=0x1c irqs=7289 bytes=7289 kbd gsi=1 rte=0x0000000000000024 aux gsi=12 rte=0x0000000000000024
[kernel 411.386 cpu1] PMM: 186/15962MB used (7888 pages free)
[kernel 411.386 cpu1]   kernel-heap  alloc=     6 free=     0 held=     6 (12MB) rate=0/s
[kernel 411.386 cpu1]   demand-page  alloc=    46 free=    40 held=     6 (12MB) rate=0/s
[kernel 411.386 cpu1]   mmap         alloc=   244 free=   216 held=    28 (56MB) rate=0/s
[kernel 411.386 cpu1]   shared-mem   alloc=    41 free=    32 held=     9 (18MB) rate=0/s
[kernel 411.386 cpu1]   pipe         alloc=    50 free=    44 held=     6 (12MB) rate=0/s
[kernel 411.386 cpu1]   elf          alloc=    44 free=    39 held=     5 (10MB) rate=0/s
[kernel 411.386 cpu1]   dma          alloc=     6 free=     0 held=     6 (12MB) rate=0/s
[kernel 411.386 cpu1]   framebuffer  alloc=     1 free=     0 held=     1 (2MB) rate=0/s
[kernel 411.386 cpu1]   stack        alloc=   160 free=   140 held=    20 (40MB) rate=0/s
[kernel 411.386 cpu1]   init-tls     alloc=    53 free=    47 held=     6 (12MB) rate=0/s
[kernel 411.445 cpu3] heartbeat: t=411.445s alive=8/8 mask=0xff ran=15 gap=0.252s
[kernel 411.445 cpu3] i8042: line status=0x1c irqs=7289 bytes=7289 kbd gsi=1 rte=0x0000000000000024 aux gsi=12 rte=0x0000000000000024
compositor: frames=2 rects=2 damage_px=18944 damage_px_max=9472 composite_us_min=61 composite_us_max=61 composite_us_total=123 scanout_wr_bytes=75776 scanout_blits=2 back_rd_bytes=75768 cursor=0 windows=1
[kernel 411.704 cpu3] heartbeat: t=411.704s alive=8/8 mask=0xff ran=12 gap=0.259s
[kernel 411.704 cpu3] i8042: line status=0x1c irqs=7289 bytes=7289 kbd gsi=1 rte=0x0000000000000024 aux gsi=12 rte=0x0000000000000024
[kernel 411.862 cpu3] sched: cpu=3 ready=0 parked=2 current=None
[kernel 411.863 cpu0] sched: cpu=0 ready=0 parked=1 current=None
[kernel 411.967 cpu3] heartbeat: t=411.967s alive=8/8 mask=0xff ran=11 gap=0.262s
[kernel 411.967 cpu3] i8042: line status=0x1c irqs=7289 bytes=7289 kbd gsi=1 rte=0x0000000000000024 aux gsi=12 rte=0x0000000000000024
[kernel 412.220 cpu3] heartbeat: t=412.220s alive=8/8 mask=0xff ran=13 gap=0.253s
[kernel 412.220 cpu3] i8042: line status=0x1c irqs=7289 bytes=7289 kbd gsi=1 rte=0x0000000000000024 aux gsi=12 rte=0x0000000000000024
[kernel 412.476 cpu3] heartbeat: t=412.476s alive=8/8 mask=0xff ran=14 gap=0.256s
[kernel 412.476 cpu3] i8042: line status=0x1c irqs=7289 bytes=7289 kbd gsi=1 rte=0x0000000000000024 aux gsi=12 rte=0x0000000000000024
[kernel 412.732 cpu3] heartbeat: t=412.732s alive=8/8 mask=0xff ran=14 gap=0.256s
[kernel 412.732 cpu3] i8042: line status=0x1c irqs=7289 bytes=7289 kbd gsi=1 rte=0x0000000000000024 aux gsi=12 rte=0x0000000000000024
[kernel 412.953 cpu5] sched: cpu=5 ready=0 parked=1 current=None
[kernel 412.997 cpu3] heartbeat: t=412.997s alive=8/8 mask=0xff ran=14 gap=0.264s
[kernel 412.997 cpu3] i8042: line status=0x1c irqs=7289 bytes=7289 kbd gsi=1 rte=0x0000000000000024 aux gsi=12 rte=0x0000000000000024
[kernel 413.053 cpu4] sched: cpu=4 ready=0 parked=2 current=None
[kernel 413.110 cpu2] sched: cpu=2 ready=0 parked=0 current=None
[kernel 413.134 cpu1] sched: cpu=1 ready=0 parked=0 current=None
[kernel 413.248 cpu3] heartbeat: t=413.248s alive=8/8 mask=0xff ran=14 gap=0.250s
[kernel 413.248 cpu3] i8042: line status=0x1c irqs=7289 bytes=7289 kbd gsi=1 rte=0x0000000000000024 aux gsi=12 rte=0x0000000000000024
[kernel 413.300 cpu7] sched: cpu=7 ready=0 parked=0 current=None
[kernel 413.337 cpu6] sched: cpu=6 ready=0 parked=0 current=None
[kernel 413.510 cpu3] heartbeat: t=413.510s alive=8/8 mask=0xff ran=15 gap=0.262s
[kernel 413.510 cpu3] i8042: line status=0x1c irqs=7289 bytes=7289 kbd gsi=1 rte=0x0000000000000024 aux gsi=12 rte=0x0000000000000024
compositor: frames=2 rects=2 damage_px=18944 damage_px_max=9472 composite_us_min=61 composite_us_max=62 composite_us_total=124 scanout_wr_bytes=75776 scanout_blits=2 back_rd_bytes=75768 cursor=0 windows=1
[kernel 413.770 cpu5] heartbeat: t=413.770s alive=8/8 mask=0xff ran=15 gap=0.259s
[kernel 413.770 cpu5] i8042: line status=0x1c irqs=7289 bytes=7289 kbd gsi=1 rte=0x0000000000000024 aux gsi=12 rte=0x0000000000000024
[kernel 414.021 cpu3] heartbeat: t=414.021s alive=8/8 mask=0xff ran=15 gap=0.251s
[kernel 414.021 cpu3] i8042: line status=0x1c irqs=7289 bytes=7289 kbd gsi=1 rte=0x0000000000000024 aux gsi=12 rte=0x0000000000000024
[kernel 414.274 cpu0] heartbeat: t=414.274s alive=8/8 mask=0xff ran=12 gap=0.253s
[kernel 414.274 cpu0] i8042: line status=0x1c irqs=7289 bytes=7289 kbd gsi=1 rte=0x0000000000000024 aux gsi=12 rte=0x0000000000000024
[kernel 414.525 cpu3] heartbeat: t=414.525s alive=8/8 mask=0xff ran=15 gap=0.250s
[kernel 414.525 cpu3] i8042: line status=0x1c irqs=7289 bytes=7289 kbd gsi=1 rte=0x0000000000000024 aux gsi=12 rte=0x0000000000000024
[kernel 414.736 cpu0] i8042: 7290 interrupts, 7290 bytes, 1393 keys, 1797 motion, 90 undecoded, 0 discarded, 0 overruns, 0 dropped, 0 lost edges — last byte at 414736ms
[kernel 414.786 cpu3] heartbeat: t=414.786s alive=8/8 mask=0xff ran=18 gap=0.260s
[kernel 414.786 cpu3] i8042: line status=0x1c irqs=7290 bytes=7290 kbd gsi=1 rte=0x0000000000000024 aux gsi=12 rte=0x0000000000000024
[kernel 415.040 cpu3] heartbeat: t=415.040s alive=8/8 mask=0xff ran=33 gap=0.253s
[kernel 415.040 cpu3] i8042: line status=0x1c irqs=7296 bytes=7296 kbd gsi=1 rte=0x0000000000000024 aux gsi=12 rte=0x0000000000000024
[kernel 415.297 cpu0] heartbeat: t=415.297s alive=8/8 mask=0xff ran=22 gap=0.256s
[kernel 415.297 cpu0] i8042: line status=0x1c irqs=7300 bytes=7299 kbd gsi=1 rte=0x0000000000000024 aux gsi=12 rte=0x0000000000000024
[kernel 415.557 cpu3] heartbeat: t=415.557s alive=8/8 mask=0xff ran=37 gap=0.260s
[kernel 415.557 cpu3] i8042: line status=0x1c irqs=7305 bytes=7305 kbd gsi=1 rte=0x0000000000000024 aux gsi=12 rte=0x0000000000000024
compositor: frames=10 rects=10 damage_px=20992 damage_px_max=9472 composite_us_min=3 composite_us_max=62 composite_us_total=172 scanout_wr_bytes=83968 scanout_blits=10 back_rd_bytes=75768 cursor=0 windows=1
[kernel 415.810 cpu3] heartbeat: t=415.810s alive=8/8 mask=0xff ran=12 gap=0.252s
[kernel 415.810 cpu3] i8042: line status=0x1c irqs=7305 bytes=7305 kbd gsi=1 rte=0x0000000000000024 aux gsi=12 rte=0x0000000000000024
[kernel 416.070 cpu3] heartbeat: t=416.070s alive=8/8 mask=0xff ran=14 gap=0.259s
[kernel 416.070 cpu3] i8042: line status=0x1c irqs=7305 bytes=7305 kbd gsi=1 rte=0x0000000000000024 aux gsi=12 rte=0x0000000000000024
[kernel 416.323 cpu5] heartbeat: t=416.323s alive=8/8 mask=0xff ran=27 gap=0.253s
[kernel 416.323 cpu5] i8042: line status=0x1c irqs=7309 bytes=7309 kbd gsi=1 rte=0x0000000000000024 aux gsi=12 rte=0x0000000000000024
[kernel 416.587 cpu5] heartbeat: t=416.587s alive=8/8 mask=0xff ran=30 gap=0.264s
[kernel 416.587 cpu5] i8042: line status=0x1c irqs=7313 bytes=7313 kbd gsi=1 rte=0x0000000000000024 aux gsi=12 rte=0x0000000000000024
[kernel 416.840 cpu3] heartbeat: t=416.840s alive=8/8 mask=0xff ran=29 gap=0.252s
[kernel 416.840 cpu3] i8042: line status=0x1c irqs=7317 bytes=7317 kbd gsi=1 rte=0x0000000000000024 aux gsi=12 rte=0x0000000000000024
[kernel 417.101 cpu3] heartbeat: t=417.101s alive=8/8 mask=0xff ran=28 gap=0.260s
[kernel 417.101 cpu3] i8042: line status=0x1c irqs=7321 bytes=7321 kbd gsi=1 rte=0x0000000000000024 aux gsi=12 rte=0x0000000000000024
[kernel 417.355 cpu0] heartbeat: t=417.355s alive=8/8 mask=0xff ran=18 gap=0.253s
[kernel 417.355 cpu0] i8042: line status=0x1c irqs=7324 bytes=7323 kbd gsi=1 rte=0x0000000000000024 aux gsi=12 rte=0x0000000000000024
[kernel 417.572 cpu5 tid=0] ELF: 3554 relocations indexed (RELATIVE + GLOB_DAT + TPOFF)
[kernel 417.572 cpu5 tid=0] spawn: TLS 1 modules, total_memsz=144
[kernel 417.572 cpu5 tid=0] spawn: /bin/ps pid=40 tid=0 base=0x10000000000 entry=0x1000002d4f4 cr3=0x1ef1000 symbols=2048KiB (layout=0ms relocs=0ms deps=0ms tls=0ms total=1ms)
[kernel 417.573 cpu5 tid=0] syscalls: pid=40 total=16 syscall_wall=0ms 0=9 6=1 45=1 63=1
[kernel 417.573 cpu5 tid=0] memory: pid=40 peak=2MB allocs=2 frees=0
[kernel 417.573 cpu5 tid=0] exit: ps pid=40 code=0 cpu=0ms
/home/root> shutdown        ps
  PID TID  PPID  S      CPU  %CPU   MEM  NAME
    0   0     0  S   48.555   11%   32M  compositor
    1   0     0  S    0.903    0%    8M  soundd
    1   1     0  S    0.004    0%    8M  soundd-ctrl (thread)
    3   0     0  S    0.000    0%    4M  filepicker
    4   0     0  Z    0.171    0%    0B  terminal
   17   0     0  R    0.396    0%   18M  terminal
   18   0    17  S    0.429    0%    6M  shell
   40   0    18  R    0.000    0%    4M  ps
[kernel 417.605 cpu0] heartbeat: t=417.605s alive=8/8 mask=0xff ran=35 gap=0.250s
[kernel 417.605 cpu0] i8042: line status=0x1c irqs=7328 bytes=7328 kbd gsi=1 rte=0x0000000000000024 aux gsi=12 rte=0x0000000000000024
compositor: frames=14 rects=14 damage_px=1253888 damage_px_max=616192 composite_us_min=4 composite_us_max=1400 composite_us_total=2873 scanout_wr_bytes=5015552 scanout_blits=14 back_rd_bytes=75768 cursor=0 windows=1
[kernel 417.866 cpu3] heartbeat: t=417.866s alive=8/8 mask=0xff ran=15 gap=0.261s
[kernel 417.866 cpu3] i8042: line status=0x1c irqs=7329 bytes=7329 kbd gsi=1 rte=0x0000000000000024 aux gsi=12 rte=0x0000000000000024
[kernel 418.129 cpu3] heartbeat: t=418.129s alive=8/8 mask=0xff ran=13 gap=0.263s
[kernel 418.129 cpu3] i8042: line status=0x1c irqs=7329 bytes=7329 kbd gsi=1 rte=0x0000000000000024 aux gsi=12 rte=0x0000000000000024
[kernel 418.379 cpu3] heartbeat: t=418.379s alive=8/8 mask=0xff ran=13 gap=0.250s
[kernel 418.379 cpu3] i8042: line status=0x1c irqs=7329 bytes=7329 kbd gsi=1 rte=0x0000000000000024 aux gsi=12 rte=0x0000000000000024
[kernel 418.639 cpu3] heartbeat: t=418.639s alive=8/8 mask=0xff ran=13 gap=0.260s
[kernel 418.639 cpu3] i8042: line status=0x1c irqs=7329 bytes=7329 kbd gsi=1 rte=0x0000000000000024 aux gsi=12 rte=0x0000000000000024
[kernel 418.896 cpu4] heartbeat: t=418.896s alive=8/8 mask=0xff ran=14 gap=0.257s
[kernel 418.896 cpu4] i8042: line status=0x1c irqs=7329 bytes=7329 kbd gsi=1 rte=0x0000000000000024 aux gsi=12 rte=0x0000000000000024
[kernel 419.155 cpu3] heartbeat: t=419.155s alive=8/8 mask=0xff ran=15 gap=0.258s
[kernel 419.155 cpu3] i8042: line status=0x1c irqs=7329 bytes=7329 kbd gsi=1 rte=0x0000000000000024 aux gsi=12 rte=0x0000000000000024
[kernel 419.408 cpu3] heartbeat: t=419.408s alive=8/8 mask=0xff ran=13 gap=0.253s
[kernel 419.408 cpu3] i8042: line status=0x1c irqs=7329 bytes=7329 kbd gsi=1 rte=0x0000000000000024 aux gsi=12 rte=0x0000000000000024
[kernel 419.664 cpu3] heartbeat: t=419.664s alive=8/8 mask=0xff ran=14 gap=0.256s
[kernel 419.664 cpu3] i8042: line status=0x1c irqs=7329 bytes=7329 kbd gsi=1 rte=0x0000000000000024 aux gsi=12 rte=0x0000000000000024
compositor: frames=2 rects=2 damage_px=18944 damage_px_max=9472 composite_us_min=62 composite_us_max=62 composite_us_total=124 scanout_wr_bytes=75776 scanout_blits=2 back_rd_bytes=75768 cursor=0 windows=1
[kernel 419.929 cpu3] heartbeat: t=419.929s alive=8/8 mask=0xff ran=14 gap=0.265s
[kernel 419.929 cpu3] i8042: line status=0x1c irqs=7329 bytes=7329 kbd gsi=1 rte=0x0000000000000024 aux gsi=12 rte=0x0000000000000024
[kernel 420.187 cpu3] heartbeat: t=420.187s alive=8/8 mask=0xff ran=28 gap=0.257s
[kernel 420.187 cpu3] i8042: line status=0x1c irqs=7333 bytes=7333 kbd gsi=1 rte=0x0000000000000024 aux gsi=12 rte=0x0000000000000024
[kernel 420.214 cpu5 tid=0] ELF: 3554 relocations indexed (RELATIVE + GLOB_DAT + TPOFF)
[kernel 420.214 cpu5 tid=0] spawn: TLS 1 modules, total_memsz=144
[kernel 420.214 cpu5 tid=0] spawn: /bin/ps pid=41 tid=0 base=0x10000000000 entry=0x1000002d4f4 cr3=0x1ef2000 symbols=2048KiB (layout=0ms relocs=0ms deps=0ms tls=0ms total=1ms)
/home/root> ps
[kernel 420.227 cpu6 tid=0] syscalls: pid=41 total=16 syscall_wall=0ms 0=9 6=1 45=1 63=1
[kernel 420.227 cpu6 tid=0] memory: pid=41 peak=2MB allocs=2 frees=0
[kernel 420.227 cpu6 tid=0] exit: ps pid=41 code=0 cpu=0ms
  PID TID  PPID  S      CPU  %CPU   MEM  NAME
    0   0     0  S   48.562   11%   32M  compositor
    1   0     0  S    0.903    0%    8M  soundd
    1   1     0  S    0.004    0%    8M  soundd-ctrl (thread)
    3   0     0  S    0.000    0%    4M  filepicker
    4   0     0  Z    0.171    0%    0B  terminal
   17   0     0  S    0.410    0%   18M  terminal
   18   0    17  S    0.430    0%    6M  shell
   41   0    18  R    0.000    0%    4M  ps
[kernel 420.439 cpu2] heartbeat: t=420.439s alive=8/8 mask=0xff ran=24 gap=0.251s
[kernel 420.439 cpu2] i8042: line status=0x1c irqs=7335 bytes=7335 kbd gsi=1 rte=0x0000000000000024 aux gsi=12 rte=0x0000000000000024
[kernel 420.679 cpu5 tid=0] ELF: 3554 relocations indexed (RELATIVE + GLOB_DAT + TPOFF)
[kernel 420.679 cpu5 tid=0] spawn: TLS 1 modules, total_memsz=144
[kernel 420.679 cpu5 tid=0] spawn: /bin/ps pid=42 tid=0 base=0x10000000000 entry=0x1000002d4f4 cr3=0x1ef3000 symbols=2048KiB (layout=0ms relocs=0ms deps=0ms tls=0ms total=1ms)
/home/root> ps
[kernel 420.689 cpu4] heartbeat: t=420.689s alive=8/8 mask=0xff ran=34 gap=0.250s
[kernel 420.689 cpu4] i8042: line status=0x1c irqs=7340 bytes=7340 kbd gsi=1 rte=0x0000000000000024 aux gsi=12 rte=0x0000000000000024
[kernel 420.732 cpu7 tid=0] syscalls: pid=42 total=16 syscall_wall=0ms 0=9 6=1 45=1 63=1
[kernel 420.732 cpu7 tid=0] memory: pid=42 peak=2MB allocs=2 frees=0
[kernel 420.732 cpu7 tid=0] exit: ps pid=42 code=0 cpu=0ms
  PID TID  PPID  S      CPU  %CPU   MEM  NAME
    0   0     0  S   48.567   11%   32M  compositor
    1   0     0  S    0.903    0%    8M  soundd
    1   1     0  S    0.004    0%    8M  soundd-ctrl (thread)
    3   0     0  S    0.000    0%    4M  filepicker
    4   0     0  Z    0.171    0%    0B  terminal
   17   0     0  S    0.427    0%   20M  terminal
   18   0    17  S    0.432    0%    6M  shell
   42   0    18  R    0.000    0%    4M  ps
[kernel 420.946 cpu0] heartbeat: t=420.946s alive=8/8 mask=0xff ran=20 gap=0.257s
[kernel 420.946 cpu0] i8042: line status=0x1c irqs=7342 bytes=7341 kbd gsi=1 rte=0x0000000000000024 aux gsi=12 rte=0x0000000000000024
[kernel 421.137 cpu5 tid=0] ELF: 3554 relocations indexed (RELATIVE + GLOB_DAT + TPOFF)
[kernel 421.137 cpu5 tid=0] spawn: TLS 1 modules, total_memsz=144
[kernel 421.138 cpu5 tid=0] spawn: /bin/ps pid=43 tid=0 base=0x10000000000 entry=0x1000002d4f4 cr3=0x1ef3000 symbols=2048KiB (layout=0ms relocs=0ms deps=0ms tls=0ms total=1ms)
/home/root> ps
[kernel 421.175 cpu0 tid=0] syscalls: pid=43 total=16 syscall_wall=0ms 0=9 6=1 45=1 63=1
[kernel 421.175 cpu0 tid=0] memory: pid=43 peak=2MB allocs=2 frees=0
[kernel 421.175 cpu0 tid=0] exit: ps pid=43 code=0 cpu=0ms
  PID TID  PPID  S      CPU  %CPU   MEM  NAME
    0   0     0  S   48.570   11%   32M  compositor
    1   0     0  S    0.903    0%    8M  soundd
    1   1     0  S    0.004    0%    8M  soundd-ctrl (thread)
    3   0     0  S    0.000    0%    4M  filepicker
    4   0     0  Z    0.171    0%    0B  terminal
   17   0     0  S    0.439    0%   20M  terminal
   18   0    17  S    0.434    0%    6M  shell
   43   0    18  R    0.000    0%    4M  ps
[kernel 421.196 cpu6] heartbeat: t=421.196s alive=8/8 mask=0xff ran=34 gap=0.250s
[kernel 421.196 cpu6] i8042: line status=0x1c irqs=7346 bytes=7346 kbd gsi=1 rte=0x0000000000000024 aux gsi=12 rte=0x0000000000000024
[kernel 421.397 cpu2] PMM: 188/15962MB used (7887 pages free)
[kernel 421.397 cpu2]   kernel-heap  alloc=     6 free=     0 held=     6 (12MB) rate=0/s
[kernel 421.397 cpu2]   demand-page  alloc=    50 free=    44 held=     6 (12MB) rate=0/s
[kernel 421.397 cpu2]   mmap         alloc=   249 free=   220 held=    29 (58MB) rate=0/s
[kernel 421.397 cpu2]   shared-mem   alloc=    41 free=    32 held=     9 (18MB) rate=0/s
[kernel 421.397 cpu2]   pipe         alloc=    50 free=    44 held=     6 (12MB) rate=0/s
[kernel 421.397 cpu2]   elf          alloc=    48 free=    43 held=     5 (10MB) rate=0/s
[kernel 421.397 cpu2]   dma          alloc=     6 free=     0 held=     6 (12MB) rate=0/s
[kernel 421.397 cpu2]   framebuffer  alloc=     1 free=     0 held=     1 (2MB) rate=0/s
[kernel 421.397 cpu2]   stack        alloc=   176 free=   156 held=    20 (40MB) rate=1/s
[kernel 421.397 cpu2]   init-tls     alloc=    57 free=    51 held=     6 (12MB) rate=0/s
[kernel 421.450 cpu3] heartbeat: t=421.450s alive=8/8 mask=0xff ran=18 gap=0.253s
[kernel 421.450 cpu3] i8042: line status=0x1c irqs=7347 bytes=7347 kbd gsi=1 rte=0x0000000000000024 aux gsi=12 rte=0x0000000000000024
[kernel 421.711 cpu0] heartbeat: t=421.711s alive=8/8 mask=0xff ran=12 gap=0.261s
[kernel 421.711 cpu0] i8042: line status=0x1c irqs=7347 bytes=7347 kbd gsi=1 rte=0x0000000000000024 aux gsi=12 rte=0x0000000000000024
compositor: frames=16 rects=16 damage_px=4928768 damage_px_max=616192 composite_us_min=4 composite_us_max=1554 composite_us_total=10847 scanout_wr_bytes=19715072 scanout_blits=16 back_rd_bytes=75768 cursor=0 windows=1
[kernel 421.878 cpu3] sched: cpu=3 ready=0 parked=2 current=None
[kernel 421.879 cpu0] sched: cpu=0 ready=0 parked=1 current=None
[kernel 421.961 cpu0] heartbeat: t=421.961s alive=8/8 mask=0xff ran=13 gap=0.250s
[kernel 421.961 cpu0] i8042: line status=0x1c irqs=7347 bytes=7347 kbd gsi=1 rte=0x0000000000000024 aux gsi=12 rte=0x0000000000000024
[kernel 422.225 cpu4] heartbeat: t=422.225s alive=8/8 mask=0xff ran=15 gap=0.264s
[kernel 422.225 cpu4] i8042: line status=0x1c irqs=7347 bytes=7347 kbd gsi=1 rte=0x0000000000000024 aux gsi=12 rte=0x0000000000000024
[kernel 422.477 cpu3] heartbeat: t=422.477s alive=8/8 mask=0xff ran=13 gap=0.251s
[kernel 422.477 cpu3] i8042: line status=0x1c irqs=7347 bytes=7347 kbd gsi=1 rte=0x0000000000000024 aux gsi=12 rte=0x0000000000000024
[kernel 422.737 cpu3] heartbeat: t=422.737s alive=8/8 mask=0xff ran=13 gap=0.260s
[kernel 422.737 cpu3] i8042: line status=0x1c irqs=7347 bytes=7347 kbd gsi=1 rte=0x0000000000000024 aux gsi=12 rte=0x0000000000000024
[kernel 422.974 cpu5] sched: cpu=5 ready=0 parked=1 current=None
[kernel 422.987 cpu0] heartbeat: t=422.987s alive=8/8 mask=0xff ran=13 gap=0.250s
[kernel 422.987 cpu0] i8042: line status=0x1c irqs=7347 bytes=7347 kbd gsi=1 rte=0x0000000000000024 aux gsi=12 rte=0x0000000000000024
[kernel 423.074 cpu4] sched: cpu=4 ready=0 parked=2 current=None
[kernel 423.174 cpu2] sched: cpu=2 ready=0 parked=0 current=None
[kernel 423.226 cpu1] sched: cpu=1 ready=0 parked=0 current=None
[kernel 423.237 cpu0] heartbeat: t=423.237s alive=8/8 mask=0xff ran=15 gap=0.250s
[kernel 423.237 cpu0] i8042: line status=0x1c irqs=7347 bytes=7347 kbd gsi=1 rte=0x0000000000000024 aux gsi=12 rte=0x0000000000000024
[kernel 423.302 cpu7] sched: cpu=7 ready=0 parked=0 current=None
[kernel 423.426 cpu6] sched: cpu=6 ready=0 parked=0 current=None
[kernel 423.498 cpu3] heartbeat: t=423.498s alive=8/8 mask=0xff ran=15 gap=0.260s
[kernel 423.498 cpu3] i8042: line status=0x1c irqs=7347 bytes=7347 kbd gsi=1 rte=0x0000000000000024 aux gsi=12 rte=0x0000000000000024
compositor: frames=2 rects=2 damage_px=18944 damage_px_max=9472 composite_us_min=58 composite_us_max=67 composite_us_total=126 scanout_wr_bytes=75776 scanout_blits=2 back_rd_bytes=75768 cursor=0 windows=1
[kernel 423.748 cpu0] heartbeat: t=423.748s alive=8/8 mask=0xff ran=14 gap=0.250s
[kernel 423.748 cpu0] i8042: line status=0x1c irqs=7347 bytes=7347 kbd gsi=1 rte=0x0000000000000024 aux gsi=12 rte=0x0000000000000024
[kernel 424.004 cpu3] heartbeat: t=424.004s alive=8/8 mask=0xff ran=15 gap=0.255s
[kernel 424.004 cpu3] i8042: line status=0x1c irqs=7347 bytes=7347 kbd gsi=1 rte=0x0000000000000024 aux gsi=12 rte=0x0000000000000024
[kernel 424.258 cpu6] heartbeat: t=424.258s alive=8/8 mask=0xff ran=15 gap=0.254s
[kernel 424.258 cpu6] i8042: line status=0x1c irqs=7347 bytes=7347 kbd gsi=1 rte=0x0000000000000024 aux gsi=12 rte=0x0000000000000024
[kernel 424.512 cpu2] heartbeat: t=424.512s alive=8/8 mask=0xff ran=15 gap=0.253s
[kernel 424.512 cpu2] i8042: line status=0x1c irqs=7347 bytes=7347 kbd gsi=1 rte=0x0000000000000024 aux gsi=12 rte=0x0000000000000024
[kernel 424.737 cpu3] i8042: 7347 interrupts, 7347 bytes, 1450 keys, 1797 motion, 90 undecoded, 0 discarded, 0 overruns, 0 dropped, 0 lost edges — last byte at 421233ms
[kernel 424.770 cpu6] heartbeat: t=424.770s alive=8/8 mask=0xff ran=15 gap=0.258s
[kernel 424.770 cpu6] i8042: line status=0x1c irqs=7347 bytes=7347 kbd gsi=1 rte=0x0000000000000024 aux gsi=12 rte=0x0000000000000024
[kernel 425.021 cpu3] heartbeat: t=425.021s alive=8/8 mask=0xff ran=15 gap=0.250s
[kernel 425.021 cpu3] i8042: line status=0x1c irqs=7347 bytes=7347 kbd gsi=1 rte=0x0000000000000024 aux gsi=12 rte=0x0000000000000024
[kernel 425.274 cpu4] heartbeat: t=425.274s alive=8/8 mask=0xff ran=12 gap=0.253s
[kernel 425.274 cpu4] i8042: line status=0x1c irqs=7347 bytes=7347 kbd gsi=1 rte=0x0000000000000024 aux gsi=12 rte=0x0000000000000024
[kernel 425.524 cpu7] heartbeat: t=425.524s alive=8/8 mask=0xff ran=15 gap=0.250s
[kernel 425.525 cpu7] i8042: line status=0x1c irqs=7347 bytes=7347 kbd gsi=1 rte=0x0000000000000024 aux gsi=12 rte=0x0000000000000024
compositor: frames=2 rects=2 damage_px=18944 damage_px_max=9472 composite_us_min=58 composite_us_max=72 composite_us_total=130 scanout_wr_bytes=75776 scanout_blits=2 back_rd_bytes=75768 cursor=0 windows=1
[kernel 425.774 cpu0] heartbeat: t=425.774s alive=8/8 mask=0xff ran=14 gap=0.250s
[kernel 425.775 cpu0] i8042: line status=0x1c irqs=7347 bytes=7347 kbd gsi=1 rte=0x0000000000000024 aux gsi=12 rte=0x0000000000000024
[kernel 426.030 cpu3] heartbeat: t=426.030s alive=8/8 mask=0xff ran=14 gap=0.255s
[kernel 426.030 cpu3] i8042: line status=0x1c irqs=7347 bytes=7347 kbd gsi=1 rte=0x0000000000000024 aux gsi=12 rte=0x0000000000000024
[kernel 426.283 cpu3] heartbeat: t=426.283s alive=8/8 mask=0xff ran=13 gap=0.253s
[kernel 426.283 cpu3] i8042: line status=0x1c irqs=7347 bytes=7347 kbd gsi=1 rte=0x0000000000000024 aux gsi=12 rte=0x0000000000000024
[kernel 426.538 cpu0] heartbeat: t=426.538s alive=8/8 mask=0xff ran=28 gap=0.254s
[kernel 426.538 cpu0] i8042: line status=0x1c irqs=7352 bytes=7351 kbd gsi=1 rte=0x0000000000000024 aux gsi=12 rte=0x0000000000000024
[kernel 426.793 cpu0] heartbeat: t=426.793s alive=8/8 mask=0xff ran=29 gap=0.254s
[kernel 426.793 cpu0] i8042: line status=0x1c irqs=7355 bytes=7355 kbd gsi=1 rte=0x0000000000000024 aux gsi=12 rte=0x0000000000000024
[kernel 427.044 cpu7] heartbeat: t=427.044s alive=8/8 mask=0xff ran=34 gap=0.251s
[kernel 427.044 cpu7] i8042: line status=0x1c irqs=7360 bytes=7360 kbd gsi=1 rte=0x0000000000000024 aux gsi=12 rte=0x0000000000000024
[kernel 427.302 cpu3] heartbeat: t=427.302s alive=8/8 mask=0xff ran=24 gap=0.257s
[kernel 427.302 cpu3] i8042: line status=0x1c irqs=7363 bytes=7363 kbd gsi=1 rte=0x0000000000000024 aux gsi=12 rte=0x0000000000000024
[kernel 427.554 cpu1] heartbeat: t=427.554s alive=8/8 mask=0xff ran=14 gap=0.252s
[kernel 427.554 cpu1] i8042: line status=0x1c irqs=7363 bytes=7363 kbd gsi=1 rte=0x0000000000000024 aux gsi=12 rte=0x0000000000000024
compositor: frames=10 rects=10 damage_px=20992 damage_px_max=9472 composite_us_min=4 composite_us_max=67 composite_us_total=181 scanout_wr_bytes=83968 scanout_blits=10 back_rd_bytes=75768 cursor=0 windows=1
[kernel 427.806 cpu3] heartbeat: t=427.806s alive=8/8 mask=0xff ran=14 gap=0.252s
[kernel 427.806 cpu3] i8042: line status=0x1c irqs=7363 bytes=7363 kbd gsi=1 rte=0x0000000000000024 aux gsi=12 rte=0x0000000000000024
[kernel 428.065 cpu5] heartbeat: t=428.065s alive=8/8 mask=0xff ran=14 gap=0.259s
[kernel 428.065 cpu5] i8042: line status=0x1c irqs=7363 bytes=7363 kbd gsi=1 rte=0x0000000000000024 aux gsi=12 rte=0x0000000000000024
[kernel 428.318 cpu3] heartbeat: t=428.318s alive=8/8 mask=0xff ran=15 gap=0.252s
[kernel 428.318 cpu3] i8042: line status=0x1c irqs=7363 bytes=7363 kbd gsi=1 rte=0x0000000000000024 aux gsi=12 rte=0x0000000000000024
[kernel 428.570 cpu7] heartbeat: t=428.570s alive=8/8 mask=0xff ran=15 gap=0.252s
[kernel 428.570 cpu7] i8042: line status=0x1c irqs=7363 bytes=7363 kbd gsi=1 rte=0x0000000000000024 aux gsi=12 rte=0x0000000000000024
[kernel 428.822 cpu6] heartbeat: t=428.822s alive=8/8 mask=0xff ran=15 gap=0.251s
[kernel 428.822 cpu6] i8042: line status=0x1c irqs=7363 bytes=7363 kbd gsi=1 rte=0x0000000000000024 aux gsi=12 rte=0x0000000000000024
[kernel 429.077 cpu1] heartbeat: t=429.077s alive=8/8 mask=0xff ran=15 gap=0.254s
[kernel 429.077 cpu1] i8042: line status=0x1c irqs=7363 bytes=7363 kbd gsi=1 rte=0x0000000000000024 aux gsi=12 rte=0x0000000000000024
[kernel 429.332 cpu3] heartbeat: t=429.332s alive=8/8 mask=0xff ran=15 gap=0.254s
[kernel 429.332 cpu3] i8042: line status=0x1c irqs=7363 bytes=7363 kbd gsi=1 rte=0x0000000000000024 aux gsi=12 rte=0x0000000000000024
[kernel 429.583 cpu1] heartbeat: t=429.583s alive=8/8 mask=0xff ran=12 gap=0.251s
[kernel 429.583 cpu1] i8042: line status=0x1c irqs=7363 bytes=7363 kbd gsi=1 rte=0x0000000000000024 aux gsi=12 rte=0x0000000000000024
compositor: frames=2 rects=2 damage_px=18944 damage_px_max=9472 composite_us_min=66 composite_us_max=66 composite_us_total=132 scanout_wr_bytes=75776 scanout_blits=2 back_rd_bytes=75768 cursor=0 windows=1
[kernel 429.833 cpu0] heartbeat: t=429.833s alive=8/8 mask=0xff ran=11 gap=0.250s
[kernel 429.833 cpu0] i8042: line status=0x1c irqs=7363 bytes=7363 kbd gsi=1 rte=0x0000000000000024 aux gsi=12 rte=0x0000000000000024
[kernel 430.097 cpu0] heartbeat: t=430.097s alive=8/8 mask=0xff ran=15 gap=0.264s
[kernel 430.097 cpu0] i8042: line status=0x1c irqs=7363 bytes=7363 kbd gsi=1 rte=0x0000000000000024 aux gsi=12 rte=0x0000000000000024
[kernel 430.349 cpu6] heartbeat: t=430.349s alive=8/8 mask=0xff ran=15 gap=0.251s
[kernel 430.349 cpu6] i8042: line status=0x1c irqs=7363 bytes=7363 kbd gsi=1 rte=0x0000000000000024 aux gsi=12 rte=0x0000000000000024
[kernel 430.600 cpu3] heartbeat: t=430.600s alive=8/8 mask=0xff ran=15 gap=0.251s
[kernel 430.600 cpu3] i8042: line status=0x1c irqs=7363 bytes=7363 kbd gsi=1 rte=0x0000000000000024 aux gsi=12 rte=0x0000000000000024
[kernel 430.860 cpu3] heartbeat: t=430.860s alive=8/8 mask=0xff ran=13 gap=0.260s
[kernel 430.860 cpu3] i8042: line status=0x1c irqs=7363 bytes=7363 kbd gsi=1 rte=0x0000000000000024 aux gsi=12 rte=0x0000000000000024
[kernel 431.117 cpu3] heartbeat: t=431.117s alive=8/8 mask=0xff ran=13 gap=0.256s
[kernel 431.117 cpu3] i8042: line status=0x1c irqs=7363 bytes=7363 kbd gsi=1 rte=0x0000000000000024 aux gsi=12 rte=0x0000000000000024
[kernel 431.380 cpu3] heartbeat: t=431.380s alive=8/8 mask=0xff ran=14 gap=0.263s
[kernel 431.380 cpu3] i8042: line status=0x1c irqs=7363 bytes=7363 kbd gsi=1 rte=0x0000000000000024 aux gsi=12 rte=0x0000000000000024
[kernel 431.397 cpu0] PMM: 188/15962MB used (7887 pages free)
[kernel 431.397 cpu0]   kernel-heap  alloc=     6 free=     0 held=     6 (12MB) rate=0/s
[kernel 431.397 cpu0]   demand-page  alloc=    50 free=    44 held=     6 (12MB) rate=0/s
[kernel 431.397 cpu0]   mmap         alloc=   249 free=   220 held=    29 (58MB) rate=0/s
[kernel 431.397 cpu0]   shared-mem   alloc=    41 free=    32 held=     9 (18MB) rate=0/s
[kernel 431.397 cpu0]   pipe         alloc=    50 free=    44 held=     6 (12MB) rate=0/s
[kernel 431.397 cpu0]   elf          alloc=    48 free=    43 held=     5 (10MB) rate=0/s
[kernel 431.397 cpu0]   dma          alloc=     6 free=     0 held=     6 (12MB) rate=0/s
[kernel 431.397 cpu0]   framebuffer  alloc=     1 free=     0 held=     1 (2MB) rate=0/s
[kernel 431.397 cpu0]   stack        alloc=   176 free=   156 held=    20 (40MB) rate=0/s
[kernel 431.397 cpu0]   init-tls     alloc=    57 free=    51 held=     6 (12MB) rate=0/s
[kernel 431.633 cpu3] heartbeat: t=431.633s alive=8/8 mask=0xff ran=13 gap=0.253s
[kernel 431.633 cpu3] i8042: line status=0x1c irqs=7363 bytes=7363 kbd gsi=1 rte=0x0000000000000024 aux gsi=12 rte=0x0000000000000024
compositor: frames=2 rects=2 damage_px=18944 damage_px_max=9472 composite_us_min=68 composite_us_max=68 composite_us_total=136 scanout_wr_bytes=75776 scanout_blits=2 back_rd_bytes=75768 cursor=0 windows=1
[kernel 431.883 cpu3] sched: cpu=3 ready=0 parked=2 current=None
[kernel 431.883 cpu0] sched: cpu=0 ready=0 parked=1 current=None
[kernel 431.883 cpu0] heartbeat: t=431.883s alive=8/8 mask=0xff ran=14 gap=0.250s
[kernel 431.883 cpu0] i8042: line status=0x1c irqs=7363 bytes=7363 kbd gsi=1 rte=0x0000000000000024 aux gsi=12 rte=0x0000000000000024
[kernel 432.138 cpu3] heartbeat: t=432.138s alive=8/8 mask=0xff ran=14 gap=0.255s
[kernel 432.138 cpu3] i8042: line status=0x1c irqs=7363 bytes=7363 kbd gsi=1 rte=0x0000000000000024 aux gsi=12 rte=0x0000000000000024
[kernel 432.395 cpu3] heartbeat: t=432.395s alive=8/8 mask=0xff ran=15 gap=0.256s
[kernel 432.395 cpu3] i8042: line status=0x1c irqs=7363 bytes=7363 kbd gsi=1 rte=0x0000000000000024 aux gsi=12 rte=0x0000000000000024
[kernel 432.649 cpu4] heartbeat: t=432.649s alive=8/8 mask=0xff ran=12 gap=0.254s
[kernel 432.649 cpu4] i8042: line status=0x1c irqs=7363 bytes=7363 kbd gsi=1 rte=0x0000000000000024 aux gsi=12 rte=0x0000000000000024
[kernel 432.820 cpu5 tid=0] ELF: 3554 relocations indexed (RELATIVE + GLOB_DAT + TPOFF)
[kernel 432.820 cpu5 tid=0] spawn: TLS 1 modules, total_memsz=144
[kernel 432.820 cpu5 tid=0] spawn: /bin/shutdown pid=44 tid=0 base=0x10000000000 entry=0x1000002d4f4 cr3=0x1f37000 symbols=2048KiB (layout=0ms relocs=0ms deps=0ms tls=0ms total=1ms)
/home/root> shutdown
[kernel 432.863 cpu1 tid=0] Syncing filesystems...
[kernel 432.899 cpu3] heartbeat: t=432.899s alive=8/8 mask=0xff ran=21 gap=0.250s
[kernel 432.899 cpu3] i8042: line status=0x1c irqs=7364 bytes=7364 kbd gsi=1 rte=0x0000000000000024 aux gsi=12 rte=0x0000000000000024
[kernel 432.911 cpu1 tid=0] Shutting down.
